identifier,title,date,year,creator,mediatype,item_url,metadata_url
cochwy-Solid_Waste_Director_Dennis_Pino_talks_about_curb-side_recycling,Solid Waste Director Dennis Pino talks about curb-side recycling,2012-10-16T00:00:00Z,2012,Cheyenne,movies,https://archive.org/details/cochwy-Solid_Waste_Director_Dennis_Pino_talks_about_curb-side_recycling,https://archive.org/metadata/cochwy-Solid_Waste_Director_Dennis_Pino_talks_about_curb-side_recycling
cochwy-Cheyenne_Fire_Rescue_Offers_These_Halloween_Safety_Tips,Cheyenne Fire & Rescue Offers These Halloween Safety Tips,2012-10-22T00:00:00Z,2012,Cheyenne,movies,https://archive.org/details/cochwy-Cheyenne_Fire_Rescue_Offers_These_Halloween_Safety_Tips,https://archive.org/metadata/cochwy-Cheyenne_Fire_Rescue_Offers_These_Halloween_Safety_Tips
cochwy-City_Of_Cheyenne_Fifth_Penny_Tax,City Of Cheyenne Fifth Penny Tax,2012-10-22T00:00:00Z,2012,Cheyenne,movies,https://archive.org/details/cochwy-City_Of_Cheyenne_Fifth_Penny_Tax,https://archive.org/metadata/cochwy-City_Of_Cheyenne_Fifth_Penny_Tax
cochwy-Holiday_Turkey_Fryer_Safety_Video,Holiday Turkey Fryer Safety Video,2012-11-16T00:00:00Z,2012,Cheyenne,movies,https://archive.org/details/cochwy-Holiday_Turkey_Fryer_Safety_Video,https://archive.org/metadata/cochwy-Holiday_Turkey_Fryer_Safety_Video
cochwy-AFire_Stafety_Home_Heating,AFire Stafety Home Heating,2013-10-04T00:00:00Z,2013,Cheyenne,movies,https://archive.org/details/cochwy-AFire_Stafety_Home_Heating,https://archive.org/metadata/cochwy-AFire_Stafety_Home_Heating
cochwy-Cheyenne_Wyo._Fire_Rescue_-_Microwave_Safety,Cheyenne (Wyo.) Fire & Rescue: Microwave Safety,2013-10-04T00:00:00Z,2013,Cheyenne,movies,https://archive.org/details/cochwy-Cheyenne_Wyo._Fire_Rescue_-_Microwave_Safety,https://archive.org/metadata/cochwy-Cheyenne_Wyo._Fire_Rescue_-_Microwave_Safety
cochwy-Cheyenne_Wyo._Fire_Rescue_-_Fire_Safety_Escape_Plan,Cheyenne (Wyo.) Fire & Rescue: Fire Safety Escape Plan,2013-10-04T00:00:00Z,2013,Cheyenne,movies,https://archive.org/details/cochwy-Cheyenne_Wyo._Fire_Rescue_-_Fire_Safety_Escape_Plan,https://archive.org/metadata/cochwy-Cheyenne_Wyo._Fire_Rescue_-_Fire_Safety_Escape_Plan
cochwy-Cheyenne_Wyo._Fire_Rescue_-_Kitchen_Safety,Cheyenne (Wyo.) Fire & Rescue: Kitchen Safety,2013-10-04T00:00:00Z,2013,Cheyenne,movies,https://archive.org/details/cochwy-Cheyenne_Wyo._Fire_Rescue_-_Kitchen_Safety,https://archive.org/metadata/cochwy-Cheyenne_Wyo._Fire_Rescue_-_Kitchen_Safety
cochwy-Fire_Safety_Smoke_Alarms,Fire Safety Smoke Alarms,2013-10-23T00:00:00Z,2013,Cheyenne,movies,https://archive.org/details/cochwy-Fire_Safety_Smoke_Alarms,https://archive.org/metadata/cochwy-Fire_Safety_Smoke_Alarms
cochwy-Cheyenne_Wyo_Fire_Rescue_Presents_Vehicle_Safety_Kit,Cheyenne (Wyo) Fire & Rescue Presents Vehicle Safety Kit,2013-11-22T00:00:00Z,2013,Cheyenne,movies,https://archive.org/details/cochwy-Cheyenne_Wyo_Fire_Rescue_Presents_Vehicle_Safety_Kit,https://archive.org/metadata/cochwy-Cheyenne_Wyo_Fire_Rescue_Presents_Vehicle_Safety_Kit
cochwy-Learn_How_To_Drive_Cheyenne_s_Wyo_Two_Lane_Roundabout,Learn How To Drive Cheyenne's (Wyo) Two Lane Roundabout,2013-12-31T00:00:00Z,2013,Cheyenne,movies,https://archive.org/details/cochwy-Learn_How_To_Drive_Cheyenne_s_Wyo_Two_Lane_Roundabout,https://archive.org/metadata/cochwy-Learn_How_To_Drive_Cheyenne_s_Wyo_Two_Lane_Roundabout
cochwy-How_To_Plant_A_Tree_In_Cheyenne_Wyo.,"How To Plant A Tree In Cheyenne, Wyo.",2014-06-12T00:00:00Z,2014,Cheyenne,movies,https://archive.org/details/cochwy-How_To_Plant_A_Tree_In_Cheyenne_Wyo.,https://archive.org/metadata/cochwy-How_To_Plant_A_Tree_In_Cheyenne_Wyo.
cochwy-How_to_Plant_A_Shrub_Cheyenne_Wyo.,"How to Plant A Shrub (Cheyenne, Wyo.)",2014-06-26T00:00:00Z,2014,Cheyenne,movies,https://archive.org/details/cochwy-How_to_Plant_A_Shrub_Cheyenne_Wyo.,https://archive.org/metadata/cochwy-How_to_Plant_A_Shrub_Cheyenne_Wyo.
cochwy-Lawn_Trimmer_Safety_2014,Lawn Trimmer Safety 2014,2014-06-26T00:00:00Z,2014,Cheyenne,movies,https://archive.org/details/cochwy-Lawn_Trimmer_Safety_2014,https://archive.org/metadata/cochwy-Lawn_Trimmer_Safety_2014
cochwy-Fourth_of_July_2014,Fourth of July 2014,2014-06-26T00:00:00Z,2014,Cheyenne,movies,https://archive.org/details/cochwy-Fourth_of_July_2014,https://archive.org/metadata/cochwy-Fourth_of_July_2014
cochwy-Mayor_Rick_Kaysen_Accepts_The_Ice_Bucket_Challenge,Mayor Rick Kaysen Accepts The Ice Bucket Challenge,2014-08-29T00:00:00Z,2014,Cheyenne,movies,https://archive.org/details/cochwy-Mayor_Rick_Kaysen_Accepts_The_Ice_Bucket_Challenge,https://archive.org/metadata/cochwy-Mayor_Rick_Kaysen_Accepts_The_Ice_Bucket_Challenge
cochwy-Bill_Gonzales_Talks_About_The_1985_Flood_In_Cheyenne_Wyo,"Bill Gonzales Talks About The 1985 Flood In Cheyenne, Wyo",2015-07-08T00:00:00Z,2015,Cheyenne,movies,https://archive.org/details/cochwy-Bill_Gonzales_Talks_About_The_1985_Flood_In_Cheyenne_Wyo,https://archive.org/metadata/cochwy-Bill_Gonzales_Talks_About_The_1985_Flood_In_Cheyenne_Wyo
cochwy-Tom_Coonts_Talks_About_1985_Flood_In_Cheyenne_Wyo,"Tom Coonts Talks About 1985 Flood In Cheyenne, Wyo",2015-07-09T00:00:00Z,2015,Cheyenne,movies,https://archive.org/details/cochwy-Tom_Coonts_Talks_About_1985_Flood_In_Cheyenne_Wyo,https://archive.org/metadata/cochwy-Tom_Coonts_Talks_About_1985_Flood_In_Cheyenne_Wyo
cochwy-Paul_Munoz_talks_about_the_1985_Flood_in_Cheyenne_Wyo.,"Paul Munoz talks about the 1985 Flood in Cheyenne, Wyo.",2015-07-09T00:00:00Z,2015,Cheyenne,movies,https://archive.org/details/cochwy-Paul_Munoz_talks_about_the_1985_Flood_in_Cheyenne_Wyo.,https://archive.org/metadata/cochwy-Paul_Munoz_talks_about_the_1985_Flood_in_Cheyenne_Wyo.
cochwy-Dennis_Pino_talks_about_the_1985_Flood_in_Cheyenne_Wyo.,"Dennis Pino talks about the 1985 Flood in Cheyenne, Wyo.",2015-07-09T00:00:00Z,2015,Cheyenne,movies,https://archive.org/details/cochwy-Dennis_Pino_talks_about_the_1985_Flood_in_Cheyenne_Wyo.,https://archive.org/metadata/cochwy-Dennis_Pino_talks_about_the_1985_Flood_in_Cheyenne_Wyo.
cochwy-Bill_Obermeier_Talks_About_the_1985_Flood_In_Cheyenne_Wyo.,"Bill Obermeier Talks About the 1985 Flood In Cheyenne, Wyo.",2015-07-09T00:00:00Z,2015,Cheyenne,movies,https://archive.org/details/cochwy-Bill_Obermeier_Talks_About_the_1985_Flood_In_Cheyenne_Wyo.,https://archive.org/metadata/cochwy-Bill_Obermeier_Talks_About_the_1985_Flood_In_Cheyenne_Wyo.
cochwy-Bob_Bradshaw_Talks_About_the_1985_Flood_in_Cheyenne_Wyo.,"Bob Bradshaw Talks About the 1985 Flood in Cheyenne, Wyo.",2015-07-10T00:00:00Z,2015,Cheyenne,movies,https://archive.org/details/cochwy-Bob_Bradshaw_Talks_About_the_1985_Flood_in_Cheyenne_Wyo.,https://archive.org/metadata/cochwy-Bob_Bradshaw_Talks_About_the_1985_Flood_in_Cheyenne_Wyo.
cochwy-Cheyenne_FIre_Chief_James_Martin_talks_about_the_1985_flood_in_Cheyenne_Wyo,"Cheyenne FIre Chief James Martin talks about the 1985 flood in Cheyenne, Wyo",2015-07-10T00:00:00Z,2015,Cheyenne,movies,https://archive.org/details/cochwy-Cheyenne_FIre_Chief_James_Martin_talks_about_the_1985_flood_in_Cheyenne_Wyo,https://archive.org/metadata/cochwy-Cheyenne_FIre_Chief_James_Martin_talks_about_the_1985_flood_in_Cheyenne_Wyo
cochwy-Gary_Stogsdill_from_the_City_of_Cheyenne_Wyo_talks_about_the_1985_Flood,Gary Stogsdill from the City of Cheyenne (Wyo) talks about the 1985 Flood,2015-07-15T00:00:00Z,2015,Cheyenne,movies,https://archive.org/details/cochwy-Gary_Stogsdill_from_the_City_of_Cheyenne_Wyo_talks_about_the_1985_Flood,https://archive.org/metadata/cochwy-Gary_Stogsdill_from_the_City_of_Cheyenne_Wyo_talks_about_the_1985_Flood
cochwy-Cheyenne_Fire_Rescue_-_1931_American_LaFrance_Fire_Truck,Cheyenne Fire & Rescue: 1931 American LaFrance Fire Truck,2015-07-15T00:00:00Z,2015,Cheyenne,movies,https://archive.org/details/cochwy-Cheyenne_Fire_Rescue_-_1931_American_LaFrance_Fire_Truck,https://archive.org/metadata/cochwy-Cheyenne_Fire_Rescue_-_1931_American_LaFrance_Fire_Truck
cochwy-Cheyenne_Botanic_Gardens_Project_Update_Aug_4_2015,"Cheyenne Botanic Gardens Project Update Aug 4, 2015",2015-08-04T00:00:00Z,2015,Cheyenne,movies,https://archive.org/details/cochwy-Cheyenne_Botanic_Gardens_Project_Update_Aug_4_2015,https://archive.org/metadata/cochwy-Cheyenne_Botanic_Gardens_Project_Update_Aug_4_2015
cochwy-The_Meadow_at_the_Belvoir_Ranch_Cheyenne_Wyo.,"The Meadow at the Belvoir Ranch, Cheyenne, Wyo.",2016-05-16T00:00:00Z,2016,Cheyenne,movies,https://archive.org/details/cochwy-The_Meadow_at_the_Belvoir_Ranch_Cheyenne_Wyo.,https://archive.org/metadata/cochwy-The_Meadow_at_the_Belvoir_Ranch_Cheyenne_Wyo.
cochwy-Northern_Edge_of_the_Belvoir_Ranch_Cheyenne_Wyo.,"Northern Edge of the Belvoir Ranch, Cheyenne, Wyo.",2016-05-16T00:00:00Z,2016,Cheyenne,movies,https://archive.org/details/cochwy-Northern_Edge_of_the_Belvoir_Ranch_Cheyenne_Wyo.,https://archive.org/metadata/cochwy-Northern_Edge_of_the_Belvoir_Ranch_Cheyenne_Wyo.
cochwy-Lonetree_Creek_at_the_Belvoir_Ranch_Cheyenne_Wy.,"Lonetree Creek at the Belvoir Ranch, Cheyenne, Wy.",2016-05-16T00:00:00Z,2016,Cheyenne,movies,https://archive.org/details/cochwy-Lonetree_Creek_at_the_Belvoir_Ranch_Cheyenne_Wy.,https://archive.org/metadata/cochwy-Lonetree_Creek_at_the_Belvoir_Ranch_Cheyenne_Wy.
cochwy-South_Side_of_the_Belvoir_Ranch_Cheyenne_Wyo.,"South Side of the Belvoir Ranch, Cheyenne, Wyo.",2016-05-16T00:00:00Z,2016,Cheyenne,movies,https://archive.org/details/cochwy-South_Side_of_the_Belvoir_Ranch_Cheyenne_Wyo.,https://archive.org/metadata/cochwy-South_Side_of_the_Belvoir_Ranch_Cheyenne_Wyo.
cochwy-The_West_Side_of_the_Belvoir_Ranch_Cheyenne_Wyo.,"The West Side of the Belvoir Ranch, Cheyenne, Wyo.",2016-05-16T00:00:00Z,2016,Cheyenne,movies,https://archive.org/details/cochwy-The_West_Side_of_the_Belvoir_Ranch_Cheyenne_Wyo.,https://archive.org/metadata/cochwy-The_West_Side_of_the_Belvoir_Ranch_Cheyenne_Wyo.
cochwy-City_Council_meeting_12_11_17,City Council meeting (12/11/17),2017-12-12T00:00:00Z,2017,Cheyenne,movies,https://archive.org/details/cochwy-City_Council_meeting_12_11_17,https://archive.org/metadata/cochwy-City_Council_meeting_12_11_17
cochwy-City_Council_meeting_12_20_17,City Council meeting (12/20/17),2017-12-21T00:00:00Z,2017,Cheyenne,movies,https://archive.org/details/cochwy-City_Council_meeting_12_20_17,https://archive.org/metadata/cochwy-City_Council_meeting_12_20_17
cochwy-Cheyenne_State_of_the_City_Address,Cheyenne State of the City Address,2018-01-09T00:00:00Z,2018,Cheyenne,movies,https://archive.org/details/cochwy-Cheyenne_State_of_the_City_Address,https://archive.org/metadata/cochwy-Cheyenne_State_of_the_City_Address
cochwy-City_Council_meeting_01_09_18,City Council meeting (01/09/18),2018-01-09T00:00:00Z,2018,Cheyenne,movies,https://archive.org/details/cochwy-City_Council_meeting_01_09_18,https://archive.org/metadata/cochwy-City_Council_meeting_01_09_18
cochwy-City_Council_meeting_1_22_18,City Council meeting (1/22/18),2018-01-23T00:00:00Z,2018,Cheyenne,movies,https://archive.org/details/cochwy-City_Council_meeting_1_22_18,https://archive.org/metadata/cochwy-City_Council_meeting_1_22_18
cochwy-Stop_Teen_Dating_Violence_Week_proclamation_signing,Stop Teen Dating Violence Week proclamation signing,2018-02-08T00:00:00Z,2018,Cheyenne,movies,https://archive.org/details/cochwy-Stop_Teen_Dating_Violence_Week_proclamation_signing,https://archive.org/metadata/cochwy-Stop_Teen_Dating_Violence_Week_proclamation_signing
cochwy-City_Council_Meeting_2_12_18,City Council Meeting (2/12/18),2018-02-13T00:00:00Z,2018,Cheyenne,movies,https://archive.org/details/cochwy-City_Council_Meeting_2_12_18,https://archive.org/metadata/cochwy-City_Council_Meeting_2_12_18
cochwy-City_Engineer_Amy_Allen_Swearing-In_Ceremony,"City Engineer, Amy Allen, Swearing-In Ceremony",2018-02-13T00:00:00Z,2018,Cheyenne,movies,https://archive.org/details/cochwy-City_Engineer_Amy_Allen_Swearing-In_Ceremony,https://archive.org/metadata/cochwy-City_Engineer_Amy_Allen_Swearing-In_Ceremony
cochwy-Bloomberg_Philanthropies_Mayors_Challenge_Announcement,Bloomberg Philanthropies Mayors Challenge Announcement,2018-02-23T00:00:00Z,2018,Cheyenne,movies,https://archive.org/details/cochwy-Bloomberg_Philanthropies_Mayors_Challenge_Announcement,https://archive.org/metadata/cochwy-Bloomberg_Philanthropies_Mayors_Challenge_Announcement
cochwy-City_Council_Meeting_part_1_2_26_18,City Council Meeting part 1 (2/26/18),2018-02-27T00:00:00Z,2018,Cheyenne,movies,https://archive.org/details/cochwy-City_Council_Meeting_part_1_2_26_18,https://archive.org/metadata/cochwy-City_Council_Meeting_part_1_2_26_18
cochwy-City_Council_Meeting_part_2_2_26_18,City Council Meeting part 2 (2/26/18),2018-02-27T00:00:00Z,2018,Cheyenne,movies,https://archive.org/details/cochwy-City_Council_Meeting_part_2_2_26_18,https://archive.org/metadata/cochwy-City_Council_Meeting_part_2_2_26_18
cochwy-City_Council_Meeting_3_12_18,City Council Meeting (3/12/18),2018-03-13T00:00:00Z,2018,Cheyenne,movies,https://archive.org/details/cochwy-City_Council_Meeting_3_12_18,https://archive.org/metadata/cochwy-City_Council_Meeting_3_12_18
cochwy-City_Council_Meeting_3_26_18,City Council Meeting (3/26/18),2018-03-27T00:00:00Z,2018,Cheyenne,movies,https://archive.org/details/cochwy-City_Council_Meeting_3_26_18,https://archive.org/metadata/cochwy-City_Council_Meeting_3_26_18
cochwy-City_Council_Meeting_4_9_18,City Council Meeting (4/9/18),2018-04-10T00:00:00Z,2018,Cheyenne,movies,https://archive.org/details/cochwy-City_Council_Meeting_4_9_18,https://archive.org/metadata/cochwy-City_Council_Meeting_4_9_18
cochwy-Arbor_Day_Celebration,Arbor Day Celebration,2018-04-30T00:00:00Z,2018,Cheyenne,movies,https://archive.org/details/cochwy-Arbor_Day_Celebration,https://archive.org/metadata/cochwy-Arbor_Day_Celebration
cochwy-City_Council_meeting_4_23_18,City Council meeting (4/23/18),2018-05-01T00:00:00Z,2018,Cheyenne,movies,https://archive.org/details/cochwy-City_Council_meeting_4_23_18,https://archive.org/metadata/cochwy-City_Council_meeting_4_23_18
cochwy-City_of_Cheyenne_promo_Modern_Business,City of Cheyenne promo (Modern Business),2018-05-07T00:00:00Z,2018,Cheyenne,movies,https://archive.org/details/cochwy-City_of_Cheyenne_promo_Modern_Business,https://archive.org/metadata/cochwy-City_of_Cheyenne_promo_Modern_Business
cochwy-City_of_Cheyenne_Modern_Business,City of Cheyenne (Modern Business),2018-05-07T00:00:00Z,2018,Cheyenne,movies,https://archive.org/details/cochwy-City_of_Cheyenne_Modern_Business,https://archive.org/metadata/cochwy-City_of_Cheyenne_Modern_Business
cochwy-2018_Street_Improvement_Press_Conference,2018 Street Improvement Press Conference,2018-05-10T00:00:00Z,2018,Cheyenne,movies,https://archive.org/details/cochwy-2018_Street_Improvement_Press_Conference,https://archive.org/metadata/cochwy-2018_Street_Improvement_Press_Conference
cochwy-Cheyenne_Fire_Rescue_talks_about_ladder_safety,Cheyenne Fire Rescue talks about ladder safety,2018-05-14T00:00:00Z,2018,Cheyenne,movies,https://archive.org/details/cochwy-Cheyenne_Fire_Rescue_talks_about_ladder_safety,https://archive.org/metadata/cochwy-Cheyenne_Fire_Rescue_talks_about_ladder_safety
cochwy-City_Council_Meeting_5_14_18,City Council Meeting (5/14/18),2018-05-15T00:00:00Z,2018,Cheyenne,movies,https://archive.org/details/cochwy-City_Council_Meeting_5_14_18,https://archive.org/metadata/cochwy-City_Council_Meeting_5_14_18
cochwy-Grilling_Safety_From_Cheyenne_Fire_Rescue,Grilling Safety From Cheyenne Fire Rescue,2018-05-17T00:00:00Z,2018,Cheyenne,movies,https://archive.org/details/cochwy-Grilling_Safety_From_Cheyenne_Fire_Rescue,https://archive.org/metadata/cochwy-Grilling_Safety_From_Cheyenne_Fire_Rescue
cochwy-Bill_Nation_scrapbooks,Bill Nation scrapbooks,2018-05-18T00:00:00Z,2018,Cheyenne,movies,https://archive.org/details/cochwy-Bill_Nation_scrapbooks,https://archive.org/metadata/cochwy-Bill_Nation_scrapbooks
cochwy-May_Is_Building_Safety_Month_-_Protecting_Communities_From_Disasters,May Is Building Safety Month: Protecting Communities From Disasters,2018-05-18T00:00:00Z,2018,Cheyenne,movies,https://archive.org/details/cochwy-May_Is_Building_Safety_Month_-_Protecting_Communities_From_Disasters,https://archive.org/metadata/cochwy-May_Is_Building_Safety_Month_-_Protecting_Communities_From_Disasters
cochwy-Cheyenne_Fire_Rescue_Talks_About_Lawn_Mower_Safety,Cheyenne Fire Rescue Talks About Lawn Mower Safety,2018-05-22T00:00:00Z,2018,Cheyenne,movies,https://archive.org/details/cochwy-Cheyenne_Fire_Rescue_Talks_About_Lawn_Mower_Safety,https://archive.org/metadata/cochwy-Cheyenne_Fire_Rescue_Talks_About_Lawn_Mower_Safety
cochwy-Fifth_Penny_May_22,Fifth Penny May 22,2018-05-23T00:00:00Z,2018,Cheyenne,movies,https://archive.org/details/cochwy-Fifth_Penny_May_22,https://archive.org/metadata/cochwy-Fifth_Penny_May_22
cochwy-Civic_Center_Commons_groundbreaking_ceremony,Civic Center Commons groundbreaking ceremony,2018-05-24T00:00:00Z,2018,Cheyenne,movies,https://archive.org/details/cochwy-Civic_Center_Commons_groundbreaking_ceremony,https://archive.org/metadata/cochwy-Civic_Center_Commons_groundbreaking_ceremony
cochwy-City_Council_Meeting_5_29_18,City Council Meeting (5/29/18),2018-05-30T00:00:00Z,2018,Cheyenne,movies,https://archive.org/details/cochwy-City_Council_Meeting_5_29_18,https://archive.org/metadata/cochwy-City_Council_Meeting_5_29_18
cochwy-Safety_tips_when_smoking_on_a_deck,Safety tips when smoking on a deck,2018-06-01T00:00:00Z,2018,Cheyenne,movies,https://archive.org/details/cochwy-Safety_tips_when_smoking_on_a_deck,https://archive.org/metadata/cochwy-Safety_tips_when_smoking_on_a_deck
cochwy-Cheyenne_Ice_Events_Center_Bumper_Cars,Cheyenne Ice & Events Center Bumper Cars,2018-06-26T00:00:00Z,2018,Cheyenne,movies,https://archive.org/details/cochwy-Cheyenne_Ice_Events_Center_Bumper_Cars,https://archive.org/metadata/cochwy-Cheyenne_Ice_Events_Center_Bumper_Cars
cochwy-City_Council_Meeting_part_3_6_25_18,City Council Meeting part 3 (6/25/18),2018-07-03T00:00:00Z,2018,Cheyenne,movies,https://archive.org/details/cochwy-City_Council_Meeting_part_3_6_25_18,https://archive.org/metadata/cochwy-City_Council_Meeting_part_3_6_25_18
cochwy-City_Council_Meeting_part_1_6_25_18,City Council Meeting part 1 (6/25/18),2018-07-03T00:00:00Z,2018,Cheyenne,movies,https://archive.org/details/cochwy-City_Council_Meeting_part_1_6_25_18,https://archive.org/metadata/cochwy-City_Council_Meeting_part_1_6_25_18
cochwy-City_Council_Meeting_6_11_18,City Council Meeting (6/11/18),2018-07-03T00:00:00Z,2018,Cheyenne,movies,https://archive.org/details/cochwy-City_Council_Meeting_6_11_18,https://archive.org/metadata/cochwy-City_Council_Meeting_6_11_18
cochwy-City_Council_Meeting_part_2_6_25_18,City Council Meeting part 2 (6/25/18),2018-07-03T00:00:00Z,2018,Cheyenne,movies,https://archive.org/details/cochwy-City_Council_Meeting_part_2_6_25_18,https://archive.org/metadata/cochwy-City_Council_Meeting_part_2_6_25_18
cochwy-Take_a_tour_of_new_Engine_2,Take a tour of new Engine #2,2018-07-05T00:00:00Z,2018,Cheyenne,movies,https://archive.org/details/cochwy-Take_a_tour_of_new_Engine_2,https://archive.org/metadata/cochwy-Take_a_tour_of_new_Engine_2
cochwy-City_Council_Meeting_part_1_7_09_18,City Council Meeting part 1 (7/09/18),2018-07-10T00:00:00Z,2018,Cheyenne,movies,https://archive.org/details/cochwy-City_Council_Meeting_part_1_7_09_18,https://archive.org/metadata/cochwy-City_Council_Meeting_part_1_7_09_18
cochwy-City_Council_Meeting_part_2_7_09_18,City Council Meeting part 2 (7/09/18),2018-07-10T00:00:00Z,2018,Cheyenne,movies,https://archive.org/details/cochwy-City_Council_Meeting_part_2_7_09_18,https://archive.org/metadata/cochwy-City_Council_Meeting_part_2_7_09_18
cochwy-Cheyenne_Police_Department_Officer_Swearing_In_Ceremony,Cheyenne Police Department Officer Swearing In Ceremony,2018-07-16T00:00:00Z,2018,Cheyenne,movies,https://archive.org/details/cochwy-Cheyenne_Police_Department_Officer_Swearing_In_Ceremony,https://archive.org/metadata/cochwy-Cheyenne_Police_Department_Officer_Swearing_In_Ceremony
cochwy-1931_LaFrance_Fire_Truck,1931 LaFrance Fire Truck,2018-07-23T00:00:00Z,2018,Cheyenne,movies,https://archive.org/details/cochwy-1931_LaFrance_Fire_Truck,https://archive.org/metadata/cochwy-1931_LaFrance_Fire_Truck
cochwy-Medicine_Bow_National_Forest_Landscape_Vegetation_Analysis_LaVA,Medicine Bow National Forest Landscape Vegetation Analysis (LaVA),2018-07-24T00:00:00Z,2018,Cheyenne,movies,https://archive.org/details/cochwy-Medicine_Bow_National_Forest_Landscape_Vegetation_Analysis_LaVA,https://archive.org/metadata/cochwy-Medicine_Bow_National_Forest_Landscape_Vegetation_Analysis_LaVA
cochwy-City_Council_Meeting_8_13_18,City Council Meeting (8/13/18),2018-08-14T00:00:00Z,2018,Cheyenne,movies,https://archive.org/details/cochwy-City_Council_Meeting_8_13_18,https://archive.org/metadata/cochwy-City_Council_Meeting_8_13_18
cochwy-Clark_Bell_Gets_New_Home_At_Cheyenne_Fire_Rescue_Station_2_at_514_West_Fox_Farm_Road,Clark Bell Gets New Home At Cheyenne Fire Rescue Station #2 at 514 West Fox Farm Road,2018-08-16T00:00:00Z,2018,Cheyenne,movies,https://archive.org/details/cochwy-Clark_Bell_Gets_New_Home_At_Cheyenne_Fire_Rescue_Station_2_at_514_West_Fox_Farm_Road,https://archive.org/metadata/cochwy-Clark_Bell_Gets_New_Home_At_Cheyenne_Fire_Rescue_Station_2_at_514_West_Fox_Farm_Road
cochwy-Back_To_School_Safety_Message_From_Cheyenne_Fire_Rescue,Back To School Safety Message From Cheyenne Fire Rescue,2018-08-27T00:00:00Z,2018,Cheyenne,movies,https://archive.org/details/cochwy-Back_To_School_Safety_Message_From_Cheyenne_Fire_Rescue,https://archive.org/metadata/cochwy-Back_To_School_Safety_Message_From_Cheyenne_Fire_Rescue
cochwy-Cheyenne_firefighters_at_Fire_Truck_Pull_Challenge,Cheyenne firefighters at Fire Truck Pull Challenge,2018-08-27T00:00:00Z,2018,Cheyenne,movies,https://archive.org/details/cochwy-Cheyenne_firefighters_at_Fire_Truck_Pull_Challenge,https://archive.org/metadata/cochwy-Cheyenne_firefighters_at_Fire_Truck_Pull_Challenge
cochwy-City_Council_Meeting_8_27_18,City Council Meeting (8/27/18),2018-08-28T00:00:00Z,2018,Cheyenne,movies,https://archive.org/details/cochwy-City_Council_Meeting_8_27_18,https://archive.org/metadata/cochwy-City_Council_Meeting_8_27_18
cochwy-Clark_Hose_Company_Bell_Rededication_Invite,Clark Hose Company Bell Rededication Invite,2018-08-29T00:00:00Z,2018,Cheyenne,movies,https://archive.org/details/cochwy-Clark_Hose_Company_Bell_Rededication_Invite,https://archive.org/metadata/cochwy-Clark_Hose_Company_Bell_Rededication_Invite
cochwy-Cheyenne_Fire_Rescue_MDA_Fill_The_Boot_Campaign,Cheyenne Fire Rescue MDA Fill The Boot Campaign,2018-08-31T00:00:00Z,2018,Cheyenne,movies,https://archive.org/details/cochwy-Cheyenne_Fire_Rescue_MDA_Fill_The_Boot_Campaign,https://archive.org/metadata/cochwy-Cheyenne_Fire_Rescue_MDA_Fill_The_Boot_Campaign
cochwy-Clark_Hose_Company_Bell_Rededication_Ceremony,Clark Hose Company Bell Rededication Ceremony,2018-09-09T00:00:00Z,2018,Cheyenne,movies,https://archive.org/details/cochwy-Clark_Hose_Company_Bell_Rededication_Ceremony,https://archive.org/metadata/cochwy-Clark_Hose_Company_Bell_Rededication_Ceremony
cochwy-City_Council_Meeting_part_2_9_10_18,City Council Meeting part 2 (9/10/18),2018-09-12T00:00:00Z,2018,Cheyenne,movies,https://archive.org/details/cochwy-City_Council_Meeting_part_2_9_10_18,https://archive.org/metadata/cochwy-City_Council_Meeting_part_2_9_10_18
cochwy-City_Council_Meeting_part_1_9_10_18,City Council Meeting part 1 (9/10/18),2018-09-12T00:00:00Z,2018,Cheyenne,movies,https://archive.org/details/cochwy-City_Council_Meeting_part_1_9_10_18,https://archive.org/metadata/cochwy-City_Council_Meeting_part_1_9_10_18
cochwy-Mayor_Marian_Orr_addressing_crowd_at_Cheyenne_Animal_Shelter_protest,Mayor Marian Orr addressing crowd at Cheyenne Animal Shelter protest,2018-09-15T00:00:00Z,2018,Cheyenne,movies,https://archive.org/details/cochwy-Mayor_Marian_Orr_addressing_crowd_at_Cheyenne_Animal_Shelter_protest,https://archive.org/metadata/cochwy-Mayor_Marian_Orr_addressing_crowd_at_Cheyenne_Animal_Shelter_protest
cochwy-City_Council_Meeting_9_24_18,City Council Meeting (9/24/18),2018-09-26T00:00:00Z,2018,Cheyenne,movies,https://archive.org/details/cochwy-City_Council_Meeting_9_24_18,https://archive.org/metadata/cochwy-City_Council_Meeting_9_24_18
cochwy-Cheyenne_Fire_Rescue_Ladder_1_Going_Through_Weekly_Test,Cheyenne Fire Rescue Ladder 1 Going Through Weekly Test,2018-09-27T00:00:00Z,2018,Cheyenne,movies,https://archive.org/details/cochwy-Cheyenne_Fire_Rescue_Ladder_1_Going_Through_Weekly_Test,https://archive.org/metadata/cochwy-Cheyenne_Fire_Rescue_Ladder_1_Going_Through_Weekly_Test
cochwy-City_Council_Meeting_10_8_18,City Council Meeting (10/8/18),2018-10-09T00:00:00Z,2018,Cheyenne,movies,https://archive.org/details/cochwy-City_Council_Meeting_10_8_18,https://archive.org/metadata/cochwy-City_Council_Meeting_10_8_18
cochwy-Laramie_County_Fire_Chiefs_MDA_Chili_Cook-Off_And_Open_House,Laramie County Fire Chiefs MDA Chili Cook-Off And Open House,2018-10-11T00:00:00Z,2018,Cheyenne,movies,https://archive.org/details/cochwy-Laramie_County_Fire_Chiefs_MDA_Chili_Cook-Off_And_Open_House,https://archive.org/metadata/cochwy-Laramie_County_Fire_Chiefs_MDA_Chili_Cook-Off_And_Open_House
cochwy-City_Council_Meeting_10_22_18,City Council Meeting (10/22/18),2018-10-23T00:00:00Z,2018,Cheyenne,movies,https://archive.org/details/cochwy-City_Council_Meeting_10_22_18,https://archive.org/metadata/cochwy-City_Council_Meeting_10_22_18
cochwy-New_Buses_for_Latchkey_Program,New Buses for Latchkey Program,2018-10-23T00:00:00Z,2018,Cheyenne,movies,https://archive.org/details/cochwy-New_Buses_for_Latchkey_Program,https://archive.org/metadata/cochwy-New_Buses_for_Latchkey_Program
cochwy-City_Council_Meeting_11_13_18,City Council Meeting (11/13/18),2018-11-14T00:00:00Z,2018,Cheyenne,movies,https://archive.org/details/cochwy-City_Council_Meeting_11_13_18,https://archive.org/metadata/cochwy-City_Council_Meeting_11_13_18
cochwy-City_Planning_and_Development_Director_Charles_Bloom_Swearing-In_Ceremony,"City Planning and Development Director, Charles Bloom, Swearing-In Ceremony",2018-11-14T00:00:00Z,2018,Cheyenne,movies,https://archive.org/details/cochwy-City_Planning_and_Development_Director_Charles_Bloom_Swearing-In_Ceremony,https://archive.org/metadata/cochwy-City_Planning_and_Development_Director_Charles_Bloom_Swearing-In_Ceremony
cochwy-City_Council_Meeting_part_2_11_26_18,City Council Meeting part 2 (11/26/18),2018-11-27T00:00:00Z,2018,Cheyenne,movies,https://archive.org/details/cochwy-City_Council_Meeting_part_2_11_26_18,https://archive.org/metadata/cochwy-City_Council_Meeting_part_2_11_26_18
cochwy-City_Council_Meeting_part_1_11_26_18,City Council Meeting part 1 (11/26/18),2018-11-27T00:00:00Z,2018,Cheyenne,movies,https://archive.org/details/cochwy-City_Council_Meeting_part_1_11_26_18,https://archive.org/metadata/cochwy-City_Council_Meeting_part_1_11_26_18
cochwy-City_Council_Meeting_12_10_18,City Council Meeting (12/10/18),2018-12-11T00:00:00Z,2018,Cheyenne,movies,https://archive.org/details/cochwy-City_Council_Meeting_12_10_18,https://archive.org/metadata/cochwy-City_Council_Meeting_12_10_18
cochwy-Cheyenne_Anthem,Cheyenne Anthem,2018-12-11T00:00:00Z,2018,Cheyenne,movies,https://archive.org/details/cochwy-Cheyenne_Anthem,https://archive.org/metadata/cochwy-Cheyenne_Anthem
cochwy-Cheyenne_Police_Department_Swearing_In_Ceremony,Cheyenne Police Department Swearing In Ceremony,2018-12-20T00:00:00Z,2018,Cheyenne,movies,https://archive.org/details/cochwy-Cheyenne_Police_Department_Swearing_In_Ceremony,https://archive.org/metadata/cochwy-Cheyenne_Police_Department_Swearing_In_Ceremony
cochwy-Cheyenne_Fire_Rescue_Bike_Drive,Cheyenne Fire Rescue Bike Drive,2018-12-21T00:00:00Z,2018,Cheyenne,movies,https://archive.org/details/cochwy-Cheyenne_Fire_Rescue_Bike_Drive,https://archive.org/metadata/cochwy-Cheyenne_Fire_Rescue_Bike_Drive
cochwy-City_Council_Meeting_12_20_18,City Council Meeting (12/20/18),2018-12-21T00:00:00Z,2018,Cheyenne,movies,https://archive.org/details/cochwy-City_Council_Meeting_12_20_18,https://archive.org/metadata/cochwy-City_Council_Meeting_12_20_18
cochwy-What_happens_when_you_don_t_water_your_natural_Christmas_tree_....,What happens when you don't water your natural Christmas tree ....,2018-12-21T00:00:00Z,2018,Cheyenne,movies,https://archive.org/details/cochwy-What_happens_when_you_don_t_water_your_natural_Christmas_tree_....,https://archive.org/metadata/cochwy-What_happens_when_you_don_t_water_your_natural_Christmas_tree_....
cochwy-Carol_Intlekofer_Retirement_Reception,Carol Intlekofer Retirement Reception,2018-12-22T00:00:00Z,2018,Cheyenne,movies,https://archive.org/details/cochwy-Carol_Intlekofer_Retirement_Reception,https://archive.org/metadata/cochwy-Carol_Intlekofer_Retirement_Reception
cochwy-Cheyenne_Fire_Rescue_Talks_About_CO_Alarms,Cheyenne Fire Rescue Talks About CO Alarms,2018-12-28T00:00:00Z,2018,Cheyenne,movies,https://archive.org/details/cochwy-Cheyenne_Fire_Rescue_Talks_About_CO_Alarms,https://archive.org/metadata/cochwy-Cheyenne_Fire_Rescue_Talks_About_CO_Alarms
cochwy-Depot_Plaza_Free_Wi-Fi_Project_Announcement,Depot Plaza Free Wi-Fi Project Announcement,2019-01-12T00:00:00Z,2019,Cheyenne,movies,https://archive.org/details/cochwy-Depot_Plaza_Free_Wi-Fi_Project_Announcement,https://archive.org/metadata/cochwy-Depot_Plaza_Free_Wi-Fi_Project_Announcement
cochwy-City_Council_Meeting_1_14_19,City Council Meeting (1/14/19),2019-01-16T00:00:00Z,2019,Cheyenne,movies,https://archive.org/details/cochwy-City_Council_Meeting_1_14_19,https://archive.org/metadata/cochwy-City_Council_Meeting_1_14_19
cochwy-2019_State_of_the_City_Address,2019 State of the City Address,2019-01-18T00:00:00Z,2019,Cheyenne,movies,https://archive.org/details/cochwy-2019_State_of_the_City_Address,https://archive.org/metadata/cochwy-2019_State_of_the_City_Address
cochwy-City_Council_work_session,City Council work session,2019-01-22T00:00:00Z,2019,Cheyenne,movies,https://archive.org/details/cochwy-City_Council_work_session,https://archive.org/metadata/cochwy-City_Council_work_session
cochwy-City_Council_work_session_pt._2,City Council work session pt. 2,2019-01-24T00:00:00Z,2019,Cheyenne,movies,https://archive.org/details/cochwy-City_Council_work_session_pt._2,https://archive.org/metadata/cochwy-City_Council_work_session_pt._2
cochwy-City_Council_Meeting_part_2_1_28_19,City Council Meeting part 2 (1/28/19),2019-01-28T00:00:00Z,2019,Cheyenne,movies,https://archive.org/details/cochwy-City_Council_Meeting_part_2_1_28_19,https://archive.org/metadata/cochwy-City_Council_Meeting_part_2_1_28_19
cochwy-City_Council_Meeting_part_1_1_28_19,City Council Meeting part 1 (1/28/19),2019-01-29T00:00:00Z,2019,Cheyenne,movies,https://archive.org/details/cochwy-City_Council_Meeting_part_1_1_28_19,https://archive.org/metadata/cochwy-City_Council_Meeting_part_1_1_28_19
cochwy-Scouts_BSA_Ceremony,Scouts BSA Ceremony,2019-02-01T00:00:00Z,2019,Cheyenne,movies,https://archive.org/details/cochwy-Scouts_BSA_Ceremony,https://archive.org/metadata/cochwy-Scouts_BSA_Ceremony
cochwy-Cheyenne_Regional_Airport_Expansion,Cheyenne Regional Airport Expansion,2019-02-04T00:00:00Z,2019,Cheyenne,movies,https://archive.org/details/cochwy-Cheyenne_Regional_Airport_Expansion,https://archive.org/metadata/cochwy-Cheyenne_Regional_Airport_Expansion
cochwy-Less_Stress_Proclamation,Less Stress Proclamation,2019-02-06T00:00:00Z,2019,Cheyenne,movies,https://archive.org/details/cochwy-Less_Stress_Proclamation,https://archive.org/metadata/cochwy-Less_Stress_Proclamation
cochwy-City_Council_Meeting_part_1_2_11_19,City Council Meeting part 1 (2/11/19),2019-02-12T00:00:00Z,2019,Cheyenne,movies,https://archive.org/details/cochwy-City_Council_Meeting_part_1_2_11_19,https://archive.org/metadata/cochwy-City_Council_Meeting_part_1_2_11_19
cochwy-City_Council_Meeting_part_2_2_11_19,City Council Meeting part 2 (2/11/19),2019-02-12T00:00:00Z,2019,Cheyenne,movies,https://archive.org/details/cochwy-City_Council_Meeting_part_2_2_11_19,https://archive.org/metadata/cochwy-City_Council_Meeting_part_2_2_11_19
cochwy-City_Council_Meeting_2_25_19,City Council Meeting (2/25/19),2019-02-26T00:00:00Z,2019,Cheyenne,movies,https://archive.org/details/cochwy-City_Council_Meeting_2_25_19,https://archive.org/metadata/cochwy-City_Council_Meeting_2_25_19
cochwy-National_Service_Recognition_Day_Proclamation,National Service Recognition Day Proclamation,2019-04-03T00:00:00Z,2019,Cheyenne,movies,https://archive.org/details/cochwy-National_Service_Recognition_Day_Proclamation,https://archive.org/metadata/cochwy-National_Service_Recognition_Day_Proclamation
cochwy-Union_Pacific_s_Big_Boy_No._4014_Locomotive_Christening_Ceremony,Union Pacific’s Big Boy No. 4014 Locomotive Christening Ceremony,2019-05-06T00:00:00Z,2019,Cheyenne,movies,https://archive.org/details/cochwy-Union_Pacific_s_Big_Boy_No._4014_Locomotive_Christening_Ceremony,https://archive.org/metadata/cochwy-Union_Pacific_s_Big_Boy_No._4014_Locomotive_Christening_Ceremony
cochwy-14th_Annual_Cheyenne_Day_Of_Giving,14th Annual Cheyenne Day Of Giving,2019-05-11T00:00:00Z,2019,Cheyenne,movies,https://archive.org/details/cochwy-14th_Annual_Cheyenne_Day_Of_Giving,https://archive.org/metadata/cochwy-14th_Annual_Cheyenne_Day_Of_Giving
cochwy-Civic_Commons_construction_video,Civic Commons construction video,2019-05-15T00:00:00Z,2019,Cheyenne,movies,https://archive.org/details/cochwy-Civic_Commons_construction_video,https://archive.org/metadata/cochwy-Civic_Commons_construction_video
cochwy-Wyoming_s_First_Habitat_Hero_Demonstration_Garden,Wyoming's First Habitat Hero Demonstration Garden,2019-05-16T00:00:00Z,2019,Cheyenne,movies,https://archive.org/details/cochwy-Wyoming_s_First_Habitat_Hero_Demonstration_Garden,https://archive.org/metadata/cochwy-Wyoming_s_First_Habitat_Hero_Demonstration_Garden
cochwy-Gardens_Gone_Wild_exhibit_at_the_Cheyenne_Botanic_Gardens,"""Gardens Gone Wild"" exhibit at the Cheyenne Botanic Gardens",2019-05-16T00:00:00Z,2019,Cheyenne,movies,https://archive.org/details/cochwy-Gardens_Gone_Wild_exhibit_at_the_Cheyenne_Botanic_Gardens,https://archive.org/metadata/cochwy-Gardens_Gone_Wild_exhibit_at_the_Cheyenne_Botanic_Gardens
cochwy-Unaccompanied_Students_Initiative_-_Mayor_s_Youth_Council,Unaccompanied Students Initiative - Mayor's Youth Council,2019-06-12T00:00:00Z,2019,Cheyenne,movies,https://archive.org/details/cochwy-Unaccompanied_Students_Initiative_-_Mayor_s_Youth_Council,https://archive.org/metadata/cochwy-Unaccompanied_Students_Initiative_-_Mayor_s_Youth_Council
cochwy-Cheyenne_Frontier_Days_Parade,Cheyenne Frontier Days Parade,2019-07-23T00:00:00Z,2019,Cheyenne,movies,https://archive.org/details/cochwy-Cheyenne_Frontier_Days_Parade,https://archive.org/metadata/cochwy-Cheyenne_Frontier_Days_Parade
cochwy-Bryce_Meredith_-_Key_to_the_City,Bryce Meredith - Key to the City,2019-07-29T00:00:00Z,2019,Cheyenne,movies,https://archive.org/details/cochwy-Bryce_Meredith_-_Key_to_the_City,https://archive.org/metadata/cochwy-Bryce_Meredith_-_Key_to_the_City
cochwy-Fearless_Softball,Fearless Softball,2019-07-30T00:00:00Z,2019,Cheyenne,movies,https://archive.org/details/cochwy-Fearless_Softball,https://archive.org/metadata/cochwy-Fearless_Softball
cochwy-Cheyenne_Fire_Rescue_CFR_Swearing-In_Ceremony,Cheyenne Fire Rescue (CFR) Swearing-In Ceremony,2019-08-26T00:00:00Z,2019,Cheyenne,movies,https://archive.org/details/cochwy-Cheyenne_Fire_Rescue_CFR_Swearing-In_Ceremony,https://archive.org/metadata/cochwy-Cheyenne_Fire_Rescue_CFR_Swearing-In_Ceremony
cochwy-Michael_O_Donnell_Swearing-in_Ceremony,Michael O'Donnell Swearing-in Ceremony,2019-08-28T00:00:00Z,2019,Cheyenne,movies,https://archive.org/details/cochwy-Michael_O_Donnell_Swearing-in_Ceremony,https://archive.org/metadata/cochwy-Michael_O_Donnell_Swearing-in_Ceremony
cochwy-Cheyenne_U_Interview_Sydney_Burney,Cheyenne U Interview (Sydney Burney),2019-09-05T00:00:00Z,2019,Cheyenne,movies,https://archive.org/details/cochwy-Cheyenne_U_Interview_Sydney_Burney,https://archive.org/metadata/cochwy-Cheyenne_U_Interview_Sydney_Burney
cochwy-National_Assisted_Living_Week_Proclamation,National Assisted Living Week Proclamation,2019-09-11T00:00:00Z,2019,Cheyenne,movies,https://archive.org/details/cochwy-National_Assisted_Living_Week_Proclamation,https://archive.org/metadata/cochwy-National_Assisted_Living_Week_Proclamation
cochwy-Mural_and_Plaque_Dedication_Ceremony_for_150th_Anniversary_of_Women_s_Suffrage,Mural and Plaque Dedication Ceremony for 150th Anniversary of Women's Suffrage,2019-09-24T00:00:00Z,2019,Cheyenne,movies,https://archive.org/details/cochwy-Mural_and_Plaque_Dedication_Ceremony_for_150th_Anniversary_of_Women_s_Suffrage,https://archive.org/metadata/cochwy-Mural_and_Plaque_Dedication_Ceremony_for_150th_Anniversary_of_Women_s_Suffrage
cochwy-White_Cane_Awareness_Day_Proclamation,White Cane Awareness Day Proclamation,2019-10-16T00:00:00Z,2019,Cheyenne,movies,https://archive.org/details/cochwy-White_Cane_Awareness_Day_Proclamation,https://archive.org/metadata/cochwy-White_Cane_Awareness_Day_Proclamation
cochwy-Thomas_Cobb_Swearing-In_Ceremony,Thomas Cobb Swearing-In Ceremony,2019-10-17T00:00:00Z,2019,Cheyenne,movies,https://archive.org/details/cochwy-Thomas_Cobb_Swearing-In_Ceremony,https://archive.org/metadata/cochwy-Thomas_Cobb_Swearing-In_Ceremony
cochwy-Powderhouse_Greenway_Groundbreaking_Ceremony,Powderhouse Greenway Groundbreaking Ceremony,2019-10-22T00:00:00Z,2019,Cheyenne,movies,https://archive.org/details/cochwy-Powderhouse_Greenway_Groundbreaking_Ceremony,https://archive.org/metadata/cochwy-Powderhouse_Greenway_Groundbreaking_Ceremony
cochwy-National_Apprenticeship_Week_Proclamation,National Apprenticeship Week Proclamation,2019-11-15T00:00:00Z,2019,Cheyenne,movies,https://archive.org/details/cochwy-National_Apprenticeship_Week_Proclamation,https://archive.org/metadata/cochwy-National_Apprenticeship_Week_Proclamation
cochwy-16_Days_of_Activism_Against_Gender_Violence_Zonta_International_Centennial_Anniversary_Pro,16 Days of Activism Against Gender Violence/Zonta International Centennial Anniversary Proclamations,2019-11-26T00:00:00Z,2019,Cheyenne,movies,https://archive.org/details/cochwy-16_Days_of_Activism_Against_Gender_Violence_Zonta_International_Centennial_Anniversary_Pro,https://archive.org/metadata/cochwy-16_Days_of_Activism_Against_Gender_Violence_Zonta_International_Centennial_Anniversary_Pro
cochwy-St._Mary_s_Christmas_Carolers,St. Mary's Christmas Carolers,2019-12-19T00:00:00Z,2019,Cheyenne,movies,https://archive.org/details/cochwy-St._Mary_s_Christmas_Carolers,https://archive.org/metadata/cochwy-St._Mary_s_Christmas_Carolers
cochwy-Tony_Ross_Swearing-In_Ceremony,Tony Ross Swearing-In Ceremony,2020-01-04T00:00:00Z,2020,Cheyenne,movies,https://archive.org/details/cochwy-Tony_Ross_Swearing-In_Ceremony,https://archive.org/metadata/cochwy-Tony_Ross_Swearing-In_Ceremony
cochwy-CFR_Ice_Rescue_Training,CFR Ice Rescue Training,2020-01-30T00:00:00Z,2020,Cheyenne,movies,https://archive.org/details/cochwy-CFR_Ice_Rescue_Training,https://archive.org/metadata/cochwy-CFR_Ice_Rescue_Training
cochwy-SkillsUSA_Week_Proclamation,SkillsUSA Week Proclamation,2020-02-04T00:00:00Z,2020,Cheyenne,movies,https://archive.org/details/cochwy-SkillsUSA_Week_Proclamation,https://archive.org/metadata/cochwy-SkillsUSA_Week_Proclamation
cochwy-Special_City_Council_Meeting_-_Collective_Labor_Bargaining_with_Cheyenne_Professional_Fire,Special City Council Meeting - Collective Labor Bargaining with Cheyenne Professional Firefighters,2020-02-25T00:00:00Z,2020,Cheyenne,movies,https://archive.org/details/cochwy-Special_City_Council_Meeting_-_Collective_Labor_Bargaining_with_Cheyenne_Professional_Fire,https://archive.org/metadata/cochwy-Special_City_Council_Meeting_-_Collective_Labor_Bargaining_with_Cheyenne_Professional_Fire
cochwy-Community_Update_with_Mayor_Orr,Community Update with Mayor Orr,2020-03-18T00:00:00Z,2020,Cheyenne,movies,https://archive.org/details/cochwy-Community_Update_with_Mayor_Orr,https://archive.org/metadata/cochwy-Community_Update_with_Mayor_Orr
cochwy-Wyoming_Teens_Take_2_Challenge_winner_-_Jaden_Moser,Wyoming Teens Take 2 Challenge winner - Jaden Moser,2020-07-01T00:00:00Z,2020,Cheyenne,movies,https://archive.org/details/cochwy-Wyoming_Teens_Take_2_Challenge_winner_-_Jaden_Moser,https://archive.org/metadata/cochwy-Wyoming_Teens_Take_2_Challenge_winner_-_Jaden_Moser
cochwy-Henderson_Ditch_Greenway_Groundbreaking_Ceremony,Henderson Ditch Greenway Groundbreaking Ceremony,2020-07-24T00:00:00Z,2020,Cheyenne,movies,https://archive.org/details/cochwy-Henderson_Ditch_Greenway_Groundbreaking_Ceremony,https://archive.org/metadata/cochwy-Henderson_Ditch_Greenway_Groundbreaking_Ceremony
cochwy-Construction_time_lapse_of_Judge_Joseph_M._Carey_Cheyenne_City_Center,Construction time lapse of Judge Joseph M. Carey Cheyenne City Center,2020-08-11T00:00:00Z,2020,Cheyenne,movies,https://archive.org/details/cochwy-Construction_time_lapse_of_Judge_Joseph_M._Carey_Cheyenne_City_Center,https://archive.org/metadata/cochwy-Construction_time_lapse_of_Judge_Joseph_M._Carey_Cheyenne_City_Center
cochwy-Bridger_Walker_visits_Cheyenne_Fire_Rescue,Bridger Walker visits Cheyenne Fire Rescue,2020-08-27T00:00:00Z,2020,Cheyenne,movies,https://archive.org/details/cochwy-Bridger_Walker_visits_Cheyenne_Fire_Rescue,https://archive.org/metadata/cochwy-Bridger_Walker_visits_Cheyenne_Fire_Rescue
cochwy-Special_Meeting,Special Meeting,2020-09-21T00:00:00Z,2020,Cheyenne,movies,https://archive.org/details/cochwy-Special_Meeting,https://archive.org/metadata/cochwy-Special_Meeting
cochwy-Day_of_Giving_Drive-Thru_Event,Day of Giving Drive-Thru Event,2020-09-22T00:00:00Z,2020,Cheyenne,movies,https://archive.org/details/cochwy-Day_of_Giving_Drive-Thru_Event,https://archive.org/metadata/cochwy-Day_of_Giving_Drive-Thru_Event
cochwy-Disabled_American_Veterans_Day_proclamation,Disabled American Veterans Day proclamation,2020-09-25T00:00:00Z,2020,Cheyenne,movies,https://archive.org/details/cochwy-Disabled_American_Veterans_Day_proclamation,https://archive.org/metadata/cochwy-Disabled_American_Veterans_Day_proclamation
cochwy-Cheyenne_snowplow_interview_with_Bill_Gonzales,Cheyenne snowplow interview with Bill Gonzales,2020-11-20T00:00:00Z,2020,Cheyenne,movies,https://archive.org/details/cochwy-Cheyenne_snowplow_interview_with_Bill_Gonzales,https://archive.org/metadata/cochwy-Cheyenne_snowplow_interview_with_Bill_Gonzales
cochwy-City_of_Cheyenne_Sine_Die_and_Swearing_In_Ceremony,City of Cheyenne Sine Die and Swearing In Ceremony,2021-01-05T00:00:00Z,2021,Cheyenne,movies,https://archive.org/details/cochwy-City_of_Cheyenne_Sine_Die_and_Swearing_In_Ceremony,https://archive.org/metadata/cochwy-City_of_Cheyenne_Sine_Die_and_Swearing_In_Ceremony
cochwy-Cheyenne_City_Council_Regular_Meeting_Jaunary_11th_2021,"Cheyenne City Council - Regular Meeting - Jaunary 11th, 2021",2021-01-12T00:00:00Z,2021,Cheyenne,movies,https://archive.org/details/cochwy-Cheyenne_City_Council_Regular_Meeting_Jaunary_11th_2021,https://archive.org/metadata/cochwy-Cheyenne_City_Council_Regular_Meeting_Jaunary_11th_2021
cochwy-Cheyenne_City_Council_Regular_Meeting_1-25-21,Cheyenne City Council - Regular Meeting - 1-25-21,2021-01-26T00:00:00Z,2021,Cheyenne,movies,https://archive.org/details/cochwy-Cheyenne_City_Council_Regular_Meeting_1-25-21,https://archive.org/metadata/cochwy-Cheyenne_City_Council_Regular_Meeting_1-25-21
cochwy-Cheyenne_Fire_Rescue_Recruitment_Video,Cheyenne Fire Rescue Recruitment Video,2021-02-05T00:00:00Z,2021,Cheyenne,movies,https://archive.org/details/cochwy-Cheyenne_Fire_Rescue_Recruitment_Video,https://archive.org/metadata/cochwy-Cheyenne_Fire_Rescue_Recruitment_Video
cochwy-Cheyenne_City_Council_Regular_Meeting_2-8-21,Cheyenne City Council - Regular Meeting - 2-8-21,2021-02-09T00:00:00Z,2021,Cheyenne,movies,https://archive.org/details/cochwy-Cheyenne_City_Council_Regular_Meeting_2-8-21,https://archive.org/metadata/cochwy-Cheyenne_City_Council_Regular_Meeting_2-8-21
cochwy-West_Edge_Zoning_Workshop,West Edge Zoning Workshop,2021-03-01T00:00:00Z,2021,Cheyenne,movies,https://archive.org/details/cochwy-West_Edge_Zoning_Workshop,https://archive.org/metadata/cochwy-West_Edge_Zoning_Workshop
cochwy-Cheyenne_City_Council_Committee_of_the_Whole_3-3-21,Cheyenne City Council - Committee of the Whole - 3-3-21,2021-03-04T00:00:00Z,2021,Cheyenne,movies,https://archive.org/details/cochwy-Cheyenne_City_Council_Committee_of_the_Whole_3-3-21,https://archive.org/metadata/cochwy-Cheyenne_City_Council_Committee_of_the_Whole_3-3-21
cochwy-2021_Board_of_Public_Utilities_Goals_and_Planning_Presentation,2021 Board of Public Utilities Goals and Planning Presentation,2021-03-08T00:00:00Z,2021,Cheyenne,movies,https://archive.org/details/cochwy-2021_Board_of_Public_Utilities_Goals_and_Planning_Presentation,https://archive.org/metadata/cochwy-2021_Board_of_Public_Utilities_Goals_and_Planning_Presentation
cochwy-Snow_Update_with_Mayor_Patrick_Collins_3_17_21,Snow Update with Mayor Patrick Collins (3/17/21),2021-03-17T00:00:00Z,2021,Cheyenne,movies,https://archive.org/details/cochwy-Snow_Update_with_Mayor_Patrick_Collins_3_17_21,https://archive.org/metadata/cochwy-Snow_Update_with_Mayor_Patrick_Collins_3_17_21
cochwy-Demo_by_Neglect_Public_Forum_Meeting,Demo by Neglect Public Forum Meeting,2021-03-18T00:00:00Z,2021,Cheyenne,movies,https://archive.org/details/cochwy-Demo_by_Neglect_Public_Forum_Meeting,https://archive.org/metadata/cochwy-Demo_by_Neglect_Public_Forum_Meeting
cochwy-Cheyenne_City_Council_Regular_Meeting_3-8-21,Cheyenne City Council - Regular Meeting - 3-8-21,2021-03-18T00:00:00Z,2021,Cheyenne,movies,https://archive.org/details/cochwy-Cheyenne_City_Council_Regular_Meeting_3-8-21,https://archive.org/metadata/cochwy-Cheyenne_City_Council_Regular_Meeting_3-8-21
cochwy-Water_Drainage,Water Drainage,2021-03-19T00:00:00Z,2021,Cheyenne,movies,https://archive.org/details/cochwy-Water_Drainage,https://archive.org/metadata/cochwy-Water_Drainage
cochwy-Cheyenne_City_Council_Regular_Meeting_3-22-21,Cheyenne City Council - Regular Meeting - 3-22-21,2021-03-23T00:00:00Z,2021,Cheyenne,movies,https://archive.org/details/cochwy-Cheyenne_City_Council_Regular_Meeting_3-22-21,https://archive.org/metadata/cochwy-Cheyenne_City_Council_Regular_Meeting_3-22-21
cochwy-Filling_potholes_with_Mayor_Collins,Filling potholes with Mayor Collins,2021-04-06T00:00:00Z,2021,Cheyenne,movies,https://archive.org/details/cochwy-Filling_potholes_with_Mayor_Collins,https://archive.org/metadata/cochwy-Filling_potholes_with_Mayor_Collins
cochwy-6th_Penny_Work_Session_--_Cheyenne_Fire_Rescue_Department_Requests,6th Penny Work Session -- Cheyenne Fire Rescue Department Requests,2021-04-09T00:00:00Z,2021,Cheyenne,movies,https://archive.org/details/cochwy-6th_Penny_Work_Session_--_Cheyenne_Fire_Rescue_Department_Requests,https://archive.org/metadata/cochwy-6th_Penny_Work_Session_--_Cheyenne_Fire_Rescue_Department_Requests
cochwy-6th_Penny_Work_Session_Greenway_Construction_Maintenance,6th Penny Work Session – Greenway Construction & Maintenance,2021-04-09T00:00:00Z,2021,Cheyenne,movies,https://archive.org/details/cochwy-6th_Penny_Work_Session_Greenway_Construction_Maintenance,https://archive.org/metadata/cochwy-6th_Penny_Work_Session_Greenway_Construction_Maintenance
cochwy-6th_Penny_Work_Session_--_Downtown_Development_Authority_DDA_Alley_Enhancement_Project,6th Penny Work Session -- Downtown Development Authority (DDA) Alley Enhancement Project,2021-04-09T00:00:00Z,2021,Cheyenne,movies,https://archive.org/details/cochwy-6th_Penny_Work_Session_--_Downtown_Development_Authority_DDA_Alley_Enhancement_Project,https://archive.org/metadata/cochwy-6th_Penny_Work_Session_--_Downtown_Development_Authority_DDA_Alley_Enhancement_Project
cochwy-6th_Penny_Work_Session_--_Cheyenne_Police_Department_Radios_Digital_Storage,6th Penny Work Session -- Cheyenne Police Department Radios & Digital Storage,2021-04-12T00:00:00Z,2021,Cheyenne,movies,https://archive.org/details/cochwy-6th_Penny_Work_Session_--_Cheyenne_Police_Department_Radios_Digital_Storage,https://archive.org/metadata/cochwy-6th_Penny_Work_Session_--_Cheyenne_Police_Department_Radios_Digital_Storage
cochwy-6th_Penny_Work_Session_--_Municipal_Building_Renovation_Project,6th Penny Work Session -- Municipal Building Renovation Project,2021-04-12T00:00:00Z,2021,Cheyenne,movies,https://archive.org/details/cochwy-6th_Penny_Work_Session_--_Municipal_Building_Renovation_Project,https://archive.org/metadata/cochwy-6th_Penny_Work_Session_--_Municipal_Building_Renovation_Project
cochwy-6th_Penny_Work_Session_--_Community_Recreation_Events_Various_Projects,6th Penny Work Session -- Community Recreation & Events Various Projects,2021-04-15T00:00:00Z,2021,Cheyenne,movies,https://archive.org/details/cochwy-6th_Penny_Work_Session_--_Community_Recreation_Events_Various_Projects,https://archive.org/metadata/cochwy-6th_Penny_Work_Session_--_Community_Recreation_Events_Various_Projects
cochwy-6th_Penny_Work_Session_--_Cheyenne_Road_Maintenance,6th Penny Work Session -- Cheyenne Road Maintenance,2021-04-21T00:00:00Z,2021,Cheyenne,movies,https://archive.org/details/cochwy-6th_Penny_Work_Session_--_Cheyenne_Road_Maintenance,https://archive.org/metadata/cochwy-6th_Penny_Work_Session_--_Cheyenne_Road_Maintenance
cochwy-Committee_of_the_Whole_--_One_Percent_Specific_Purpose_Sales_and_Use_Tax,Committee of the Whole -- One Percent Specific Purpose Sales and Use Tax,2021-04-22T00:00:00Z,2021,Cheyenne,movies,https://archive.org/details/cochwy-Committee_of_the_Whole_--_One_Percent_Specific_Purpose_Sales_and_Use_Tax,https://archive.org/metadata/cochwy-Committee_of_the_Whole_--_One_Percent_Specific_Purpose_Sales_and_Use_Tax
cochwy-Budget_Work_Session_-_Budget_Overview,Budget Work Session - Budget Overview,2021-05-05T00:00:00Z,2021,Cheyenne,movies,https://archive.org/details/cochwy-Budget_Work_Session_-_Budget_Overview,https://archive.org/metadata/cochwy-Budget_Work_Session_-_Budget_Overview
cochwy-Budget_Work_Session_-_Mayor_s_Office_Compliance_City_Clerk_City_Treasurer,"Budget Work Session - Mayor’s Office, Compliance, City Clerk, & City Treasurer",2021-05-06T00:00:00Z,2021,Cheyenne,movies,https://archive.org/details/cochwy-Budget_Work_Session_-_Mayor_s_Office_Compliance_City_Clerk_City_Treasurer,https://archive.org/metadata/cochwy-Budget_Work_Session_-_Mayor_s_Office_Compliance_City_Clerk_City_Treasurer
cochwy-Budget_Work_Session_-_City_Attorney_Human_Resources_Municipal_Court_Youth_Alternatives,"Budget Work Session - City Attorney, Human Resources, Municipal Court, & Youth Alternatives",2021-05-07T00:00:00Z,2021,Cheyenne,movies,https://archive.org/details/cochwy-Budget_Work_Session_-_City_Attorney_Human_Resources_Municipal_Court_Youth_Alternatives,https://archive.org/metadata/cochwy-Budget_Work_Session_-_City_Attorney_Human_Resources_Municipal_Court_Youth_Alternatives
cochwy-Budget_Work_Session_-_Downtown_Development_Authority_Animal_Shelter,Budget Work Session - Downtown Development Authority & Animal Shelter,2021-05-10T00:00:00Z,2021,Cheyenne,movies,https://archive.org/details/cochwy-Budget_Work_Session_-_Downtown_Development_Authority_Animal_Shelter,https://archive.org/metadata/cochwy-Budget_Work_Session_-_Downtown_Development_Authority_Animal_Shelter
cochwy-Artificial_turf_at_Junior_League_Softball_Fields_and_Powers_Field,Artificial turf at Junior League Softball Fields and Powers Field,2021-05-10T00:00:00Z,2021,Cheyenne,movies,https://archive.org/details/cochwy-Artificial_turf_at_Junior_League_Softball_Fields_and_Powers_Field,https://archive.org/metadata/cochwy-Artificial_turf_at_Junior_League_Softball_Fields_and_Powers_Field
cochwy-Budget_Work_Session_-_Planning_and_Development_City_Engineer,Budget Work Session - Planning and Development & City Engineer,2021-05-11T00:00:00Z,2021,Cheyenne,movies,https://archive.org/details/cochwy-Budget_Work_Session_-_Planning_and_Development_City_Engineer,https://archive.org/metadata/cochwy-Budget_Work_Session_-_Planning_and_Development_City_Engineer
cochwy-Budget_Work_Session_-_Community_Recreation_and_Events,Budget Work Session - Community Recreation and Events,2021-05-13T00:00:00Z,2021,Cheyenne,movies,https://archive.org/details/cochwy-Budget_Work_Session_-_Community_Recreation_and_Events,https://archive.org/metadata/cochwy-Budget_Work_Session_-_Community_Recreation_and_Events
cochwy-Budget_Work_Session_-_Cheyenne_Fire_Rescue_Cheyenne_Police_Department,Budget Work Session - Cheyenne Fire Rescue & Cheyenne Police Department,2021-05-14T00:00:00Z,2021,Cheyenne,movies,https://archive.org/details/cochwy-Budget_Work_Session_-_Cheyenne_Fire_Rescue_Cheyenne_Police_Department,https://archive.org/metadata/cochwy-Budget_Work_Session_-_Cheyenne_Fire_Rescue_Cheyenne_Police_Department
cochwy-2021_BOPU_Infrastructure,2021 BOPU Infrastructure,2021-05-21T00:00:00Z,2021,Cheyenne,movies,https://archive.org/details/cochwy-2021_BOPU_Infrastructure,https://archive.org/metadata/cochwy-2021_BOPU_Infrastructure
cochwy-Work_Session_-_Future_Land_Development_Proposal,Work Session - Future Land Development Proposal,2021-05-21T00:00:00Z,2021,Cheyenne,movies,https://archive.org/details/cochwy-Work_Session_-_Future_Land_Development_Proposal,https://archive.org/metadata/cochwy-Work_Session_-_Future_Land_Development_Proposal
cochwy-Swearing-in_of_Fire_Chief_John_Kopper,Swearing-in of Fire Chief John Kopper,2021-05-25T00:00:00Z,2021,Cheyenne,movies,https://archive.org/details/cochwy-Swearing-in_of_Fire_Chief_John_Kopper,https://archive.org/metadata/cochwy-Swearing-in_of_Fire_Chief_John_Kopper
cochwy-2020-21_Mayor_s_Youth_Council_Appreciation_Ceremony,2020-21 Mayor's Youth Council Appreciation Ceremony,2021-05-25T00:00:00Z,2021,Cheyenne,movies,https://archive.org/details/cochwy-2020-21_Mayor_s_Youth_Council_Appreciation_Ceremony,https://archive.org/metadata/cochwy-2020-21_Mayor_s_Youth_Council_Appreciation_Ceremony
cochwy-Open_Container_Ordinance,Open Container Ordinance,2021-05-27T00:00:00Z,2021,Cheyenne,movies,https://archive.org/details/cochwy-Open_Container_Ordinance,https://archive.org/metadata/cochwy-Open_Container_Ordinance
cochwy-Capitol_North_Public_Meeting_5_25_21,Capitol North Public Meeting (5/25/21),2021-06-01T00:00:00Z,2021,Cheyenne,movies,https://archive.org/details/cochwy-Capitol_North_Public_Meeting_5_25_21,https://archive.org/metadata/cochwy-Capitol_North_Public_Meeting_5_25_21
cochwy-Committee_of_the_Whole_June_9_at_6pm,Committee of the Whole (June 9 at 6pm),2021-06-10T00:00:00Z,2021,Cheyenne,movies,https://archive.org/details/cochwy-Committee_of_the_Whole_June_9_at_6pm,https://archive.org/metadata/cochwy-Committee_of_the_Whole_June_9_at_6pm
cochwy-Sanitation_route_with_Kenny_Alvarado_and_Mayor_Patrick_Collins,Sanitation route with Kenny Alvarado and Mayor Patrick Collins,2021-06-16T00:00:00Z,2021,Cheyenne,movies,https://archive.org/details/cochwy-Sanitation_route_with_Kenny_Alvarado_and_Mayor_Patrick_Collins,https://archive.org/metadata/cochwy-Sanitation_route_with_Kenny_Alvarado_and_Mayor_Patrick_Collins
cochwy-Work_Session_Short_Term_Vacation_Rentals,Work Session – Short Term Vacation Rentals,2021-06-18T00:00:00Z,2021,Cheyenne,movies,https://archive.org/details/cochwy-Work_Session_Short_Term_Vacation_Rentals,https://archive.org/metadata/cochwy-Work_Session_Short_Term_Vacation_Rentals
cochwy-East_Park_Community_Open_Space,East Park Community Open Space,2021-06-24T00:00:00Z,2021,Cheyenne,movies,https://archive.org/details/cochwy-East_Park_Community_Open_Space,https://archive.org/metadata/cochwy-East_Park_Community_Open_Space
cochwy-Work_Session_Emergency_Shelters,Work Session – Emergency Shelters,2021-06-25T00:00:00Z,2021,Cheyenne,movies,https://archive.org/details/cochwy-Work_Session_Emergency_Shelters,https://archive.org/metadata/cochwy-Work_Session_Emergency_Shelters
cochwy-City_Council_Meeting_pt._1,City Council Meeting pt. 1,2021-06-28T00:00:00Z,2021,Cheyenne,movies,https://archive.org/details/cochwy-City_Council_Meeting_pt._1,https://archive.org/metadata/cochwy-City_Council_Meeting_pt._1
cochwy-City_Council_Meeting_pt._2,City Council Meeting pt. 2,2021-06-29T00:00:00Z,2021,Cheyenne,movies,https://archive.org/details/cochwy-City_Council_Meeting_pt._2,https://archive.org/metadata/cochwy-City_Council_Meeting_pt._2
cochwy-Atlas_D_Missile_Site_with_Melvin_Holsinger,Atlas D Missile Site with Melvin Holsinger,2021-07-01T00:00:00Z,2021,Cheyenne,movies,https://archive.org/details/cochwy-Atlas_D_Missile_Site_with_Melvin_Holsinger,https://archive.org/metadata/cochwy-Atlas_D_Missile_Site_with_Melvin_Holsinger
cochwy-Goal_Setting_Work_Session,Goal Setting Work Session,2021-07-08T00:00:00Z,2021,Cheyenne,movies,https://archive.org/details/cochwy-Goal_Setting_Work_Session,https://archive.org/metadata/cochwy-Goal_Setting_Work_Session
cochwy-Cheyenne_Frontier_Days_Parade_7_29_21,Cheyenne Frontier Days Parade (7/29/21),2021-07-29T00:00:00Z,2021,Cheyenne,movies,https://archive.org/details/cochwy-Cheyenne_Frontier_Days_Parade_7_29_21,https://archive.org/metadata/cochwy-Cheyenne_Frontier_Days_Parade_7_29_21
cochwy-Finance_Committee_Meeting,Finance Committee Meeting,2021-08-02T00:00:00Z,2021,Cheyenne,movies,https://archive.org/details/cochwy-Finance_Committee_Meeting,https://archive.org/metadata/cochwy-Finance_Committee_Meeting
cochwy-Belvoir_Ranch_tour,Belvoir Ranch tour,2021-08-09T00:00:00Z,2021,Cheyenne,movies,https://archive.org/details/cochwy-Belvoir_Ranch_tour,https://archive.org/metadata/cochwy-Belvoir_Ranch_tour
cochwy-Youth_Alternatives_Special_Friends_mentor_program,Youth Alternatives' Special Friends mentor program,2021-08-16T00:00:00Z,2021,Cheyenne,movies,https://archive.org/details/cochwy-Youth_Alternatives_Special_Friends_mentor_program,https://archive.org/metadata/cochwy-Youth_Alternatives_Special_Friends_mentor_program
cochwy-Work_Session_--_Act_or_React_Cheyenne_s_Water_Plan,"Work Session -- Act or React, Cheyenne's Water Plan",2021-09-11T00:00:00Z,2021,Cheyenne,movies,https://archive.org/details/cochwy-Work_Session_--_Act_or_React_Cheyenne_s_Water_Plan,https://archive.org/metadata/cochwy-Work_Session_--_Act_or_React_Cheyenne_s_Water_Plan
cochwy-Hitching_Post_Plaza_press_conference,Hitching Post Plaza press conference,2021-09-15T00:00:00Z,2021,Cheyenne,movies,https://archive.org/details/cochwy-Hitching_Post_Plaza_press_conference,https://archive.org/metadata/cochwy-Hitching_Post_Plaza_press_conference
cochwy-POW-MIA_Proclamation_Event,POW-MIA Proclamation Event,2021-09-17T00:00:00Z,2021,Cheyenne,movies,https://archive.org/details/cochwy-POW-MIA_Proclamation_Event,https://archive.org/metadata/cochwy-POW-MIA_Proclamation_Event
cochwy-Work_Session_-_Eradicating_Homelessness,Work Session - Eradicating Homelessness,2021-09-18T00:00:00Z,2021,Cheyenne,movies,https://archive.org/details/cochwy-Work_Session_-_Eradicating_Homelessness,https://archive.org/metadata/cochwy-Work_Session_-_Eradicating_Homelessness
cochwy-Past_Sixth_Penny_Projects,Past Sixth Penny Projects,2021-09-21T00:00:00Z,2021,Cheyenne,movies,https://archive.org/details/cochwy-Past_Sixth_Penny_Projects,https://archive.org/metadata/cochwy-Past_Sixth_Penny_Projects
cochwy-Bill_Dubois_Resolution,Bill Dubois Resolution,2021-09-28T00:00:00Z,2021,Cheyenne,movies,https://archive.org/details/cochwy-Bill_Dubois_Resolution,https://archive.org/metadata/cochwy-Bill_Dubois_Resolution
cochwy-Press_Conference_for_Capitol_Ave._Bronze_Project,Press Conference for Capitol Ave. Bronze Project,2021-10-04T00:00:00Z,2021,Cheyenne,movies,https://archive.org/details/cochwy-Press_Conference_for_Capitol_Ave._Bronze_Project,https://archive.org/metadata/cochwy-Press_Conference_for_Capitol_Ave._Bronze_Project
cochwy-Work_Session_-_American_Rescue_Plan_Funding,Work Session - American Rescue Plan Funding,2021-10-15T00:00:00Z,2021,Cheyenne,movies,https://archive.org/details/cochwy-Work_Session_-_American_Rescue_Plan_Funding,https://archive.org/metadata/cochwy-Work_Session_-_American_Rescue_Plan_Funding
cochwy-Work_Session_-_Railroad_Experience_Project,Work Session - Railroad Experience Project,2021-10-22T00:00:00Z,2021,Cheyenne,movies,https://archive.org/details/cochwy-Work_Session_-_Railroad_Experience_Project,https://archive.org/metadata/cochwy-Work_Session_-_Railroad_Experience_Project
cochwy-Work_Session_--_American_Rescue_Plan_ARP_Public_Health_Negative_Economic_Impact_Projects,Work Session -- American Rescue Plan (ARP) Public Health & Negative Economic Impact Projects,2021-10-29T00:00:00Z,2021,Cheyenne,movies,https://archive.org/details/cochwy-Work_Session_--_American_Rescue_Plan_ARP_Public_Health_Negative_Economic_Impact_Projects,https://archive.org/metadata/cochwy-Work_Session_--_American_Rescue_Plan_ARP_Public_Health_Negative_Economic_Impact_Projects
cochwy-Work_Session_--_American_Rescue_Plan_ARP_Infrastructure_Water_Sewer_Broadband_Projects,"Work Session -- American Rescue Plan (ARP) Infrastructure, Water, Sewer, & Broadband Projects",2021-11-05T00:00:00Z,2021,Cheyenne,movies,https://archive.org/details/cochwy-Work_Session_--_American_Rescue_Plan_ARP_Infrastructure_Water_Sewer_Broadband_Projects,https://archive.org/metadata/cochwy-Work_Session_--_American_Rescue_Plan_ARP_Infrastructure_Water_Sewer_Broadband_Projects
cochwy-Work_Session_--_ARP_Technology_Greenway_Parks_Outdoor_Recreation_Projects,"Work Session -- ARP Technology, Greenway, Parks, & Outdoor Recreation Projects",2021-11-13T00:00:00Z,2021,Cheyenne,movies,https://archive.org/details/cochwy-Work_Session_--_ARP_Technology_Greenway_Parks_Outdoor_Recreation_Projects,https://archive.org/metadata/cochwy-Work_Session_--_ARP_Technology_Greenway_Parks_Outdoor_Recreation_Projects
cochwy-Work_Session_--_Climate_Wellness_Through_Soil_Health,Work Session -- Climate Wellness Through Soil Health,2021-11-19T00:00:00Z,2021,Cheyenne,movies,https://archive.org/details/cochwy-Work_Session_--_Climate_Wellness_Through_Soil_Health,https://archive.org/metadata/cochwy-Work_Session_--_Climate_Wellness_Through_Soil_Health
cochwy-Work_Session_--_Fiscal_Year_2021_Audit,Work Session -- Fiscal Year 2021 Audit,2021-12-17T00:00:00Z,2021,Cheyenne,movies,https://archive.org/details/cochwy-Work_Session_--_Fiscal_Year_2021_Audit,https://archive.org/metadata/cochwy-Work_Session_--_Fiscal_Year_2021_Audit
cochwy-Work_Session_-_Crow_Creek_Revival,Work Session - Crow Creek Revival,2022-01-14T00:00:00Z,2022,Cheyenne,movies,https://archive.org/details/cochwy-Work_Session_-_Crow_Creek_Revival,https://archive.org/metadata/cochwy-Work_Session_-_Crow_Creek_Revival
cochwy-Parking_Enforcement_press_conference,Parking Enforcement press conference,2022-01-31T00:00:00Z,2022,Cheyenne,movies,https://archive.org/details/cochwy-Parking_Enforcement_press_conference,https://archive.org/metadata/cochwy-Parking_Enforcement_press_conference
cochwy-Be_a_Part_of_Your_City_-_Andrew,Be a Part of Your City - Andrew,2022-02-03T00:00:00Z,2022,Cheyenne,movies,https://archive.org/details/cochwy-Be_a_Part_of_Your_City_-_Andrew,https://archive.org/metadata/cochwy-Be_a_Part_of_Your_City_-_Andrew
cochwy-Be_a_Part_of_Your_City_-_Jade,Be a Part of Your City - Jade,2022-02-03T00:00:00Z,2022,Cheyenne,movies,https://archive.org/details/cochwy-Be_a_Part_of_Your_City_-_Jade,https://archive.org/metadata/cochwy-Be_a_Part_of_Your_City_-_Jade
cochwy-Be_a_Part_of_Your_City_-_Zack,Be a Part of Your City - Zack,2022-02-03T00:00:00Z,2022,Cheyenne,movies,https://archive.org/details/cochwy-Be_a_Part_of_Your_City_-_Zack,https://archive.org/metadata/cochwy-Be_a_Part_of_Your_City_-_Zack
cochwy-Be_a_Part_of_Your_City_-_David,Be a Part of Your City - David,2022-02-03T00:00:00Z,2022,Cheyenne,movies,https://archive.org/details/cochwy-Be_a_Part_of_Your_City_-_David,https://archive.org/metadata/cochwy-Be_a_Part_of_Your_City_-_David
cochwy-Be_a_Part_of_Your_City_-_Isaiah,Be a Part of Your City - Isaiah,2022-02-03T00:00:00Z,2022,Cheyenne,movies,https://archive.org/details/cochwy-Be_a_Part_of_Your_City_-_Isaiah,https://archive.org/metadata/cochwy-Be_a_Part_of_Your_City_-_Isaiah
cochwy-Work_Session_-_Health_Insurance,Work Session - Health Insurance,2022-02-11T00:00:00Z,2022,Cheyenne,movies,https://archive.org/details/cochwy-Work_Session_-_Health_Insurance,https://archive.org/metadata/cochwy-Work_Session_-_Health_Insurance
cochwy-2_-11-22_KLWY-FOX_27_interview_with_Mayor_Collins,2 -11-22 KLWY-FOX 27 interview with Mayor Collins,2022-02-14T00:00:00Z,2022,Cheyenne,movies,https://archive.org/details/cochwy-2_-11-22_KLWY-FOX_27_interview_with_Mayor_Collins,https://archive.org/metadata/cochwy-2_-11-22_KLWY-FOX_27_interview_with_Mayor_Collins
cochwy-2-18-22_KLWY-FOX_27_Mayor_Interview,2-18-22 KLWY-FOX 27 Mayor Interview,2022-02-18T00:00:00Z,2022,Cheyenne,movies,https://archive.org/details/cochwy-2-18-22_KLWY-FOX_27_Mayor_Interview,https://archive.org/metadata/cochwy-2-18-22_KLWY-FOX_27_Mayor_Interview
cochwy-2-25-22_KLWY-FOX_27_Mayor_Collins_interview,2-25-22 KLWY-FOX 27 Mayor Collins interview,2022-02-28T00:00:00Z,2022,Cheyenne,movies,https://archive.org/details/cochwy-2-25-22_KLWY-FOX_27_Mayor_Collins_interview,https://archive.org/metadata/cochwy-2-25-22_KLWY-FOX_27_Mayor_Collins_interview
cochwy-Barnacle_instructional_steps,Barnacle instructional steps,2022-03-01T00:00:00Z,2022,Cheyenne,movies,https://archive.org/details/cochwy-Barnacle_instructional_steps,https://archive.org/metadata/cochwy-Barnacle_instructional_steps
cochwy-Be_a_Part_of_Your_City_-_Summer,Be a Part of Your City - Summer,2022-03-02T00:00:00Z,2022,Cheyenne,movies,https://archive.org/details/cochwy-Be_a_Part_of_Your_City_-_Summer,https://archive.org/metadata/cochwy-Be_a_Part_of_Your_City_-_Summer
cochwy-Be_a_Part_of_Your_City_-_Shane,Be a Part of Your City - Shane,2022-03-02T00:00:00Z,2022,Cheyenne,movies,https://archive.org/details/cochwy-Be_a_Part_of_Your_City_-_Shane,https://archive.org/metadata/cochwy-Be_a_Part_of_Your_City_-_Shane
cochwy-Work_Session_-_MS4_Permitting,Work Session - MS4 Permitting,2022-03-04T00:00:00Z,2022,Cheyenne,movies,https://archive.org/details/cochwy-Work_Session_-_MS4_Permitting,https://archive.org/metadata/cochwy-Work_Session_-_MS4_Permitting
cochwy-Fire_Labor_Negotiations,Fire Labor Negotiations,2022-03-04T00:00:00Z,2022,Cheyenne,movies,https://archive.org/details/cochwy-Fire_Labor_Negotiations,https://archive.org/metadata/cochwy-Fire_Labor_Negotiations
cochwy-3-4-22_KLWY-FOX_27_Mayor_Collins_interview,3-4-22 KLWY-FOX 27 Mayor Collins interview,2022-03-08T00:00:00Z,2022,Cheyenne,movies,https://archive.org/details/cochwy-3-4-22_KLWY-FOX_27_Mayor_Collins_interview,https://archive.org/metadata/cochwy-3-4-22_KLWY-FOX_27_Mayor_Collins_interview
cochwy-3-11-22_KLWY-FOX_27_Mayor_Collins_interview,3-11-22 KLWY-FOX 27 Mayor Collins interview,2022-03-14T00:00:00Z,2022,Cheyenne,movies,https://archive.org/details/cochwy-3-11-22_KLWY-FOX_27_Mayor_Collins_interview,https://archive.org/metadata/cochwy-3-11-22_KLWY-FOX_27_Mayor_Collins_interview
cochwy-Work_Session_-_Impacts_on_Community_Health,Work Session - Impacts on Community Health,2022-03-18T00:00:00Z,2022,Cheyenne,movies,https://archive.org/details/cochwy-Work_Session_-_Impacts_on_Community_Health,https://archive.org/metadata/cochwy-Work_Session_-_Impacts_on_Community_Health
cochwy-3-18-22_KLWY-FOX_27_Mayor_Collins_interview,3-18-22 KLWY-FOX 27 Mayor Collins interview,2022-03-22T00:00:00Z,2022,Cheyenne,movies,https://archive.org/details/cochwy-3-18-22_KLWY-FOX_27_Mayor_Collins_interview,https://archive.org/metadata/cochwy-3-18-22_KLWY-FOX_27_Mayor_Collins_interview
cochwy-Be_a_Part_of_Your_City_-_Nathan,Be a Part of Your City - Nathan,2022-03-23T00:00:00Z,2022,Cheyenne,movies,https://archive.org/details/cochwy-Be_a_Part_of_Your_City_-_Nathan,https://archive.org/metadata/cochwy-Be_a_Part_of_Your_City_-_Nathan
cochwy-Be_a_Part_of_Your_City_-_Sam,Be a Part of Your City - Sam,2022-03-23T00:00:00Z,2022,Cheyenne,movies,https://archive.org/details/cochwy-Be_a_Part_of_Your_City_-_Sam,https://archive.org/metadata/cochwy-Be_a_Part_of_Your_City_-_Sam
cochwy-Work_Session_-_Liquor_License_Presentations,Work Session - Liquor License Presentations,2022-03-30T00:00:00Z,2022,Cheyenne,movies,https://archive.org/details/cochwy-Work_Session_-_Liquor_License_Presentations,https://archive.org/metadata/cochwy-Work_Session_-_Liquor_License_Presentations
cochwy-Animals_at-large_and_animal_waste,Animals at-large and animal waste,2022-03-31T00:00:00Z,2022,Cheyenne,movies,https://archive.org/details/cochwy-Animals_at-large_and_animal_waste,https://archive.org/metadata/cochwy-Animals_at-large_and_animal_waste
cochwy-4-1-22_KLWY-FOX_27_Mayor_Collins_interview,4-1-22 KLWY-FOX 27 Mayor Collins interview,2022-04-04T00:00:00Z,2022,Cheyenne,movies,https://archive.org/details/cochwy-4-1-22_KLWY-FOX_27_Mayor_Collins_interview,https://archive.org/metadata/cochwy-4-1-22_KLWY-FOX_27_Mayor_Collins_interview
cochwy-4-8-22_KLWY-FOX_27_Mayor_Collins_interview,4-8-22 KLWY-FOX 27 Mayor Collins interview,2022-04-11T00:00:00Z,2022,Cheyenne,movies,https://archive.org/details/cochwy-4-8-22_KLWY-FOX_27_Mayor_Collins_interview,https://archive.org/metadata/cochwy-4-8-22_KLWY-FOX_27_Mayor_Collins_interview
cochwy-City_Council_Meeting,City Council Meeting,2022-04-11T00:00:00Z,2022,Cheyenne,movies,https://archive.org/details/cochwy-City_Council_Meeting,https://archive.org/metadata/cochwy-City_Council_Meeting
cochwy-Work_Session_-_Future_Capital_Construction_Pavement_Maintenance_Projects,Work Session - Future Capital Construction & Pavement Maintenance Projects,2022-04-15T00:00:00Z,2022,Cheyenne,movies,https://archive.org/details/cochwy-Work_Session_-_Future_Capital_Construction_Pavement_Maintenance_Projects,https://archive.org/metadata/cochwy-Work_Session_-_Future_Capital_Construction_Pavement_Maintenance_Projects
cochwy-4-15-22_KLWY-FOX_27_Mayor_Collins_interview,4-15-22 KLWY-FOX 27 Mayor Collins interview,2022-04-18T00:00:00Z,2022,Cheyenne,movies,https://archive.org/details/cochwy-4-15-22_KLWY-FOX_27_Mayor_Collins_interview,https://archive.org/metadata/cochwy-4-15-22_KLWY-FOX_27_Mayor_Collins_interview
cochwy-Committee_of_the_Whole,Committee of the Whole,2022-04-21T00:00:00Z,2022,Cheyenne,movies,https://archive.org/details/cochwy-Committee_of_the_Whole,https://archive.org/metadata/cochwy-Committee_of_the_Whole
cochwy-4-22-22_KLWY-FOX_27_Mayor_Collins_interview,4-22-22 KLWY-FOX 27 Mayor Collins interview,2022-04-25T00:00:00Z,2022,Cheyenne,movies,https://archive.org/details/cochwy-4-22-22_KLWY-FOX_27_Mayor_Collins_interview,https://archive.org/metadata/cochwy-4-22-22_KLWY-FOX_27_Mayor_Collins_interview
cochwy-Public_Access_Channel,Public Access Channel,2022-04-27T00:00:00Z,2022,Cheyenne,movies,https://archive.org/details/cochwy-Public_Access_Channel,https://archive.org/metadata/cochwy-Public_Access_Channel
cochwy-Work_Session_-_CRAFT_Updates,Work Session - CRAFT Updates,2022-04-29T00:00:00Z,2022,Cheyenne,movies,https://archive.org/details/cochwy-Work_Session_-_CRAFT_Updates,https://archive.org/metadata/cochwy-Work_Session_-_CRAFT_Updates
cochwy-4-29-22_KLWY-FOX_27_Mayor_Collins_interview,4-29-22 KLWY-FOX 27 Mayor Collins interview,2022-05-02T00:00:00Z,2022,Cheyenne,movies,https://archive.org/details/cochwy-4-29-22_KLWY-FOX_27_Mayor_Collins_interview,https://archive.org/metadata/cochwy-4-29-22_KLWY-FOX_27_Mayor_Collins_interview
cochwy-Work_Session_-_Budget_overview_with_Mayor_and_City_Treasurer,Work Session - Budget overview with Mayor and City Treasurer,2022-05-04T00:00:00Z,2022,Cheyenne,movies,https://archive.org/details/cochwy-Work_Session_-_Budget_overview_with_Mayor_and_City_Treasurer,https://archive.org/metadata/cochwy-Work_Session_-_Budget_overview_with_Mayor_and_City_Treasurer
cochwy-Work_Session_-_Budget-Mayor_Compliance_IT_City_Clerk_City_Treasurer,"Work Session - Budget-Mayor, Compliance/IT, City Clerk, City Treasurer",2022-05-05T00:00:00Z,2022,Cheyenne,movies,https://archive.org/details/cochwy-Work_Session_-_Budget-Mayor_Compliance_IT_City_Clerk_City_Treasurer,https://archive.org/metadata/cochwy-Work_Session_-_Budget-Mayor_Compliance_IT_City_Clerk_City_Treasurer
cochwy-Work_Session_-_City_Attorney_Human_Resources_Municipal_Court_Youth_Alternatives,"Work Session - City Attorney, Human Resources, Municipal Court, Youth Alternatives",2022-05-07T00:00:00Z,2022,Cheyenne,movies,https://archive.org/details/cochwy-Work_Session_-_City_Attorney_Human_Resources_Municipal_Court_Youth_Alternatives,https://archive.org/metadata/cochwy-Work_Session_-_City_Attorney_Human_Resources_Municipal_Court_Youth_Alternatives
cochwy-5-6-22_KLWY-FOX_27_Mayor_Collins_interview,5-6-22 KLWY-FOX 27 Mayor Collins interview,2022-05-09T00:00:00Z,2022,Cheyenne,movies,https://archive.org/details/cochwy-5-6-22_KLWY-FOX_27_Mayor_Collins_interview,https://archive.org/metadata/cochwy-5-6-22_KLWY-FOX_27_Mayor_Collins_interview
cochwy-Work_Session_-_DDA_and_Animal_Shelter,Work Session - DDA and Animal Shelter,2022-05-09T00:00:00Z,2022,Cheyenne,movies,https://archive.org/details/cochwy-Work_Session_-_DDA_and_Animal_Shelter,https://archive.org/metadata/cochwy-Work_Session_-_DDA_and_Animal_Shelter
cochwy-Budget_Work_Session_-_Planning_Development_and_City_Engineer,Budget Work Session - Planning & Development and City Engineer,2022-05-10T00:00:00Z,2022,Cheyenne,movies,https://archive.org/details/cochwy-Budget_Work_Session_-_Planning_Development_and_City_Engineer,https://archive.org/metadata/cochwy-Budget_Work_Session_-_Planning_Development_and_City_Engineer
cochwy-Budget_Work_Session_-_Public_Works,Budget Work Session - Public Works,2022-05-12T00:00:00Z,2022,Cheyenne,movies,https://archive.org/details/cochwy-Budget_Work_Session_-_Public_Works,https://archive.org/metadata/cochwy-Budget_Work_Session_-_Public_Works
cochwy-Budget_Work_Session_-_Community_Recreation_Events,Budget Work Session - Community Recreation & Events,2022-05-13T00:00:00Z,2022,Cheyenne,movies,https://archive.org/details/cochwy-Budget_Work_Session_-_Community_Recreation_Events,https://archive.org/metadata/cochwy-Budget_Work_Session_-_Community_Recreation_Events
cochwy-Budget_Work_Session_-_Police_and_Fire_Departments,Budget Work Session - Police and Fire Departments,2022-05-13T00:00:00Z,2022,Cheyenne,movies,https://archive.org/details/cochwy-Budget_Work_Session_-_Police_and_Fire_Departments,https://archive.org/metadata/cochwy-Budget_Work_Session_-_Police_and_Fire_Departments
cochwy-5-13-22_KLWY-FOX_27_Mayor_Collins_interview,5-13-22 KLWY-FOX 27 Mayor Collins interview,2022-05-16T00:00:00Z,2022,Cheyenne,movies,https://archive.org/details/cochwy-5-13-22_KLWY-FOX_27_Mayor_Collins_interview,https://archive.org/metadata/cochwy-5-13-22_KLWY-FOX_27_Mayor_Collins_interview
cochwy-Parking_Enforcement_with_Mayor_Collins_and_CSO_Darrell_Hibbens,Parking Enforcement with Mayor Collins and CSO Darrell Hibbens,2022-05-18T00:00:00Z,2022,Cheyenne,movies,https://archive.org/details/cochwy-Parking_Enforcement_with_Mayor_Collins_and_CSO_Darrell_Hibbens,https://archive.org/metadata/cochwy-Parking_Enforcement_with_Mayor_Collins_and_CSO_Darrell_Hibbens
cochwy-Committee_of_the_Whole_Meeting,Committee of the Whole Meeting,2022-05-19T00:00:00Z,2022,Cheyenne,movies,https://archive.org/details/cochwy-Committee_of_the_Whole_Meeting,https://archive.org/metadata/cochwy-Committee_of_the_Whole_Meeting
cochwy-Work_Session_-_Barriers_to_Housing_Development,Work Session - Barriers to Housing Development,2022-05-20T00:00:00Z,2022,Cheyenne,movies,https://archive.org/details/cochwy-Work_Session_-_Barriers_to_Housing_Development,https://archive.org/metadata/cochwy-Work_Session_-_Barriers_to_Housing_Development
cochwy-Work_Session_-_OpenGov_Software,Work Session - OpenGov Software,2022-06-02T00:00:00Z,2022,Cheyenne,movies,https://archive.org/details/cochwy-Work_Session_-_OpenGov_Software,https://archive.org/metadata/cochwy-Work_Session_-_OpenGov_Software
cochwy-Finance_Committee_Meeting_06-06-22,Finance Committee Meeting 06-06-22,2022-06-10T00:00:00Z,2022,Cheyenne,movies,https://archive.org/details/cochwy-Finance_Committee_Meeting_06-06-22,https://archive.org/metadata/cochwy-Finance_Committee_Meeting_06-06-22
cochwy-Public_Services_Committee_Meeting_06-07-22,Public Services Committee Meeting 06-07-22,2022-06-10T00:00:00Z,2022,Cheyenne,movies,https://archive.org/details/cochwy-Public_Services_Committee_Meeting_06-07-22,https://archive.org/metadata/cochwy-Public_Services_Committee_Meeting_06-07-22
cochwy-City_Council_Meeting_06-13-22,City Council Meeting 06-13-22,2022-06-14T00:00:00Z,2022,Cheyenne,movies,https://archive.org/details/cochwy-City_Council_Meeting_06-13-22,https://archive.org/metadata/cochwy-City_Council_Meeting_06-13-22
cochwy-Cheyenne_Chamber_of_Commerce_-_Person_of_the_Year_Award,Cheyenne Chamber of Commerce - Person of the Year Award,2022-06-21T00:00:00Z,2022,Cheyenne,movies,https://archive.org/details/cochwy-Cheyenne_Chamber_of_Commerce_-_Person_of_the_Year_Award,https://archive.org/metadata/cochwy-Cheyenne_Chamber_of_Commerce_-_Person_of_the_Year_Award
cochwy-6-7-22_KLWY-FOX_27_Mayor_Collins_interview,6-7-22 KLWY-FOX 27 Mayor Collins interview,2022-06-22T00:00:00Z,2022,Cheyenne,movies,https://archive.org/details/cochwy-6-7-22_KLWY-FOX_27_Mayor_Collins_interview,https://archive.org/metadata/cochwy-6-7-22_KLWY-FOX_27_Mayor_Collins_interview
cochwy-Public_Services_Committee_06-22-22,Public Services Committee 06-22-22,2022-06-23T00:00:00Z,2022,Cheyenne,movies,https://archive.org/details/cochwy-Public_Services_Committee_06-22-22,https://archive.org/metadata/cochwy-Public_Services_Committee_06-22-22
cochwy-Finance_Committee_06-21-22,Finance Committee 06-21-22,2022-06-23T00:00:00Z,2022,Cheyenne,movies,https://archive.org/details/cochwy-Finance_Committee_06-21-22,https://archive.org/metadata/cochwy-Finance_Committee_06-21-22
cochwy-Work_Session_-_Zoning_Code_Enforcement_Annexation_06-24-22,Work Session - Zoning Code Enforcement/Annexation 06-24-22,2022-06-25T00:00:00Z,2022,Cheyenne,movies,https://archive.org/details/cochwy-Work_Session_-_Zoning_Code_Enforcement_Annexation_06-24-22,https://archive.org/metadata/cochwy-Work_Session_-_Zoning_Code_Enforcement_Annexation_06-24-22
cochwy-6-24-22_KLWY-FOX_27_Mayor_Collins_interview,6-24-22 KLWY-FOX 27 Mayor Collins interview,2022-06-27T00:00:00Z,2022,Cheyenne,movies,https://archive.org/details/cochwy-6-24-22_KLWY-FOX_27_Mayor_Collins_interview,https://archive.org/metadata/cochwy-6-24-22_KLWY-FOX_27_Mayor_Collins_interview
cochwy-City_Council_Meeting_06-27-22,City Council Meeting 06-27-22,2022-06-28T00:00:00Z,2022,Cheyenne,movies,https://archive.org/details/cochwy-City_Council_Meeting_06-27-22,https://archive.org/metadata/cochwy-City_Council_Meeting_06-27-22
cochwy-Public_Services_Committee_07-06-22,Public Services Committee 07-06-22,2022-07-06T00:00:00Z,2022,Cheyenne,movies,https://archive.org/details/cochwy-Public_Services_Committee_07-06-22,https://archive.org/metadata/cochwy-Public_Services_Committee_07-06-22
cochwy-7-1-22_KLWY-FOX_27_Mayor_Collins_Interview,7-1-22 KLWY-FOX 27 Mayor Collins Interview,2022-07-06T00:00:00Z,2022,Cheyenne,movies,https://archive.org/details/cochwy-7-1-22_KLWY-FOX_27_Mayor_Collins_Interview,https://archive.org/metadata/cochwy-7-1-22_KLWY-FOX_27_Mayor_Collins_Interview
cochwy-Finance_Committee_07-05-22,Finance Committee 07-05-22,2022-07-06T00:00:00Z,2022,Cheyenne,movies,https://archive.org/details/cochwy-Finance_Committee_07-05-22,https://archive.org/metadata/cochwy-Finance_Committee_07-05-22
cochwy-City_of_Cheyenne_Declares_July_13th_WyoGives_Day,City of Cheyenne Declares July 13th WyoGives Day,2022-07-07T00:00:00Z,2022,Cheyenne,movies,https://archive.org/details/cochwy-City_of_Cheyenne_Declares_July_13th_WyoGives_Day,https://archive.org/metadata/cochwy-City_of_Cheyenne_Declares_July_13th_WyoGives_Day
cochwy-Work_Session_-_6th_Penny_DDA_District_Projects_7-8-22,Work Session - 6th Penny DDA District Projects 7-8-22,2022-07-09T00:00:00Z,2022,Cheyenne,movies,https://archive.org/details/cochwy-Work_Session_-_6th_Penny_DDA_District_Projects_7-8-22,https://archive.org/metadata/cochwy-Work_Session_-_6th_Penny_DDA_District_Projects_7-8-22
cochwy-7-7-22_KLWY-FOX_27_Mayor_Collins_Interview,7-7-22 KLWY-FOX 27 Mayor Collins Interview,2022-07-11T00:00:00Z,2022,Cheyenne,movies,https://archive.org/details/cochwy-7-7-22_KLWY-FOX_27_Mayor_Collins_Interview,https://archive.org/metadata/cochwy-7-7-22_KLWY-FOX_27_Mayor_Collins_Interview
cochwy-City_Council_Meeting_7-11-22,City Council Meeting 7-11-22,2022-07-12T00:00:00Z,2022,Cheyenne,movies,https://archive.org/details/cochwy-City_Council_Meeting_7-11-22,https://archive.org/metadata/cochwy-City_Council_Meeting_7-11-22
cochwy-Finance_Committee_Meeting_07-18-22,Finance Committee Meeting 07-18-22,2022-07-18T00:00:00Z,2022,Cheyenne,movies,https://archive.org/details/cochwy-Finance_Committee_Meeting_07-18-22,https://archive.org/metadata/cochwy-Finance_Committee_Meeting_07-18-22
cochwy-7-15-22_KLWY-FOX_27_Mayor_Collins_Interview,7-15-22 KLWY-FOX 27 Mayor Collins Interview,2022-07-18T00:00:00Z,2022,Cheyenne,movies,https://archive.org/details/cochwy-7-15-22_KLWY-FOX_27_Mayor_Collins_Interview,https://archive.org/metadata/cochwy-7-15-22_KLWY-FOX_27_Mayor_Collins_Interview
cochwy-Public_Services_Committee_Meeting_07-19-22,Public Services Committee Meeting 07-19-22,2022-07-19T00:00:00Z,2022,Cheyenne,movies,https://archive.org/details/cochwy-Public_Services_Committee_Meeting_07-19-22,https://archive.org/metadata/cochwy-Public_Services_Committee_Meeting_07-19-22
cochwy-Maury_Brown_Fishing_Day_2022,Maury Brown Fishing Day 2022,2022-07-20T00:00:00Z,2022,Cheyenne,movies,https://archive.org/details/cochwy-Maury_Brown_Fishing_Day_2022,https://archive.org/metadata/cochwy-Maury_Brown_Fishing_Day_2022
cochwy-City_Council_Meeting_7-25-22,City Council Meeting 7-25-22,2022-07-26T00:00:00Z,2022,Cheyenne,movies,https://archive.org/details/cochwy-City_Council_Meeting_7-25-22,https://archive.org/metadata/cochwy-City_Council_Meeting_7-25-22
cochwy-Finance_Committee_Meeting_08-01-22,Finance Committee Meeting 08-01-22,2022-08-02T00:00:00Z,2022,Cheyenne,movies,https://archive.org/details/cochwy-Finance_Committee_Meeting_08-01-22,https://archive.org/metadata/cochwy-Finance_Committee_Meeting_08-01-22
cochwy-Public_Services_Committee_Meeting_08-02-22,Public Services Committee Meeting 08-02-22,2022-08-02T00:00:00Z,2022,Cheyenne,movies,https://archive.org/details/cochwy-Public_Services_Committee_Meeting_08-02-22,https://archive.org/metadata/cochwy-Public_Services_Committee_Meeting_08-02-22
cochwy-City_Council_Meeting_8-8-22,City Council Meeting 8-8-22,2022-08-09T00:00:00Z,2022,Cheyenne,movies,https://archive.org/details/cochwy-City_Council_Meeting_8-8-22,https://archive.org/metadata/cochwy-City_Council_Meeting_8-8-22
cochwy-8-15-22_KLWY-FOX_27_Mayor_Collins_Interview,8-15-22 KLWY-FOX 27 Mayor Collins Interview,2022-08-15T00:00:00Z,2022,Cheyenne,movies,https://archive.org/details/cochwy-8-15-22_KLWY-FOX_27_Mayor_Collins_Interview,https://archive.org/metadata/cochwy-8-15-22_KLWY-FOX_27_Mayor_Collins_Interview
cochwy-Public_Services_Committee_Meeting_08-15-22,Public Services Committee Meeting 08-15-22,2022-08-17T00:00:00Z,2022,Cheyenne,movies,https://archive.org/details/cochwy-Public_Services_Committee_Meeting_08-15-22,https://archive.org/metadata/cochwy-Public_Services_Committee_Meeting_08-15-22
cochwy-Finance_Committee_Meeting_08-15-22,Finance Committee Meeting 08-15-22,2022-08-17T00:00:00Z,2022,Cheyenne,movies,https://archive.org/details/cochwy-Finance_Committee_Meeting_08-15-22,https://archive.org/metadata/cochwy-Finance_Committee_Meeting_08-15-22
cochwy-City_Council_Meeting_8-22-22,City Council Meeting 8-22-22,2022-08-23T00:00:00Z,2022,Cheyenne,movies,https://archive.org/details/cochwy-City_Council_Meeting_8-22-22,https://archive.org/metadata/cochwy-City_Council_Meeting_8-22-22
cochwy-8-19-22_KLWY-FOX_27_Mayor_Collins_Interview,8-19-22 KLWY-FOX 27 Mayor Collins Interview,2022-08-24T00:00:00Z,2022,Cheyenne,movies,https://archive.org/details/cochwy-8-19-22_KLWY-FOX_27_Mayor_Collins_Interview,https://archive.org/metadata/cochwy-8-19-22_KLWY-FOX_27_Mayor_Collins_Interview
cochwy-WS_08_29_22,WS 08 29 22,2022-08-30T00:00:00Z,2022,Cheyenne,movies,https://archive.org/details/cochwy-WS_08_29_22,https://archive.org/metadata/cochwy-WS_08_29_22
cochwy-9-2-22_KLWY-FOX_27_Mayor_Collins_Interview,9-2-22 KLWY-FOX 27 Mayor Collins Interview,2022-09-06T00:00:00Z,2022,Cheyenne,movies,https://archive.org/details/cochwy-9-2-22_KLWY-FOX_27_Mayor_Collins_Interview,https://archive.org/metadata/cochwy-9-2-22_KLWY-FOX_27_Mayor_Collins_Interview
cochwy-Public_Services_Committee_09-07-22,Public Services Committee 09-07-22,2022-09-08T00:00:00Z,2022,Cheyenne,movies,https://archive.org/details/cochwy-Public_Services_Committee_09-07-22,https://archive.org/metadata/cochwy-Public_Services_Committee_09-07-22
cochwy-Finance_Committee_Meeting_09-06-22,Finance Committee Meeting 09-06-22,2022-09-08T00:00:00Z,2022,Cheyenne,movies,https://archive.org/details/cochwy-Finance_Committee_Meeting_09-06-22,https://archive.org/metadata/cochwy-Finance_Committee_Meeting_09-06-22
cochwy-City_Council_Meeting_9-12-22,City Council Meeting 9-12-22,2022-09-13T00:00:00Z,2022,Cheyenne,movies,https://archive.org/details/cochwy-City_Council_Meeting_9-12-22,https://archive.org/metadata/cochwy-City_Council_Meeting_9-12-22
cochwy-9-16-22_KLWY-FOX_27_Mayor_Collins_Interview,9-16-22 KLWY-FOX 27 Mayor Collins Interview,2022-09-20T00:00:00Z,2022,Cheyenne,movies,https://archive.org/details/cochwy-9-16-22_KLWY-FOX_27_Mayor_Collins_Interview,https://archive.org/metadata/cochwy-9-16-22_KLWY-FOX_27_Mayor_Collins_Interview
cochwy-Finance_Committee_Meeting_9-19-22,Finance Committee Meeting 9-19-22,2022-09-21T00:00:00Z,2022,Cheyenne,movies,https://archive.org/details/cochwy-Finance_Committee_Meeting_9-19-22,https://archive.org/metadata/cochwy-Finance_Committee_Meeting_9-19-22
cochwy-Public_Services_Committee_Meeting_09-20-22,Public Services Committee Meeting 09-20-22,2022-09-21T00:00:00Z,2022,Cheyenne,movies,https://archive.org/details/cochwy-Public_Services_Committee_Meeting_09-20-22,https://archive.org/metadata/cochwy-Public_Services_Committee_Meeting_09-20-22
cochwy-9-23-22_KLWY-FOX_27_Mayor_Collins_Interview,9-23-22 KLWY-FOX 27 Mayor Collins Interview,2022-09-26T00:00:00Z,2022,Cheyenne,movies,https://archive.org/details/cochwy-9-23-22_KLWY-FOX_27_Mayor_Collins_Interview,https://archive.org/metadata/cochwy-9-23-22_KLWY-FOX_27_Mayor_Collins_Interview
cochwy-City_Council_Meeting_9-26-22,City Council Meeting 9-26-22,2022-09-27T00:00:00Z,2022,Cheyenne,movies,https://archive.org/details/cochwy-City_Council_Meeting_9-26-22,https://archive.org/metadata/cochwy-City_Council_Meeting_9-26-22
cochwy-Work_Session_09-29-22,Work Session 09-29-22,2022-10-01T00:00:00Z,2022,Cheyenne,movies,https://archive.org/details/cochwy-Work_Session_09-29-22,https://archive.org/metadata/cochwy-Work_Session_09-29-22
cochwy-Public_Services_Committee_10-04-22,Public Services Committee 10-04-22,2022-10-05T00:00:00Z,2022,Cheyenne,movies,https://archive.org/details/cochwy-Public_Services_Committee_10-04-22,https://archive.org/metadata/cochwy-Public_Services_Committee_10-04-22
cochwy-Finance_Committee_10-03-22,Finance Committee 10-03-22,2022-10-05T00:00:00Z,2022,Cheyenne,movies,https://archive.org/details/cochwy-Finance_Committee_10-03-22,https://archive.org/metadata/cochwy-Finance_Committee_10-03-22
cochwy-Work_Session_10-07-22,Work Session 10-07-22,2022-10-08T00:00:00Z,2022,Cheyenne,movies,https://archive.org/details/cochwy-Work_Session_10-07-22,https://archive.org/metadata/cochwy-Work_Session_10-07-22
cochwy-10-07-22_KLWY-FOX_27_Mayor_Collins_Interview,10-07-22 KLWY-FOX 27 Mayor Collins Interview,2022-10-10T00:00:00Z,2022,Cheyenne,movies,https://archive.org/details/cochwy-10-07-22_KLWY-FOX_27_Mayor_Collins_Interview,https://archive.org/metadata/cochwy-10-07-22_KLWY-FOX_27_Mayor_Collins_Interview
cochwy-City_Council_Meeting_10-10-22,City Council Meeting 10-10-22,2022-10-10T00:00:00Z,2022,Cheyenne,movies,https://archive.org/details/cochwy-City_Council_Meeting_10-10-22,https://archive.org/metadata/cochwy-City_Council_Meeting_10-10-22
cochwy-County-Wide_Fifth_Penny_Sales_Tax,County-Wide Fifth Penny Sales Tax,2022-10-13T00:00:00Z,2022,Cheyenne,movies,https://archive.org/details/cochwy-County-Wide_Fifth_Penny_Sales_Tax,https://archive.org/metadata/cochwy-County-Wide_Fifth_Penny_Sales_Tax
cochwy-Work_Session_10-14-22,Work Session 10-14-22,2022-10-14T00:00:00Z,2022,Cheyenne,movies,https://archive.org/details/cochwy-Work_Session_10-14-22,https://archive.org/metadata/cochwy-Work_Session_10-14-22
cochwy-Public_Services_Committee_10-18-22,Public Services Committee 10-18-22,2022-10-18T00:00:00Z,2022,Cheyenne,movies,https://archive.org/details/cochwy-Public_Services_Committee_10-18-22,https://archive.org/metadata/cochwy-Public_Services_Committee_10-18-22
cochwy-Finance_Committee_10-17-22,Finance Committee 10-17-22,2022-10-18T00:00:00Z,2022,Cheyenne,movies,https://archive.org/details/cochwy-Finance_Committee_10-17-22,https://archive.org/metadata/cochwy-Finance_Committee_10-17-22
cochwy-10-14-22_MAYOR_COLLINS_FULL_INTERVIEW,10-14-22 MAYOR COLLINS FULL INTERVIEW,2022-10-19T00:00:00Z,2022,Cheyenne,movies,https://archive.org/details/cochwy-10-14-22_MAYOR_COLLINS_FULL_INTERVIEW,https://archive.org/metadata/cochwy-10-14-22_MAYOR_COLLINS_FULL_INTERVIEW
cochwy-Work_Session_-_10_28_22,Work Session: 10/28/22,2022-10-28T00:00:00Z,2022,Cheyenne,movies,https://archive.org/details/cochwy-Work_Session_-_10_28_22,https://archive.org/metadata/cochwy-Work_Session_-_10_28_22
cochwy-OpenGov_Citizen_Services_overview,OpenGov Citizen Services overview,2022-11-01T00:00:00Z,2022,Cheyenne,movies,https://archive.org/details/cochwy-OpenGov_Citizen_Services_overview,https://archive.org/metadata/cochwy-OpenGov_Citizen_Services_overview
cochwy-Finance_Committee_11-07-22,Finance Committee 11-07-22,2022-11-07T00:00:00Z,2022,Cheyenne,movies,https://archive.org/details/cochwy-Finance_Committee_11-07-22,https://archive.org/metadata/cochwy-Finance_Committee_11-07-22
cochwy-11-4-22_KLWY-FOX_27_Mayor_Collins_Interview,11-4-22 KLWY-FOX 27 Mayor Collins Interview,2022-11-07T00:00:00Z,2022,Cheyenne,movies,https://archive.org/details/cochwy-11-4-22_KLWY-FOX_27_Mayor_Collins_Interview,https://archive.org/metadata/cochwy-11-4-22_KLWY-FOX_27_Mayor_Collins_Interview
cochwy-Public_Services_Committee_11-08-22,Public Services Committee 11-08-22,2022-11-09T00:00:00Z,2022,Cheyenne,movies,https://archive.org/details/cochwy-Public_Services_Committee_11-08-22,https://archive.org/metadata/cochwy-Public_Services_Committee_11-08-22
cochwy-City_Council_11-14-22,City Council 11-14-22,2022-11-15T00:00:00Z,2022,Cheyenne,movies,https://archive.org/details/cochwy-City_Council_11-14-22,https://archive.org/metadata/cochwy-City_Council_11-14-22
cochwy-Finance_Committee_11-21-22,Finance Committee 11-21-22,2022-11-23T00:00:00Z,2022,Cheyenne,movies,https://archive.org/details/cochwy-Finance_Committee_11-21-22,https://archive.org/metadata/cochwy-Finance_Committee_11-21-22
cochwy-Public_Services_Committee_11-22-22,Public Services Committee 11-22-22,2022-11-23T00:00:00Z,2022,Cheyenne,movies,https://archive.org/details/cochwy-Public_Services_Committee_11-22-22,https://archive.org/metadata/cochwy-Public_Services_Committee_11-22-22
cochwy-City_Council_11-28-22,City Council 11-28-22,2022-11-29T00:00:00Z,2022,Cheyenne,movies,https://archive.org/details/cochwy-City_Council_11-28-22,https://archive.org/metadata/cochwy-City_Council_11-28-22
cochwy-Finance_Committee_12-05-22,Finance Committee 12-05-22,2022-12-08T00:00:00Z,2022,Cheyenne,movies,https://archive.org/details/cochwy-Finance_Committee_12-05-22,https://archive.org/metadata/cochwy-Finance_Committee_12-05-22
cochwy-Public_Services_Committee_12-06-22,Public Services Committee 12-06-22,2022-12-08T00:00:00Z,2022,Cheyenne,movies,https://archive.org/details/cochwy-Public_Services_Committee_12-06-22,https://archive.org/metadata/cochwy-Public_Services_Committee_12-06-22
cochwy-City_Council_12-12-22,City Council 12-12-22,2022-12-13T00:00:00Z,2022,Cheyenne,movies,https://archive.org/details/cochwy-City_Council_12-12-22,https://archive.org/metadata/cochwy-City_Council_12-12-22
cochwy-Work_Session_12-16-22_Transit_Program,Work Session 12-16-22 Transit Program,2022-12-16T00:00:00Z,2022,Cheyenne,movies,https://archive.org/details/cochwy-Work_Session_12-16-22_Transit_Program,https://archive.org/metadata/cochwy-Work_Session_12-16-22_Transit_Program
cochwy-Work_Session_12-16-22,Work Session 12-16-22,2022-12-16T00:00:00Z,2022,Cheyenne,movies,https://archive.org/details/cochwy-Work_Session_12-16-22,https://archive.org/metadata/cochwy-Work_Session_12-16-22
cochwy-Public_Services_Committee_12-20-22,Public Services Committee 12-20-22,2022-12-20T00:00:00Z,2022,Cheyenne,movies,https://archive.org/details/cochwy-Public_Services_Committee_12-20-22,https://archive.org/metadata/cochwy-Public_Services_Committee_12-20-22
cochwy-Finance_Committee_12-19-22,Finance Committee 12-19-22,2022-12-20T00:00:00Z,2022,Cheyenne,movies,https://archive.org/details/cochwy-Finance_Committee_12-19-22,https://archive.org/metadata/cochwy-Finance_Committee_12-19-22
cochwy-City_Counci_12-27-22,City Counci 12-27-22,2022-12-27T00:00:00Z,2022,Cheyenne,movies,https://archive.org/details/cochwy-City_Counci_12-27-22,https://archive.org/metadata/cochwy-City_Counci_12-27-22
cochwy-Committee_of_the_Whole_12-27-22_Postponed_from_12-21-22,Committee of the Whole 12-27-22 (Postponed from 12-21-22),2022-12-28T00:00:00Z,2022,Cheyenne,movies,https://archive.org/details/cochwy-Committee_of_the_Whole_12-27-22_Postponed_from_12-21-22,https://archive.org/metadata/cochwy-Committee_of_the_Whole_12-27-22_Postponed_from_12-21-22
cochwy-Sine_Die_First_Regular_Meeting_01-03-23,Sine Die/First Regular Meeting 01-03-23,2023-01-03T00:00:00Z,2023,Cheyenne,movies,https://archive.org/details/cochwy-Sine_Die_First_Regular_Meeting_01-03-23,https://archive.org/metadata/cochwy-Sine_Die_First_Regular_Meeting_01-03-23
cochwy-Finance_Committee_Meeting_01-04-23,Finance Committee Meeting 01-04-23,2023-01-05T00:00:00Z,2023,Cheyenne,movies,https://archive.org/details/cochwy-Finance_Committee_Meeting_01-04-23,https://archive.org/metadata/cochwy-Finance_Committee_Meeting_01-04-23
cochwy-Committee_of_the_Whole_-_Building_Codes_01-04-23,Committee of the Whole: Building Codes 01-04-23,2023-01-05T00:00:00Z,2023,Cheyenne,movies,https://archive.org/details/cochwy-Committee_of_the_Whole_-_Building_Codes_01-04-23,https://archive.org/metadata/cochwy-Committee_of_the_Whole_-_Building_Codes_01-04-23
cochwy-Public_Services_Committee_Meeting_01-04-23,Public Services Committee Meeting 01-04-23,2023-01-05T00:00:00Z,2023,Cheyenne,movies,https://archive.org/details/cochwy-Public_Services_Committee_Meeting_01-04-23,https://archive.org/metadata/cochwy-Public_Services_Committee_Meeting_01-04-23
cochwy-Work_Session_-_Audit_01-06-23,Work Session: Audit 01-06-23,2023-01-06T00:00:00Z,2023,Cheyenne,movies,https://archive.org/details/cochwy-Work_Session_-_Audit_01-06-23,https://archive.org/metadata/cochwy-Work_Session_-_Audit_01-06-23
cochwy-City_Council_Meeting_01-09-23,City Council Meeting 01-09-23,2023-01-09T00:00:00Z,2023,Cheyenne,movies,https://archive.org/details/cochwy-City_Council_Meeting_01-09-23,https://archive.org/metadata/cochwy-City_Council_Meeting_01-09-23
cochwy-Finance_Committee_01-17-23,Finance Committee 01-17-23,2023-01-19T00:00:00Z,2023,Cheyenne,movies,https://archive.org/details/cochwy-Finance_Committee_01-17-23,https://archive.org/metadata/cochwy-Finance_Committee_01-17-23
cochwy-01-13-23_KLWY-FOX_27_Mayor_Collins_Interview,01-13-23 KLWY-FOX 27 Mayor Collins Interview,2023-01-19T00:00:00Z,2023,Cheyenne,movies,https://archive.org/details/cochwy-01-13-23_KLWY-FOX_27_Mayor_Collins_Interview,https://archive.org/metadata/cochwy-01-13-23_KLWY-FOX_27_Mayor_Collins_Interview
cochwy-Public_Services_Committee_01-18-23,Public Services Committee 01-18-23,2023-01-19T00:00:00Z,2023,Cheyenne,movies,https://archive.org/details/cochwy-Public_Services_Committee_01-18-23,https://archive.org/metadata/cochwy-Public_Services_Committee_01-18-23
cochwy-Goal_Setting_2023_01-18-23,Goal Setting 2023 01-18-23,2023-01-19T00:00:00Z,2023,Cheyenne,movies,https://archive.org/details/cochwy-Goal_Setting_2023_01-18-23,https://archive.org/metadata/cochwy-Goal_Setting_2023_01-18-23
cochwy-City_Council_Meeting_01_23_23,City Council Meeting 01 23 23,2023-01-24T00:00:00Z,2023,Cheyenne,movies,https://archive.org/details/cochwy-City_Council_Meeting_01_23_23,https://archive.org/metadata/cochwy-City_Council_Meeting_01_23_23
cochwy-01-27-23_KLWY-FOX_27_Mayor_Collins_Interview,01-27-23 KLWY-FOX 27 Mayor Collins Interview,2023-02-01T00:00:00Z,2023,Cheyenne,movies,https://archive.org/details/cochwy-01-27-23_KLWY-FOX_27_Mayor_Collins_Interview,https://archive.org/metadata/cochwy-01-27-23_KLWY-FOX_27_Mayor_Collins_Interview
cochwy-Finance_Committee_Special_Meeting_02-06-23,Finance Committee & Special Meeting 02-06-23,2023-02-07T00:00:00Z,2023,Cheyenne,movies,https://archive.org/details/cochwy-Finance_Committee_Special_Meeting_02-06-23,https://archive.org/metadata/cochwy-Finance_Committee_Special_Meeting_02-06-23
cochwy-Public_Services_Committee_02-07-23,Public Services Committee 02-07-23,2023-02-09T00:00:00Z,2023,Cheyenne,movies,https://archive.org/details/cochwy-Public_Services_Committee_02-07-23,https://archive.org/metadata/cochwy-Public_Services_Committee_02-07-23
cochwy-City_Council_02_13_23,City Council 02 13 23,2023-02-15T00:00:00Z,2023,Cheyenne,movies,https://archive.org/details/cochwy-City_Council_02_13_23,https://archive.org/metadata/cochwy-City_Council_02_13_23
cochwy-Work_Session_-_Downtown_Parking_02-17-23,Work Session - Downtown Parking 02-17-23,2023-02-18T00:00:00Z,2023,Cheyenne,movies,https://archive.org/details/cochwy-Work_Session_-_Downtown_Parking_02-17-23,https://archive.org/metadata/cochwy-Work_Session_-_Downtown_Parking_02-17-23
cochwy-Public_Services_Committee_02-22-23,Public Services Committee 02-22-23,2023-02-22T00:00:00Z,2023,Cheyenne,movies,https://archive.org/details/cochwy-Public_Services_Committee_02-22-23,https://archive.org/metadata/cochwy-Public_Services_Committee_02-22-23
cochwy-Finance_Committee_02-21-23,Finance Committee 02-21-23,2023-02-22T00:00:00Z,2023,Cheyenne,movies,https://archive.org/details/cochwy-Finance_Committee_02-21-23,https://archive.org/metadata/cochwy-Finance_Committee_02-21-23
cochwy-Public_Services_Committee_03-07-23,Public Services Committee 03-07-23,2023-03-08T00:00:00Z,2023,Cheyenne,movies,https://archive.org/details/cochwy-Public_Services_Committee_03-07-23,https://archive.org/metadata/cochwy-Public_Services_Committee_03-07-23
cochwy-Finance_Committee_03-06-23,Finance Committee 03-06-23,2023-03-08T00:00:00Z,2023,Cheyenne,movies,https://archive.org/details/cochwy-Finance_Committee_03-06-23,https://archive.org/metadata/cochwy-Finance_Committee_03-06-23
cochwy-City_Council_03-13-23,City Council 03-13-23,2023-03-14T00:00:00Z,2023,Cheyenne,movies,https://archive.org/details/cochwy-City_Council_03-13-23,https://archive.org/metadata/cochwy-City_Council_03-13-23
cochwy-Finance_Committee_03-20-23,Finance Committee 03-20-23,2023-03-20T00:00:00Z,2023,Cheyenne,movies,https://archive.org/details/cochwy-Finance_Committee_03-20-23,https://archive.org/metadata/cochwy-Finance_Committee_03-20-23
cochwy-Public_Services_Committee_03-21-23,Public Services Committee 03-21-23,2023-03-21T00:00:00Z,2023,Cheyenne,movies,https://archive.org/details/cochwy-Public_Services_Committee_03-21-23,https://archive.org/metadata/cochwy-Public_Services_Committee_03-21-23
cochwy-Committee_of_the_Whole_03-22-23,Committee of the Whole 03-22-23,2023-03-23T00:00:00Z,2023,Cheyenne,movies,https://archive.org/details/cochwy-Committee_of_the_Whole_03-22-23,https://archive.org/metadata/cochwy-Committee_of_the_Whole_03-22-23
cochwy-City_Council_03-27-23,City Council 03-27-23,2023-03-28T00:00:00Z,2023,Cheyenne,movies,https://archive.org/details/cochwy-City_Council_03-27-23,https://archive.org/metadata/cochwy-City_Council_03-27-23
cochwy-Public_Services_Committee_04-04-23,Public Services Committee 04-04-23,2023-04-04T00:00:00Z,2023,Cheyenne,movies,https://archive.org/details/cochwy-Public_Services_Committee_04-04-23,https://archive.org/metadata/cochwy-Public_Services_Committee_04-04-23
cochwy-Finance_Committee_04-03-23,Finance Committee 04-03-23,2023-04-04T00:00:00Z,2023,Cheyenne,movies,https://archive.org/details/cochwy-Finance_Committee_04-03-23,https://archive.org/metadata/cochwy-Finance_Committee_04-03-23
cochwy-City_Council_04-10-23,City Council 04-10-23,2023-04-11T00:00:00Z,2023,Cheyenne,movies,https://archive.org/details/cochwy-City_Council_04-10-23,https://archive.org/metadata/cochwy-City_Council_04-10-23
cochwy-City_Council_Meeting_04-10-23,City Council Meeting 04-10-23,2023-04-11T00:00:00Z,2023,Cheyenne,movies,https://archive.org/details/cochwy-City_Council_Meeting_04-10-23,https://archive.org/metadata/cochwy-City_Council_Meeting_04-10-23
cochwy-Finance_Committee_04-17-23,Finance Committee 04-17-23,2023-04-18T00:00:00Z,2023,Cheyenne,movies,https://archive.org/details/cochwy-Finance_Committee_04-17-23,https://archive.org/metadata/cochwy-Finance_Committee_04-17-23
cochwy-Public_Services_Committee_04-18-23,Public Services Committee 04-18-23,2023-04-18T00:00:00Z,2023,Cheyenne,movies,https://archive.org/details/cochwy-Public_Services_Committee_04-18-23,https://archive.org/metadata/cochwy-Public_Services_Committee_04-18-23
cochwy-City_Council_04-24-23,City Council 04-24-23,2023-04-25T00:00:00Z,2023,Cheyenne,movies,https://archive.org/details/cochwy-City_Council_04-24-23,https://archive.org/metadata/cochwy-City_Council_04-24-23
cochwy-Finance_Committee_05-01-23,Finance Committee 05-01-23,2023-05-02T00:00:00Z,2023,Cheyenne,movies,https://archive.org/details/cochwy-Finance_Committee_05-01-23,https://archive.org/metadata/cochwy-Finance_Committee_05-01-23
cochwy-Budget_Work_Session_-_FY_2024_Overview,Budget Work Session - FY 2024 Overview,2023-05-02T00:00:00Z,2023,Cheyenne,movies,https://archive.org/details/cochwy-Budget_Work_Session_-_FY_2024_Overview,https://archive.org/metadata/cochwy-Budget_Work_Session_-_FY_2024_Overview
cochwy-Public_Services_Committee_05-02-23,Public Services Committee 05-02-23,2023-05-02T00:00:00Z,2023,Cheyenne,movies,https://archive.org/details/cochwy-Public_Services_Committee_05-02-23,https://archive.org/metadata/cochwy-Public_Services_Committee_05-02-23
cochwy-Budget_Work_Session_-_Police_Fire_Departments,Budget Work Session - Police & Fire Departments,2023-05-04T00:00:00Z,2023,Cheyenne,movies,https://archive.org/details/cochwy-Budget_Work_Session_-_Police_Fire_Departments,https://archive.org/metadata/cochwy-Budget_Work_Session_-_Police_Fire_Departments
cochwy-Budget_Work_Session_-_Mayor_Municipal_Court_City_Clerk_Treasurer,"Budget Work Session - Mayor, Municipal Court, City Clerk & Treasurer",2023-05-08T00:00:00Z,2023,Cheyenne,movies,https://archive.org/details/cochwy-Budget_Work_Session_-_Mayor_Municipal_Court_City_Clerk_Treasurer,https://archive.org/metadata/cochwy-Budget_Work_Session_-_Mayor_Municipal_Court_City_Clerk_Treasurer
cochwy-City_Council_Meeting_05-08-23,City Council Meeting 05-08-23,2023-05-09T00:00:00Z,2023,Cheyenne,movies,https://archive.org/details/cochwy-City_Council_Meeting_05-08-23,https://archive.org/metadata/cochwy-City_Council_Meeting_05-08-23
cochwy-Work_Session_05-09-23_Budget_Public_Works,Work Session 05-09-23 Budget Public Works,2023-05-09T00:00:00Z,2023,Cheyenne,movies,https://archive.org/details/cochwy-Work_Session_05-09-23_Budget_Public_Works,https://archive.org/metadata/cochwy-Work_Session_05-09-23_Budget_Public_Works
cochwy-Work_Session_-_Budget_Engineering_Planning_Development_and_DDA,"Work Session - Budget Engineering, Planning & Development and DDA",2023-05-11T00:00:00Z,2023,Cheyenne,movies,https://archive.org/details/cochwy-Work_Session_-_Budget_Engineering_Planning_Development_and_DDA,https://archive.org/metadata/cochwy-Work_Session_-_Budget_Engineering_Planning_Development_and_DDA
cochwy-Work_Session_-_Attorney_HR_Compliance_IT_YA_and_Mayor,"Work Session - Attorney, HR, Compliance/IT, YA and Mayor",2023-05-12T00:00:00Z,2023,Cheyenne,movies,https://archive.org/details/cochwy-Work_Session_-_Attorney_HR_Compliance_IT_YA_and_Mayor,https://archive.org/metadata/cochwy-Work_Session_-_Attorney_HR_Compliance_IT_YA_and_Mayor
cochwy-Finance_Committee_05-15-23,Finance Committee 05-15-23,2023-05-16T00:00:00Z,2023,Cheyenne,movies,https://archive.org/details/cochwy-Finance_Committee_05-15-23,https://archive.org/metadata/cochwy-Finance_Committee_05-15-23
cochwy-Public_Services_Committee_05-16-23,Public Services Committee 05-16-23,2023-05-16T00:00:00Z,2023,Cheyenne,movies,https://archive.org/details/cochwy-Public_Services_Committee_05-16-23,https://archive.org/metadata/cochwy-Public_Services_Committee_05-16-23
cochwy-Committee_of_the_Whole_05-17-23,Committee of the Whole 05-17-23,2023-05-18T00:00:00Z,2023,Cheyenne,movies,https://archive.org/details/cochwy-Committee_of_the_Whole_05-17-23,https://archive.org/metadata/cochwy-Committee_of_the_Whole_05-17-23
cochwy-City_Council_Meeting_05_22_23,City Council Meeting 05 22 23,2023-05-23T00:00:00Z,2023,Cheyenne,movies,https://archive.org/details/cochwy-City_Council_Meeting_05_22_23,https://archive.org/metadata/cochwy-City_Council_Meeting_05_22_23
cochwy-Public_Services_Committee_06-06-23,Public Services Committee 06-06-23,2023-06-07T00:00:00Z,2023,Cheyenne,movies,https://archive.org/details/cochwy-Public_Services_Committee_06-06-23,https://archive.org/metadata/cochwy-Public_Services_Committee_06-06-23
cochwy-Finance_Committee_06-05-23,Finance Committee 06-05-23,2023-06-07T00:00:00Z,2023,Cheyenne,movies,https://archive.org/details/cochwy-Finance_Committee_06-05-23,https://archive.org/metadata/cochwy-Finance_Committee_06-05-23
cochwy-Committee_of_the_Whole_06-07-23,Committee of the Whole 06-07-23,2023-06-08T00:00:00Z,2023,Cheyenne,movies,https://archive.org/details/cochwy-Committee_of_the_Whole_06-07-23,https://archive.org/metadata/cochwy-Committee_of_the_Whole_06-07-23
cochwy-City_Council_06-12-23,City Council 06-12-23,2023-06-13T00:00:00Z,2023,Cheyenne,movies,https://archive.org/details/cochwy-City_Council_06-12-23,https://archive.org/metadata/cochwy-City_Council_06-12-23
cochwy-Finance_Committee_06-20-2023,Finance Committee 06-20-2023,2023-06-22T00:00:00Z,2023,Cheyenne,movies,https://archive.org/details/cochwy-Finance_Committee_06-20-2023,https://archive.org/metadata/cochwy-Finance_Committee_06-20-2023
cochwy-Public_Services_Committee_06-21-23,Public Services Committee 06-21-23,2023-06-22T00:00:00Z,2023,Cheyenne,movies,https://archive.org/details/cochwy-Public_Services_Committee_06-21-23,https://archive.org/metadata/cochwy-Public_Services_Committee_06-21-23
cochwy-Work_Session_-_Cheyenne_Regional_Airport_Updates_06-23-23,Work Session - Cheyenne Regional Airport Updates 06-23-23,2023-06-24T00:00:00Z,2023,Cheyenne,movies,https://archive.org/details/cochwy-Work_Session_-_Cheyenne_Regional_Airport_Updates_06-23-23,https://archive.org/metadata/cochwy-Work_Session_-_Cheyenne_Regional_Airport_Updates_06-23-23
cochwy-City_Council_Meeting_06-26-23,City Council Meeting 06-26-23,2023-06-29T00:00:00Z,2023,Cheyenne,movies,https://archive.org/details/cochwy-City_Council_Meeting_06-26-23,https://archive.org/metadata/cochwy-City_Council_Meeting_06-26-23
cochwy-Work_Session_-_Wise_Water_Action_Committee,Work Session - Wise Water Action Committee,2023-06-30T00:00:00Z,2023,Cheyenne,movies,https://archive.org/details/cochwy-Work_Session_-_Wise_Water_Action_Committee,https://archive.org/metadata/cochwy-Work_Session_-_Wise_Water_Action_Committee
cochwy-Work_Session_-_URA_and_DDA_Updates_07-07-23,Work Session - URA and DDA Updates 07-07-23,2023-07-07T00:00:00Z,2023,Cheyenne,movies,https://archive.org/details/cochwy-Work_Session_-_URA_and_DDA_Updates_07-07-23,https://archive.org/metadata/cochwy-Work_Session_-_URA_and_DDA_Updates_07-07-23
cochwy-Public_Services_Committee_07-05-23,Public Services Committee 07-05-23,2023-07-07T00:00:00Z,2023,Cheyenne,movies,https://archive.org/details/cochwy-Public_Services_Committee_07-05-23,https://archive.org/metadata/cochwy-Public_Services_Committee_07-05-23
cochwy-Finance_Committee_07-05-23,Finance Committee 07-05-23,2023-07-07T00:00:00Z,2023,Cheyenne,movies,https://archive.org/details/cochwy-Finance_Committee_07-05-23,https://archive.org/metadata/cochwy-Finance_Committee_07-05-23
cochwy-City_Council_Meeting_07-10-23,City Council Meeting 07-10-23,2023-07-11T00:00:00Z,2023,Cheyenne,movies,https://archive.org/details/cochwy-City_Council_Meeting_07-10-23,https://archive.org/metadata/cochwy-City_Council_Meeting_07-10-23
cochwy-Finance_Committee_07-17-23,Finance Committee 07-17-23,2023-07-17T00:00:00Z,2023,Cheyenne,movies,https://archive.org/details/cochwy-Finance_Committee_07-17-23,https://archive.org/metadata/cochwy-Finance_Committee_07-17-23
cochwy-Public_Services_Committee_07-18-23,Public Services Committee 07-18-23,2023-07-19T00:00:00Z,2023,Cheyenne,movies,https://archive.org/details/cochwy-Public_Services_Committee_07-18-23,https://archive.org/metadata/cochwy-Public_Services_Committee_07-18-23
cochwy-City_Council_07-24-23,City Council 07-24-23,2023-07-24T00:00:00Z,2023,Cheyenne,movies,https://archive.org/details/cochwy-City_Council_07-24-23,https://archive.org/metadata/cochwy-City_Council_07-24-23
cochwy-Test,Test,2023-07-31T00:00:00Z,2023,Cheyenne,movies,https://archive.org/details/cochwy-Test,https://archive.org/metadata/cochwy-Test
cochwy-Finance_Committee_08-07-23,Finance Committee 08-07-23,2023-08-08T00:00:00Z,2023,Cheyenne,movies,https://archive.org/details/cochwy-Finance_Committee_08-07-23,https://archive.org/metadata/cochwy-Finance_Committee_08-07-23
cochwy-Public_Services_Committee_08-08-23,Public Services Committee 08-08-23,2023-08-08T00:00:00Z,2023,Cheyenne,movies,https://archive.org/details/cochwy-Public_Services_Committee_08-08-23,https://archive.org/metadata/cochwy-Public_Services_Committee_08-08-23
cochwy-Work_Session_-_Juvenile_Justice_Joint_Powers_Board_Updates,Work Session - Juvenile Justice Joint Powers Board Updates,2023-08-12T00:00:00Z,2023,Cheyenne,movies,https://archive.org/details/cochwy-Work_Session_-_Juvenile_Justice_Joint_Powers_Board_Updates,https://archive.org/metadata/cochwy-Work_Session_-_Juvenile_Justice_Joint_Powers_Board_Updates
cochwy-City_Council_08-14-23,City Council 08-14-23,2023-08-15T00:00:00Z,2023,Cheyenne,movies,https://archive.org/details/cochwy-City_Council_08-14-23,https://archive.org/metadata/cochwy-City_Council_08-14-23
cochwy-Finance_Committee_08-21-23,Finance Committee 08-21-23,2023-08-21T00:00:00Z,2023,Cheyenne,movies,https://archive.org/details/cochwy-Finance_Committee_08-21-23,https://archive.org/metadata/cochwy-Finance_Committee_08-21-23
cochwy-Public_Services_Committee_08-22-23,Public Services Committee 08-22-23,2023-08-22T00:00:00Z,2023,Cheyenne,movies,https://archive.org/details/cochwy-Public_Services_Committee_08-22-23,https://archive.org/metadata/cochwy-Public_Services_Committee_08-22-23
cochwy-Work_Session_-_Arboretum_08-25-23,Work Session - Arboretum 08-25-23,2023-08-26T00:00:00Z,2023,Cheyenne,movies,https://archive.org/details/cochwy-Work_Session_-_Arboretum_08-25-23,https://archive.org/metadata/cochwy-Work_Session_-_Arboretum_08-25-23
cochwy-City_Council_08-28-23,City Council 08-28-23,2023-08-28T00:00:00Z,2023,Cheyenne,movies,https://archive.org/details/cochwy-City_Council_08-28-23,https://archive.org/metadata/cochwy-City_Council_08-28-23
cochwy-Finance_Committee_09-05-23,Finance Committee 09-05-23,2023-09-05T00:00:00Z,2023,Cheyenne,movies,https://archive.org/details/cochwy-Finance_Committee_09-05-23,https://archive.org/metadata/cochwy-Finance_Committee_09-05-23
cochwy-Public_Services_Committee_09-06-23,Public Services Committee 09-06-23,2023-09-06T00:00:00Z,2023,Cheyenne,movies,https://archive.org/details/cochwy-Public_Services_Committee_09-06-23,https://archive.org/metadata/cochwy-Public_Services_Committee_09-06-23
cochwy-City_Council_09-11-23,City Council 09-11-23,2023-09-11T00:00:00Z,2023,Cheyenne,movies,https://archive.org/details/cochwy-City_Council_09-11-23,https://archive.org/metadata/cochwy-City_Council_09-11-23
cochwy-Finance_Committee_09-18-23,Finance Committee 09-18-23,2023-09-18T00:00:00Z,2023,Cheyenne,movies,https://archive.org/details/cochwy-Finance_Committee_09-18-23,https://archive.org/metadata/cochwy-Finance_Committee_09-18-23
cochwy-Public_Services_Committee_09-19-23,Public Services Committee 09-19-23,2023-09-19T00:00:00Z,2023,Cheyenne,movies,https://archive.org/details/cochwy-Public_Services_Committee_09-19-23,https://archive.org/metadata/cochwy-Public_Services_Committee_09-19-23
cochwy-City_Council_09-25-23,City Council 09-25-23,2023-09-26T00:00:00Z,2023,Cheyenne,movies,https://archive.org/details/cochwy-City_Council_09-25-23,https://archive.org/metadata/cochwy-City_Council_09-25-23
cochwy-Finance_Committee_10-02-23,Finance Committee 10-02-23,2023-10-02T00:00:00Z,2023,Cheyenne,movies,https://archive.org/details/cochwy-Finance_Committee_10-02-23,https://archive.org/metadata/cochwy-Finance_Committee_10-02-23
cochwy-Public_Services_Committee_10-03-23,Public Services Committee 10-03-23,2023-10-03T00:00:00Z,2023,Cheyenne,movies,https://archive.org/details/cochwy-Public_Services_Committee_10-03-23,https://archive.org/metadata/cochwy-Public_Services_Committee_10-03-23
cochwy-City_Council_10-09-23,City Council 10-09-23,2023-10-10T00:00:00Z,2023,Cheyenne,movies,https://archive.org/details/cochwy-City_Council_10-09-23,https://archive.org/metadata/cochwy-City_Council_10-09-23
cochwy-Finance_Committee_10-16-23,Finance Committee 10-16-23,2023-10-17T00:00:00Z,2023,Cheyenne,movies,https://archive.org/details/cochwy-Finance_Committee_10-16-23,https://archive.org/metadata/cochwy-Finance_Committee_10-16-23
cochwy-Public_Services_Committee_10-17-23,Public Services Committee 10-17-23,2023-10-17T00:00:00Z,2023,Cheyenne,movies,https://archive.org/details/cochwy-Public_Services_Committee_10-17-23,https://archive.org/metadata/cochwy-Public_Services_Committee_10-17-23
cochwy-Work_Session_-_Visit_Cheyenne_Updates_10-20-23,Work Session - Visit Cheyenne Updates 10-20-23,2023-10-20T00:00:00Z,2023,Cheyenne,movies,https://archive.org/details/cochwy-Work_Session_-_Visit_Cheyenne_Updates_10-20-23,https://archive.org/metadata/cochwy-Work_Session_-_Visit_Cheyenne_Updates_10-20-23
cochwy-City_Council_10-23-23,City Council 10-23-23,2023-10-24T00:00:00Z,2023,Cheyenne,movies,https://archive.org/details/cochwy-City_Council_10-23-23,https://archive.org/metadata/cochwy-City_Council_10-23-23
cochwy-Finance_Committee_11-06-23,Finance Committee 11-06-23,2023-11-07T00:00:00Z,2023,Cheyenne,movies,https://archive.org/details/cochwy-Finance_Committee_11-06-23,https://archive.org/metadata/cochwy-Finance_Committee_11-06-23
cochwy-Public_Services_Committee_11-07-23,Public Services Committee 11-07-23,2023-11-07T00:00:00Z,2023,Cheyenne,movies,https://archive.org/details/cochwy-Public_Services_Committee_11-07-23,https://archive.org/metadata/cochwy-Public_Services_Committee_11-07-23
cochwy-City_Council_11-13-23,City Council 11-13-23,2023-11-14T00:00:00Z,2023,Cheyenne,movies,https://archive.org/details/cochwy-City_Council_11-13-23,https://archive.org/metadata/cochwy-City_Council_11-13-23
cochwy-Work_Session_-_Cheyenne_Animal_Shelter_10-17-23,Work Session - Cheyenne Animal Shelter 10-17-23,2023-11-17T00:00:00Z,2023,Cheyenne,movies,https://archive.org/details/cochwy-Work_Session_-_Cheyenne_Animal_Shelter_10-17-23,https://archive.org/metadata/cochwy-Work_Session_-_Cheyenne_Animal_Shelter_10-17-23
cochwy-Finance_Committee_11-20-23,Finance Committee 11-20-23,2023-11-20T00:00:00Z,2023,Cheyenne,movies,https://archive.org/details/cochwy-Finance_Committee_11-20-23,https://archive.org/metadata/cochwy-Finance_Committee_11-20-23
cochwy-Public_Services_Committee_11-21-23,Public Services Committee 11-21-23,2023-11-22T00:00:00Z,2023,Cheyenne,movies,https://archive.org/details/cochwy-Public_Services_Committee_11-21-23,https://archive.org/metadata/cochwy-Public_Services_Committee_11-21-23
cochwy-City_Council_11-27-23,City Council 11-27-23,2023-11-27T00:00:00Z,2023,Cheyenne,movies,https://archive.org/details/cochwy-City_Council_11-27-23,https://archive.org/metadata/cochwy-City_Council_11-27-23
cochwy-Finance_Committee_12-04-23,Finance Committee 12-04-23,2023-12-04T00:00:00Z,2023,Cheyenne,movies,https://archive.org/details/cochwy-Finance_Committee_12-04-23,https://archive.org/metadata/cochwy-Finance_Committee_12-04-23
cochwy-Public_Services_Committee_12-05-23,Public Services Committee 12-05-23,2023-12-06T00:00:00Z,2023,Cheyenne,movies,https://archive.org/details/cochwy-Public_Services_Committee_12-05-23,https://archive.org/metadata/cochwy-Public_Services_Committee_12-05-23
cochwy-City_Council_12-11-23,City Council 12-11-23,2023-12-12T00:00:00Z,2023,Cheyenne,movies,https://archive.org/details/cochwy-City_Council_12-11-23,https://archive.org/metadata/cochwy-City_Council_12-11-23
cochwy-Finance_Committee_12-18-23,Finance Committee 12-18-23,2023-12-18T00:00:00Z,2023,Cheyenne,movies,https://archive.org/details/cochwy-Finance_Committee_12-18-23,https://archive.org/metadata/cochwy-Finance_Committee_12-18-23
cochwy-Public_Services_Committee_12-19-23,Public Services Committee 12-19-23,2023-12-19T00:00:00Z,2023,Cheyenne,movies,https://archive.org/details/cochwy-Public_Services_Committee_12-19-23,https://archive.org/metadata/cochwy-Public_Services_Committee_12-19-23
cochwy-City_Council_12-21-23,City Council 12-21-23,2023-12-21T00:00:00Z,2023,Cheyenne,movies,https://archive.org/details/cochwy-City_Council_12-21-23,https://archive.org/metadata/cochwy-City_Council_12-21-23
cochwy-Finance_Committee_01-02-24,Finance Committee 01-02-24,2024-01-02T00:00:00Z,2024,Cheyenne,movies,https://archive.org/details/cochwy-Finance_Committee_01-02-24,https://archive.org/metadata/cochwy-Finance_Committee_01-02-24
cochwy-Public_Services_Committee_01-03-24,Public Services Committee 01-03-24,2024-01-03T00:00:00Z,2024,Cheyenne,movies,https://archive.org/details/cochwy-Public_Services_Committee_01-03-24,https://archive.org/metadata/cochwy-Public_Services_Committee_01-03-24
cochwy-Work_Session_-_Audit_01-05-24,Work Session - Audit 01-05-24,2024-01-05T00:00:00Z,2024,Cheyenne,movies,https://archive.org/details/cochwy-Work_Session_-_Audit_01-05-24,https://archive.org/metadata/cochwy-Work_Session_-_Audit_01-05-24
cochwy-City_Council_01-08-24,City Council 01-08-24,2024-01-09T00:00:00Z,2024,Cheyenne,movies,https://archive.org/details/cochwy-City_Council_01-08-24,https://archive.org/metadata/cochwy-City_Council_01-08-24
cochwy-Goal_Setting_2024,Goal Setting 2024,2024-01-10T00:00:00Z,2024,Cheyenne,movies,https://archive.org/details/cochwy-Goal_Setting_2024,https://archive.org/metadata/cochwy-Goal_Setting_2024
cochwy-Finance_Committee_01-16-24,Finance Committee 01-16-24,2024-01-16T00:00:00Z,2024,Cheyenne,movies,https://archive.org/details/cochwy-Finance_Committee_01-16-24,https://archive.org/metadata/cochwy-Finance_Committee_01-16-24
cochwy-Public_Services_Committee_01-17-24,Public Services Committee 01-17-24,2024-01-18T00:00:00Z,2024,Cheyenne,movies,https://archive.org/details/cochwy-Public_Services_Committee_01-17-24,https://archive.org/metadata/cochwy-Public_Services_Committee_01-17-24
cochwy-Work_Session_-_Unified_Development_Code_01-19-24,Work Session - Unified Development Code 01-19-24,2024-01-20T00:00:00Z,2024,Cheyenne,movies,https://archive.org/details/cochwy-Work_Session_-_Unified_Development_Code_01-19-24,https://archive.org/metadata/cochwy-Work_Session_-_Unified_Development_Code_01-19-24
cochwy-City_Council_01-22-24,City Council 01-22-24,2024-01-23T00:00:00Z,2024,Cheyenne,movies,https://archive.org/details/cochwy-City_Council_01-22-24,https://archive.org/metadata/cochwy-City_Council_01-22-24
cochwy-Public_Services_Committee_02-06-24,Public Services Committee 02-06-24,2024-02-06T00:00:00Z,2024,Cheyenne,movies,https://archive.org/details/cochwy-Public_Services_Committee_02-06-24,https://archive.org/metadata/cochwy-Public_Services_Committee_02-06-24
cochwy-Finance_Committee_02-05-24,Finance Committee 02-05-24,2024-02-06T00:00:00Z,2024,Cheyenne,movies,https://archive.org/details/cochwy-Finance_Committee_02-05-24,https://archive.org/metadata/cochwy-Finance_Committee_02-05-24
cochwy-City_Council_02-12-24,City Council 02-12-24,2024-02-13T00:00:00Z,2024,Cheyenne,movies,https://archive.org/details/cochwy-City_Council_02-12-24,https://archive.org/metadata/cochwy-City_Council_02-12-24
cochwy-Work_Session_-_Surface_Water_Management_Program_02-16-24,Work Session - Surface Water Management Program 02-16-24,2024-02-17T00:00:00Z,2024,Cheyenne,movies,https://archive.org/details/cochwy-Work_Session_-_Surface_Water_Management_Program_02-16-24,https://archive.org/metadata/cochwy-Work_Session_-_Surface_Water_Management_Program_02-16-24
cochwy-Finance_Committee_02-20-24,Finance Committee 02-20-24,2024-02-20T00:00:00Z,2024,Cheyenne,movies,https://archive.org/details/cochwy-Finance_Committee_02-20-24,https://archive.org/metadata/cochwy-Finance_Committee_02-20-24
cochwy-Public_Services_Committee_02-21-24,Public Services Committee 02-21-24,2024-02-22T00:00:00Z,2024,Cheyenne,movies,https://archive.org/details/cochwy-Public_Services_Committee_02-21-24,https://archive.org/metadata/cochwy-Public_Services_Committee_02-21-24
cochwy-City_Council_02-26-24,City Council 02-26-24,2024-02-27T00:00:00Z,2024,Cheyenne,movies,https://archive.org/details/cochwy-City_Council_02-26-24,https://archive.org/metadata/cochwy-City_Council_02-26-24
cochwy-Finance_Committee_03-04-24,Finance Committee 03-04-24,2024-03-04T00:00:00Z,2024,Cheyenne,movies,https://archive.org/details/cochwy-Finance_Committee_03-04-24,https://archive.org/metadata/cochwy-Finance_Committee_03-04-24
cochwy-Public_Services_Committee_03-05-24,Public Services Committee 03-05-24,2024-03-05T00:00:00Z,2024,Cheyenne,movies,https://archive.org/details/cochwy-Public_Services_Committee_03-05-24,https://archive.org/metadata/cochwy-Public_Services_Committee_03-05-24
cochwy-City_Council_03-11-24,City Council 03-11-24,2024-03-11T00:00:00Z,2024,Cheyenne,movies,https://archive.org/details/cochwy-City_Council_03-11-24,https://archive.org/metadata/cochwy-City_Council_03-11-24
cochwy-Finance_Committee_03-18-24,Finance Committee 03-18-24,2024-03-19T00:00:00Z,2024,Cheyenne,movies,https://archive.org/details/cochwy-Finance_Committee_03-18-24,https://archive.org/metadata/cochwy-Finance_Committee_03-18-24
cochwy-Public_Services_Committee_03-19-24,Public Services Committee 03-19-24,2024-03-19T00:00:00Z,2024,Cheyenne,movies,https://archive.org/details/cochwy-Public_Services_Committee_03-19-24,https://archive.org/metadata/cochwy-Public_Services_Committee_03-19-24
cochwy-Work_Session_-_Cheyenne_LEADS_Updates_03-22-24,Work Session - Cheyenne LEADS Updates 03-22-24,2024-03-23T00:00:00Z,2024,Cheyenne,movies,https://archive.org/details/cochwy-Work_Session_-_Cheyenne_LEADS_Updates_03-22-24,https://archive.org/metadata/cochwy-Work_Session_-_Cheyenne_LEADS_Updates_03-22-24
cochwy-City_Council_03-25-24,City Council 03-25-24,2024-03-25T00:00:00Z,2024,Cheyenne,movies,https://archive.org/details/cochwy-City_Council_03-25-24,https://archive.org/metadata/cochwy-City_Council_03-25-24
cochwy-Finance_Committee_04-01-24,Finance Committee 04-01-24,2024-04-02T00:00:00Z,2024,Cheyenne,movies,https://archive.org/details/cochwy-Finance_Committee_04-01-24,https://archive.org/metadata/cochwy-Finance_Committee_04-01-24
cochwy-Public_Services_Committee_04-02-24,Public Services Committee 04-02-24,2024-04-02T00:00:00Z,2024,Cheyenne,movies,https://archive.org/details/cochwy-Public_Services_Committee_04-02-24,https://archive.org/metadata/cochwy-Public_Services_Committee_04-02-24
cochwy-City_Council_04-08-24,City Council 04-08-24,2024-04-08T00:00:00Z,2024,Cheyenne,movies,https://archive.org/details/cochwy-City_Council_04-08-24,https://archive.org/metadata/cochwy-City_Council_04-08-24
cochwy-Public_Services_Committee_04-16-24,Public Services Committee 04-16-24,2024-04-16T00:00:00Z,2024,Cheyenne,movies,https://archive.org/details/cochwy-Public_Services_Committee_04-16-24,https://archive.org/metadata/cochwy-Public_Services_Committee_04-16-24
cochwy-Finance_Committee_04-15-24,Finance Committee 04-15-24,2024-04-16T00:00:00Z,2024,Cheyenne,movies,https://archive.org/details/cochwy-Finance_Committee_04-15-24,https://archive.org/metadata/cochwy-Finance_Committee_04-15-24
cochwy-City_Council_04-22-24,City Council 04-22-24,2024-04-22T00:00:00Z,2024,Cheyenne,movies,https://archive.org/details/cochwy-City_Council_04-22-24,https://archive.org/metadata/cochwy-City_Council_04-22-24
cochwy-Finance_Committee_05-06-24,Finance Committee 05-06-24,2024-05-06T00:00:00Z,2024,Cheyenne,movies,https://archive.org/details/cochwy-Finance_Committee_05-06-24,https://archive.org/metadata/cochwy-Finance_Committee_05-06-24
cochwy-Public_Services_Committee_05-07-24,Public Services Committee 05-07-24,2024-05-08T00:00:00Z,2024,Cheyenne,movies,https://archive.org/details/cochwy-Public_Services_Committee_05-07-24,https://archive.org/metadata/cochwy-Public_Services_Committee_05-07-24
cochwy-Work_Session_FY_2025_Budget_Overview,Work Session FY 2025 Budget Overview,2024-05-08T00:00:00Z,2024,Cheyenne,movies,https://archive.org/details/cochwy-Work_Session_FY_2025_Budget_Overview,https://archive.org/metadata/cochwy-Work_Session_FY_2025_Budget_Overview
cochwy-Work_Session_FY_2025_Police_Fire,Work Session FY 2025 Police & Fire,2024-05-09T00:00:00Z,2024,Cheyenne,movies,https://archive.org/details/cochwy-Work_Session_FY_2025_Police_Fire,https://archive.org/metadata/cochwy-Work_Session_FY_2025_Police_Fire
cochwy-WS_FY_2025_Community_Recreation_Events,WS FY 2025 Community Recreation & Events,2024-05-10T00:00:00Z,2024,Cheyenne,movies,https://archive.org/details/cochwy-WS_FY_2025_Community_Recreation_Events,https://archive.org/metadata/cochwy-WS_FY_2025_Community_Recreation_Events
cochwy-Wok_Session_FY_2025_Mayor_Court_Clerk_Treasurer_Youth_Alternatives,"Wok Session FY 2025 Mayor, Court, Clerk, Treasurer, & Youth Alternatives",2024-05-13T00:00:00Z,2024,Cheyenne,movies,https://archive.org/details/cochwy-Wok_Session_FY_2025_Mayor_Court_Clerk_Treasurer_Youth_Alternatives,https://archive.org/metadata/cochwy-Wok_Session_FY_2025_Mayor_Court_Clerk_Treasurer_Youth_Alternatives
cochwy-City_Council_05-13-24,City Council 05-13-24,2024-05-13T00:00:00Z,2024,Cheyenne,movies,https://archive.org/details/cochwy-City_Council_05-13-24,https://archive.org/metadata/cochwy-City_Council_05-13-24
cochwy-Work_Session_FY_2025_Public_Works,Work Session FY 2025 Public Works,2024-05-14T00:00:00Z,2024,Cheyenne,movies,https://archive.org/details/cochwy-Work_Session_FY_2025_Public_Works,https://archive.org/metadata/cochwy-Work_Session_FY_2025_Public_Works
cochwy-Work_Session_FY_2025_Engineering_Planning_DDA,"Work Session FY 2025 Engineering, Planning, & DDA",2024-05-15T00:00:00Z,2024,Cheyenne,movies,https://archive.org/details/cochwy-Work_Session_FY_2025_Engineering_Planning_DDA,https://archive.org/metadata/cochwy-Work_Session_FY_2025_Engineering_Planning_DDA
cochwy-Work_Session_FY_2025_Attorney_Human_Resources_IT_Compliance,"Work Session FY 2025 Attorney, Human Resources, IT, & Compliance",2024-05-16T00:00:00Z,2024,Cheyenne,movies,https://archive.org/details/cochwy-Work_Session_FY_2025_Attorney_Human_Resources_IT_Compliance,https://archive.org/metadata/cochwy-Work_Session_FY_2025_Attorney_Human_Resources_IT_Compliance
cochwy-Finance_Committe_05-20-24,Finance Committe 05-20-24,2024-05-20T00:00:00Z,2024,Cheyenne,movies,https://archive.org/details/cochwy-Finance_Committe_05-20-24,https://archive.org/metadata/cochwy-Finance_Committe_05-20-24
cochwy-Public_Services_Committee_05-21-24,Public Services Committee 05-21-24,2024-05-21T00:00:00Z,2024,Cheyenne,movies,https://archive.org/details/cochwy-Public_Services_Committee_05-21-24,https://archive.org/metadata/cochwy-Public_Services_Committee_05-21-24
cochwy-Committe_of_the_Whole_05-22-24,Committe of the Whole 05-22-24,2024-05-23T00:00:00Z,2024,Cheyenne,movies,https://archive.org/details/cochwy-Committe_of_the_Whole_05-22-24,https://archive.org/metadata/cochwy-Committe_of_the_Whole_05-22-24
cochwy-City_Council_05-28-24,City Council 05-28-24,2024-05-29T00:00:00Z,2024,Cheyenne,movies,https://archive.org/details/cochwy-City_Council_05-28-24,https://archive.org/metadata/cochwy-City_Council_05-28-24
cochwy-Finance_Committee_06-03-24,Finance Committee 06-03-24,2024-06-03T00:00:00Z,2024,Cheyenne,movies,https://archive.org/details/cochwy-Finance_Committee_06-03-24,https://archive.org/metadata/cochwy-Finance_Committee_06-03-24
cochwy-Committe_of_the_Whole_06-03-24,Committe of the Whole 06-03-24,2024-06-04T00:00:00Z,2024,Cheyenne,movies,https://archive.org/details/cochwy-Committe_of_the_Whole_06-03-24,https://archive.org/metadata/cochwy-Committe_of_the_Whole_06-03-24
cochwy-Public_Services_Committee_06-04-24,Public Services Committee 06-04-24,2024-06-04T00:00:00Z,2024,Cheyenne,movies,https://archive.org/details/cochwy-Public_Services_Committee_06-04-24,https://archive.org/metadata/cochwy-Public_Services_Committee_06-04-24
cochwy-City_Council_Meeting_06-10-24,City Council Meeting 06-10-24,2024-06-11T00:00:00Z,2024,Cheyenne,movies,https://archive.org/details/cochwy-City_Council_Meeting_06-10-24,https://archive.org/metadata/cochwy-City_Council_Meeting_06-10-24
cochwy-Finance_Committee_06-17-24,Finance Committee 06-17-24,2024-06-17T00:00:00Z,2024,Cheyenne,movies,https://archive.org/details/cochwy-Finance_Committee_06-17-24,https://archive.org/metadata/cochwy-Finance_Committee_06-17-24
cochwy-Public_Services_Committee_06-18-24,Public Services Committee 06-18-24,2024-06-18T00:00:00Z,2024,Cheyenne,movies,https://archive.org/details/cochwy-Public_Services_Committee_06-18-24,https://archive.org/metadata/cochwy-Public_Services_Committee_06-18-24
cochwy-Work_Session_-_Engineering_Department_Updates_06-21-24,Work Session - Engineering Department Updates 06-21-24,2024-06-21T00:00:00Z,2024,Cheyenne,movies,https://archive.org/details/cochwy-Work_Session_-_Engineering_Department_Updates_06-21-24,https://archive.org/metadata/cochwy-Work_Session_-_Engineering_Department_Updates_06-21-24
cochwy-Work_Session_06-21-24_Engineering_Updates,Work Session 06-21-24 Engineering Updates,2024-06-21T00:00:00Z,2024,Cheyenne,movies,https://archive.org/details/cochwy-Work_Session_06-21-24_Engineering_Updates,https://archive.org/metadata/cochwy-Work_Session_06-21-24_Engineering_Updates
cochwy-City_Council_Meeting_06-24-24,City Council Meeting 06-24-24,2024-06-25T00:00:00Z,2024,Cheyenne,movies,https://archive.org/details/cochwy-City_Council_Meeting_06-24-24,https://archive.org/metadata/cochwy-City_Council_Meeting_06-24-24
cochwy-Work_Session_-_Belvoir_Master_Plan_Updates_06-28-24,Work Session - Belvoir Master Plan Updates 06-28-24,2024-06-28T00:00:00Z,2024,Cheyenne,movies,https://archive.org/details/cochwy-Work_Session_-_Belvoir_Master_Plan_Updates_06-28-24,https://archive.org/metadata/cochwy-Work_Session_-_Belvoir_Master_Plan_Updates_06-28-24
cochwy--Work_Session_-_Belvoir_Master_Plan_Updates_06-28-24,-Work Session - Belvoir Master Plan Updates 06-28-24,2024-06-29T00:00:00Z,2024,Cheyenne,movies,https://archive.org/details/cochwy--Work_Session_-_Belvoir_Master_Plan_Updates_06-28-24,https://archive.org/metadata/cochwy--Work_Session_-_Belvoir_Master_Plan_Updates_06-28-24
cochwy-Public_Services_Committee_07-02-24,Public Services Committee 07-02-24,2024-07-02T00:00:00Z,2024,Cheyenne,movies,https://archive.org/details/cochwy-Public_Services_Committee_07-02-24,https://archive.org/metadata/cochwy-Public_Services_Committee_07-02-24
cochwy-Finance_Committee_07-01-24,Finance Committee 07-01-24,2024-07-02T00:00:00Z,2024,Cheyenne,movies,https://archive.org/details/cochwy-Finance_Committee_07-01-24,https://archive.org/metadata/cochwy-Finance_Committee_07-01-24
cochwy-City_Council_Meeting_07-05-24,City Council Meeting 07-05-24,2024-07-08T00:00:00Z,2024,Cheyenne,movies,https://archive.org/details/cochwy-City_Council_Meeting_07-05-24,https://archive.org/metadata/cochwy-City_Council_Meeting_07-05-24
cochwy-Work_Session_-_Surface_Water_Management_Program_07-12-24,Work Session - Surface Water Management Program 07-12-24,2024-07-13T00:00:00Z,2024,Cheyenne,movies,https://archive.org/details/cochwy-Work_Session_-_Surface_Water_Management_Program_07-12-24,https://archive.org/metadata/cochwy-Work_Session_-_Surface_Water_Management_Program_07-12-24
cochwy-Finance_Committee_07-15-24,Finance Committee 07-15-24,2024-07-15T00:00:00Z,2024,Cheyenne,movies,https://archive.org/details/cochwy-Finance_Committee_07-15-24,https://archive.org/metadata/cochwy-Finance_Committee_07-15-24
cochwy-Public_Services_Committee_07-16-24,Public Services Committee 07-16-24,2024-07-16T00:00:00Z,2024,Cheyenne,movies,https://archive.org/details/cochwy-Public_Services_Committee_07-16-24,https://archive.org/metadata/cochwy-Public_Services_Committee_07-16-24
cochwy-City_Council_Meeting_07-22-24,City Council Meeting 07-22-24,2024-07-23T00:00:00Z,2024,Cheyenne,movies,https://archive.org/details/cochwy-City_Council_Meeting_07-22-24,https://archive.org/metadata/cochwy-City_Council_Meeting_07-22-24
cochwy-Finance_Committee_08-05-24,Finance Committee 08-05-24,2024-08-05T00:00:00Z,2024,Cheyenne,movies,https://archive.org/details/cochwy-Finance_Committee_08-05-24,https://archive.org/metadata/cochwy-Finance_Committee_08-05-24
cochwy-Public_Services_Committee_08-06-24,Public Services Committee 08-06-24,2024-08-06T00:00:00Z,2024,Cheyenne,movies,https://archive.org/details/cochwy-Public_Services_Committee_08-06-24,https://archive.org/metadata/cochwy-Public_Services_Committee_08-06-24
cochwy-Work_Session_-_8th_Avenue_Airport_Terminal_Updates_-08-09-24,Work Session - 8th Avenue Airport Terminal Updates -08-09-24,2024-08-10T00:00:00Z,2024,Cheyenne,movies,https://archive.org/details/cochwy-Work_Session_-_8th_Avenue_Airport_Terminal_Updates_-08-09-24,https://archive.org/metadata/cochwy-Work_Session_-_8th_Avenue_Airport_Terminal_Updates_-08-09-24
cochwy-City_Counci_Meeting_08-12-24,City Counci Meeting 08-12-24,2024-08-12T00:00:00Z,2024,Cheyenne,movies,https://archive.org/details/cochwy-City_Counci_Meeting_08-12-24,https://archive.org/metadata/cochwy-City_Counci_Meeting_08-12-24
cochwy-Work_Session_-_Pumphouse_Updates_08-16-24,Work Session - Pumphouse Updates 08-16-24,2024-08-17T00:00:00Z,2024,Cheyenne,movies,https://archive.org/details/cochwy-Work_Session_-_Pumphouse_Updates_08-16-24,https://archive.org/metadata/cochwy-Work_Session_-_Pumphouse_Updates_08-16-24
cochwy-Public_Services_Committee_08-20-24,Public Services Committee 08-20-24,2024-08-20T00:00:00Z,2024,Cheyenne,movies,https://archive.org/details/cochwy-Public_Services_Committee_08-20-24,https://archive.org/metadata/cochwy-Public_Services_Committee_08-20-24
cochwy-Finance_Committee_08-19-24,Finance Committee 08-19-24,2024-08-20T00:00:00Z,2024,Cheyenne,movies,https://archive.org/details/cochwy-Finance_Committee_08-19-24,https://archive.org/metadata/cochwy-Finance_Committee_08-19-24
cochwy-Goal_Setting_Review_Aug_2024,Goal Setting Review Aug 2024,2024-08-22T00:00:00Z,2024,Cheyenne,movies,https://archive.org/details/cochwy-Goal_Setting_Review_Aug_2024,https://archive.org/metadata/cochwy-Goal_Setting_Review_Aug_2024
cochwy-Work_Session_-_Creation_of_a_Business_Park_Zone_District_08-23-24,Work Session - Creation of a Business Park Zone District 08-23-24,2024-08-23T00:00:00Z,2024,Cheyenne,movies,https://archive.org/details/cochwy-Work_Session_-_Creation_of_a_Business_Park_Zone_District_08-23-24,https://archive.org/metadata/cochwy-Work_Session_-_Creation_of_a_Business_Park_Zone_District_08-23-24
cochwy-City_Council_Meeting_08-26-24,City Council Meeting 08-26-24,2024-08-26T00:00:00Z,2024,Cheyenne,movies,https://archive.org/details/cochwy-City_Council_Meeting_08-26-24,https://archive.org/metadata/cochwy-City_Council_Meeting_08-26-24
cochwy-Finance_Committee_09-03-24,Finance Committee 09-03-24,2024-09-03T00:00:00Z,2024,Cheyenne,movies,https://archive.org/details/cochwy-Finance_Committee_09-03-24,https://archive.org/metadata/cochwy-Finance_Committee_09-03-24
cochwy-Public_Services_Committee_09-04-24,Public Services Committee 09-04-24,2024-09-04T00:00:00Z,2024,Cheyenne,movies,https://archive.org/details/cochwy-Public_Services_Committee_09-04-24,https://archive.org/metadata/cochwy-Public_Services_Committee_09-04-24
cochwy-City_Council_Meeting_09-09-24,City Council Meeting 09-09-24,2024-09-10T00:00:00Z,2024,Cheyenne,movies,https://archive.org/details/cochwy-City_Council_Meeting_09-09-24,https://archive.org/metadata/cochwy-City_Council_Meeting_09-09-24
cochwy-Capitol_Historic_District_Signs_Meeting_09-12-24,Capitol Historic District Signs Meeting 09-12-24,2024-09-12T00:00:00Z,2024,Cheyenne,movies,https://archive.org/details/cochwy-Capitol_Historic_District_Signs_Meeting_09-12-24,https://archive.org/metadata/cochwy-Capitol_Historic_District_Signs_Meeting_09-12-24
cochwy-Work_Session_-_Parks_Master_Plan_Update_09-13-24,Work Session - Parks Master Plan Update 09-13-24,2024-09-14T00:00:00Z,2024,Cheyenne,movies,https://archive.org/details/cochwy-Work_Session_-_Parks_Master_Plan_Update_09-13-24,https://archive.org/metadata/cochwy-Work_Session_-_Parks_Master_Plan_Update_09-13-24
cochwy-Finance_Committee_09-16-24,Finance Committee 09-16-24,2024-09-16T00:00:00Z,2024,Cheyenne,movies,https://archive.org/details/cochwy-Finance_Committee_09-16-24,https://archive.org/metadata/cochwy-Finance_Committee_09-16-24
cochwy-Public_Services_Committee_09-17-24,Public Services Committee 09-17-24,2024-09-17T00:00:00Z,2024,Cheyenne,movies,https://archive.org/details/cochwy-Public_Services_Committee_09-17-24,https://archive.org/metadata/cochwy-Public_Services_Committee_09-17-24
cochwy-Work_Session_-_Fire_Rescue_Updates_09-20-24,Work Session - Fire & Rescue Updates 09-20-24,2024-09-21T00:00:00Z,2024,Cheyenne,movies,https://archive.org/details/cochwy-Work_Session_-_Fire_Rescue_Updates_09-20-24,https://archive.org/metadata/cochwy-Work_Session_-_Fire_Rescue_Updates_09-20-24
cochwy-City_Council_09-23-24,City Council 09-23-24,2024-09-24T00:00:00Z,2024,Cheyenne,movies,https://archive.org/details/cochwy-City_Council_09-23-24,https://archive.org/metadata/cochwy-City_Council_09-23-24
cochwy-Street_Addresses,Street Addresses,2024-10-03T00:00:00Z,2024,Cheyenne,movies,https://archive.org/details/cochwy-Street_Addresses,https://archive.org/metadata/cochwy-Street_Addresses
cochwy-An_Example_of_a_Bad_Sprinkler_Head,An Example of a Bad Sprinkler Head,2024-10-03T00:00:00Z,2024,Cheyenne,movies,https://archive.org/details/cochwy-An_Example_of_a_Bad_Sprinkler_Head,https://archive.org/metadata/cochwy-An_Example_of_a_Bad_Sprinkler_Head
cochwy-Finance_Committee_10-07-24,Finance Committee 10-07-24,2024-10-07T00:00:00Z,2024,Cheyenne,movies,https://archive.org/details/cochwy-Finance_Committee_10-07-24,https://archive.org/metadata/cochwy-Finance_Committee_10-07-24
cochwy-Public_Services_Committee_10-08-24,Public Services Committee 10-08-24,2024-10-09T00:00:00Z,2024,Cheyenne,movies,https://archive.org/details/cochwy-Public_Services_Committee_10-08-24,https://archive.org/metadata/cochwy-Public_Services_Committee_10-08-24
cochwy-Outlet_Covered_and_Not_Covered,Outlet Covered and Not Covered,2024-10-09T00:00:00Z,2024,Cheyenne,movies,https://archive.org/details/cochwy-Outlet_Covered_and_Not_Covered,https://archive.org/metadata/cochwy-Outlet_Covered_and_Not_Covered
cochwy-Fire_Hydrant,Fire Hydrant,2024-10-10T00:00:00Z,2024,Cheyenne,movies,https://archive.org/details/cochwy-Fire_Hydrant,https://archive.org/metadata/cochwy-Fire_Hydrant
cochwy-Good_Sprinkler_Head,Good Sprinkler Head,2024-10-10T00:00:00Z,2024,Cheyenne,movies,https://archive.org/details/cochwy-Good_Sprinkler_Head,https://archive.org/metadata/cochwy-Good_Sprinkler_Head
cochwy-No_Bollards_on_Gas,No Bollards on Gas,2024-10-10T00:00:00Z,2024,Cheyenne,movies,https://archive.org/details/cochwy-No_Bollards_on_Gas,https://archive.org/metadata/cochwy-No_Bollards_on_Gas
cochwy-CO2_Safety,CO2 Safety,2024-10-10T00:00:00Z,2024,Cheyenne,movies,https://archive.org/details/cochwy-CO2_Safety,https://archive.org/metadata/cochwy-CO2_Safety
cochwy-Ceiling_Tiles,Ceiling Tiles,2024-10-10T00:00:00Z,2024,Cheyenne,movies,https://archive.org/details/cochwy-Ceiling_Tiles,https://archive.org/metadata/cochwy-Ceiling_Tiles
cochwy-No_Smoking_Signs,No Smoking Signs,2024-10-10T00:00:00Z,2024,Cheyenne,movies,https://archive.org/details/cochwy-No_Smoking_Signs,https://archive.org/metadata/cochwy-No_Smoking_Signs
cochwy-Sprinkler_Riser,Sprinkler Riser,2024-10-10T00:00:00Z,2024,Cheyenne,movies,https://archive.org/details/cochwy-Sprinkler_Riser,https://archive.org/metadata/cochwy-Sprinkler_Riser
cochwy-Covered_Outlet_and_Not_Covered_Outlet_With,Covered Outlet and Not Covered Outlet With,2024-10-10T00:00:00Z,2024,Cheyenne,movies,https://archive.org/details/cochwy-Covered_Outlet_and_Not_Covered_Outlet_With,https://archive.org/metadata/cochwy-Covered_Outlet_and_Not_Covered_Outlet_With
cochwy-Exits,Exits,2024-10-10T00:00:00Z,2024,Cheyenne,movies,https://archive.org/details/cochwy-Exits,https://archive.org/metadata/cochwy-Exits
cochwy-FACP,FACP,2024-10-10T00:00:00Z,2024,Cheyenne,movies,https://archive.org/details/cochwy-FACP,https://archive.org/metadata/cochwy-FACP
cochwy-Powerstrips,Powerstrips,2024-10-10T00:00:00Z,2024,Cheyenne,movies,https://archive.org/details/cochwy-Powerstrips,https://archive.org/metadata/cochwy-Powerstrips
cochwy-Dumpster,Dumpster,2024-10-10T00:00:00Z,2024,Cheyenne,movies,https://archive.org/details/cochwy-Dumpster,https://archive.org/metadata/cochwy-Dumpster
cochwy-Exit_Lighting,Exit Lighting,2024-10-10T00:00:00Z,2024,Cheyenne,movies,https://archive.org/details/cochwy-Exit_Lighting,https://archive.org/metadata/cochwy-Exit_Lighting
cochwy-Bad_Sprinkler_Head,Bad Sprinkler Head,2024-10-10T00:00:00Z,2024,Cheyenne,movies,https://archive.org/details/cochwy-Bad_Sprinkler_Head,https://archive.org/metadata/cochwy-Bad_Sprinkler_Head
cochwy-Breaker_Panel,Breaker Panel,2024-10-10T00:00:00Z,2024,Cheyenne,movies,https://archive.org/details/cochwy-Breaker_Panel,https://archive.org/metadata/cochwy-Breaker_Panel
cochwy-Knox_Box,Knox Box,2024-10-10T00:00:00Z,2024,Cheyenne,movies,https://archive.org/details/cochwy-Knox_Box,https://archive.org/metadata/cochwy-Knox_Box
cochwy-City_Council_10-14-24,City Council 10-14-24,2024-10-15T00:00:00Z,2024,Cheyenne,movies,https://archive.org/details/cochwy-City_Council_10-14-24,https://archive.org/metadata/cochwy-City_Council_10-14-24
cochwy-Finance_Committee_10-21-24,Finance Committee 10-21-24,2024-10-21T00:00:00Z,2024,Cheyenne,movies,https://archive.org/details/cochwy-Finance_Committee_10-21-24,https://archive.org/metadata/cochwy-Finance_Committee_10-21-24
cochwy-Public_Services_Committee_10-22-24,Public Services Committee 10-22-24,2024-10-23T00:00:00Z,2024,Cheyenne,movies,https://archive.org/details/cochwy-Public_Services_Committee_10-22-24,https://archive.org/metadata/cochwy-Public_Services_Committee_10-22-24
cochwy-City_Council_10-28-24,City Council 10-28-24,2024-10-29T00:00:00Z,2024,Cheyenne,movies,https://archive.org/details/cochwy-City_Council_10-28-24,https://archive.org/metadata/cochwy-City_Council_10-28-24
cochwy-Public_Services_Committee_11-05-24,Public Services Committee 11-05-24,2024-11-05T00:00:00Z,2024,Cheyenne,movies,https://archive.org/details/cochwy-Public_Services_Committee_11-05-24,https://archive.org/metadata/cochwy-Public_Services_Committee_11-05-24
cochwy-Finance_Committee_11-04-24,Finance Committee 11-04-24,2024-11-05T00:00:00Z,2024,Cheyenne,movies,https://archive.org/details/cochwy-Finance_Committee_11-04-24,https://archive.org/metadata/cochwy-Finance_Committee_11-04-24
cochwy-Work_Session_-_Horse_Palace_Swan_Ranch_Master_Plan_-_11-08-24,Work Session - Horse Palace Swan Ranch Master Plan - 11-08-24,2024-11-08T00:00:00Z,2024,Cheyenne,movies,https://archive.org/details/cochwy-Work_Session_-_Horse_Palace_Swan_Ranch_Master_Plan_-_11-08-24,https://archive.org/metadata/cochwy-Work_Session_-_Horse_Palace_Swan_Ranch_Master_Plan_-_11-08-24
cochwy-City_Council_11-12-24,City Council 11-12-24,2024-11-13T00:00:00Z,2024,Cheyenne,movies,https://archive.org/details/cochwy-City_Council_11-12-24,https://archive.org/metadata/cochwy-City_Council_11-12-24
cochwy-Finance_Committee_11-18-24,Finance Committee 11-18-24,2024-11-19T00:00:00Z,2024,Cheyenne,movies,https://archive.org/details/cochwy-Finance_Committee_11-18-24,https://archive.org/metadata/cochwy-Finance_Committee_11-18-24
cochwy-Public_Services_Committee_11-19-24,Public Services Committee 11-19-24,2024-11-19T00:00:00Z,2024,Cheyenne,movies,https://archive.org/details/cochwy-Public_Services_Committee_11-19-24,https://archive.org/metadata/cochwy-Public_Services_Committee_11-19-24
cochwy-Committee_of_the_Whole_11-20-24,Committee of the Whole 11-20-24,2024-11-21T00:00:00Z,2024,Cheyenne,movies,https://archive.org/details/cochwy-Committee_of_the_Whole_11-20-24,https://archive.org/metadata/cochwy-Committee_of_the_Whole_11-20-24
cochwy-City_Council_Meeting_11-25-24,City Council Meeting 11-25-24,2024-11-26T00:00:00Z,2024,Cheyenne,movies,https://archive.org/details/cochwy-City_Council_Meeting_11-25-24,https://archive.org/metadata/cochwy-City_Council_Meeting_11-25-24
cochwy-Finance_Committee_12-02-24,Finance Committee 12-02-24,2024-12-02T00:00:00Z,2024,Cheyenne,movies,https://archive.org/details/cochwy-Finance_Committee_12-02-24,https://archive.org/metadata/cochwy-Finance_Committee_12-02-24
cochwy-Public_Services_Committee_12-03-24,Public Services Committee 12-03-24,2024-12-03T00:00:00Z,2024,Cheyenne,movies,https://archive.org/details/cochwy-Public_Services_Committee_12-03-24,https://archive.org/metadata/cochwy-Public_Services_Committee_12-03-24
cochwy-Committee_of_the_Whole-12-04-24,Committee of the Whole-12-04-24,2024-12-05T00:00:00Z,2024,Cheyenne,movies,https://archive.org/details/cochwy-Committee_of_the_Whole-12-04-24,https://archive.org/metadata/cochwy-Committee_of_the_Whole-12-04-24
cochwy-City_Council_Meeting_12-09-24,City Council Meeting 12-09-24,2024-12-10T00:00:00Z,2024,Cheyenne,movies,https://archive.org/details/cochwy-City_Council_Meeting_12-09-24,https://archive.org/metadata/cochwy-City_Council_Meeting_12-09-24
cochwy-Work_Session_-_12-13-24_-_Municipal_Building_Spatial_Analysis,Work Session - 12-13-24 - Municipal Building Spatial Analysis,2024-12-14T00:00:00Z,2024,Cheyenne,movies,https://archive.org/details/cochwy-Work_Session_-_12-13-24_-_Municipal_Building_Spatial_Analysis,https://archive.org/metadata/cochwy-Work_Session_-_12-13-24_-_Municipal_Building_Spatial_Analysis
cochwy-Finance_Committee_12-16-24,Finance Committee 12-16-24,2024-12-16T00:00:00Z,2024,Cheyenne,movies,https://archive.org/details/cochwy-Finance_Committee_12-16-24,https://archive.org/metadata/cochwy-Finance_Committee_12-16-24
cochwy-Public_Services_Committee_12-17-24,Public Services Committee 12-17-24,2024-12-18T00:00:00Z,2024,Cheyenne,movies,https://archive.org/details/cochwy-Public_Services_Committee_12-17-24,https://archive.org/metadata/cochwy-Public_Services_Committee_12-17-24
cochwy-City_Council_12-23-24,City Council 12-23-24,2024-12-24T00:00:00Z,2024,Cheyenne,movies,https://archive.org/details/cochwy-City_Council_12-23-24,https://archive.org/metadata/cochwy-City_Council_12-23-24
cochwy-Public_Services_Committee_01-06-25,Public Services Committee 01-06-25,2025-01-07T00:00:00Z,2025,Cheyenne,movies,https://archive.org/details/cochwy-Public_Services_Committee_01-06-25,https://archive.org/metadata/cochwy-Public_Services_Committee_01-06-25
cochwy-Sine_Die_First_Regular_Meeting_-_01-06-25,Sine Die & First Regular Meeting - 01-06-25,2025-01-07T00:00:00Z,2025,Cheyenne,movies,https://archive.org/details/cochwy-Sine_Die_First_Regular_Meeting_-_01-06-25,https://archive.org/metadata/cochwy-Sine_Die_First_Regular_Meeting_-_01-06-25
cochwy-Finance_Committee_01-07-25,Finance Committee 01-07-25,2025-01-07T00:00:00Z,2025,Cheyenne,movies,https://archive.org/details/cochwy-Finance_Committee_01-07-25,https://archive.org/metadata/cochwy-Finance_Committee_01-07-25
cochwy-Work_Session_-_01-10-25_-_FY_Audit_2024,Work Session - 01-10-25 - FY Audit 2024,2025-01-11T00:00:00Z,2025,Cheyenne,movies,https://archive.org/details/cochwy-Work_Session_-_01-10-25_-_FY_Audit_2024,https://archive.org/metadata/cochwy-Work_Session_-_01-10-25_-_FY_Audit_2024
cochwy-City_Council_01-13-25,City Council 01-13-25,2025-01-14T00:00:00Z,2025,Cheyenne,movies,https://archive.org/details/cochwy-City_Council_01-13-25,https://archive.org/metadata/cochwy-City_Council_01-13-25
cochwy-Work_Session_-_01-17-25_-_Sanitation_Rerouting,Work Session - 01-17-25 - Sanitation Rerouting,2025-01-18T00:00:00Z,2025,Cheyenne,movies,https://archive.org/details/cochwy-Work_Session_-_01-17-25_-_Sanitation_Rerouting,https://archive.org/metadata/cochwy-Work_Session_-_01-17-25_-_Sanitation_Rerouting
cochwy-Finance_Committee_01-22-25,Finance Committee 01-22-25,2025-01-22T00:00:00Z,2025,Cheyenne,movies,https://archive.org/details/cochwy-Finance_Committee_01-22-25,https://archive.org/metadata/cochwy-Finance_Committee_01-22-25
cochwy-Public_Services_Committee_01-21-25,Public Services Committee 01-21-25,2025-01-22T00:00:00Z,2025,Cheyenne,movies,https://archive.org/details/cochwy-Public_Services_Committee_01-21-25,https://archive.org/metadata/cochwy-Public_Services_Committee_01-21-25
cochwy-City_Council_Meeting_01-27-25,City Council Meeting 01-27-25,2025-01-28T00:00:00Z,2025,Cheyenne,movies,https://archive.org/details/cochwy-City_Council_Meeting_01-27-25,https://archive.org/metadata/cochwy-City_Council_Meeting_01-27-25
cochwy-Council_Goal_Setting_2025_Part_1_01-29-25,Council Goal Setting 2025 (Part 1) 01-29-25,2025-01-30T00:00:00Z,2025,Cheyenne,movies,https://archive.org/details/cochwy-Council_Goal_Setting_2025_Part_1_01-29-25,https://archive.org/metadata/cochwy-Council_Goal_Setting_2025_Part_1_01-29-25
cochwy-CFR_Recruitment_Video,CFR Recruitment Video,2025-01-30T00:00:00Z,2025,Cheyenne,movies,https://archive.org/details/cochwy-CFR_Recruitment_Video,https://archive.org/metadata/cochwy-CFR_Recruitment_Video
cochwy-Work_Session_01-31-25_-_15th_Street_Master_Plan_Update,Work Session 01-31-25 - 15th Street Master Plan Update,2025-02-01T00:00:00Z,2025,Cheyenne,movies,https://archive.org/details/cochwy-Work_Session_01-31-25_-_15th_Street_Master_Plan_Update,https://archive.org/metadata/cochwy-Work_Session_01-31-25_-_15th_Street_Master_Plan_Update
cochwy-Public_Services_Committee_02-03-25,Public Services Committee 02-03-25,2025-02-04T00:00:00Z,2025,Cheyenne,movies,https://archive.org/details/cochwy-Public_Services_Committee_02-03-25,https://archive.org/metadata/cochwy-Public_Services_Committee_02-03-25
cochwy-Finance_Committee_02-04-25,Finance Committee 02-04-25,2025-02-04T00:00:00Z,2025,Cheyenne,movies,https://archive.org/details/cochwy-Finance_Committee_02-04-25,https://archive.org/metadata/cochwy-Finance_Committee_02-04-25
cochwy-Goal_Setting_2025_-_Round_2_02-04-25,Goal Setting 2025 - Round 2 02-04-25,2025-02-05T00:00:00Z,2025,Cheyenne,movies,https://archive.org/details/cochwy-Goal_Setting_2025_-_Round_2_02-04-25,https://archive.org/metadata/cochwy-Goal_Setting_2025_-_Round_2_02-04-25
cochwy-Work_Session_02-07-25_-_Thunder_Plains_Racetrack_Cowboy_Racing,Work Session 02-07-25 - Thunder Plains Racetrack & Cowboy Racing,2025-02-08T00:00:00Z,2025,Cheyenne,movies,https://archive.org/details/cochwy-Work_Session_02-07-25_-_Thunder_Plains_Racetrack_Cowboy_Racing,https://archive.org/metadata/cochwy-Work_Session_02-07-25_-_Thunder_Plains_Racetrack_Cowboy_Racing
cochwy-City_Council_-_02-10-25,City Council - 02-10-25,2025-02-11T00:00:00Z,2025,Cheyenne,movies,https://archive.org/details/cochwy-City_Council_-_02-10-25,https://archive.org/metadata/cochwy-City_Council_-_02-10-25
cochwy-Public_Services_Committee_02-18-25,Public Services Committee 02-18-25,2025-02-18T00:00:00Z,2025,Cheyenne,movies,https://archive.org/details/cochwy-Public_Services_Committee_02-18-25,https://archive.org/metadata/cochwy-Public_Services_Committee_02-18-25
cochwy-Finance_Committee_02-19-25,Finance Committee 02-19-25,2025-02-19T00:00:00Z,2025,Cheyenne,movies,https://archive.org/details/cochwy-Finance_Committee_02-19-25,https://archive.org/metadata/cochwy-Finance_Committee_02-19-25
cochwy-Work_Session_-_02-21-25_-_Annual_UDC_Review,Work Session - 02-21-25 - Annual UDC Review,2025-02-22T00:00:00Z,2025,Cheyenne,movies,https://archive.org/details/cochwy-Work_Session_-_02-21-25_-_Annual_UDC_Review,https://archive.org/metadata/cochwy-Work_Session_-_02-21-25_-_Annual_UDC_Review
cochwy-City_Council_Special_Meeting_with_I.A.F.F_Local_No_279_-_02-24-25_-_Complete_Meeting,City Council/Special Meeting with I.A.F.F Local No 279 - 02-24-25 - Complete Meeting,2025-02-25T00:00:00Z,2025,Cheyenne,movies,https://archive.org/details/cochwy-City_Council_Special_Meeting_with_I.A.F.F_Local_No_279_-_02-24-25_-_Complete_Meeting,https://archive.org/metadata/cochwy-City_Council_Special_Meeting_with_I.A.F.F_Local_No_279_-_02-24-25_-_Complete_Meeting
cochwy-City_Council_02-24-25,City Council 02-24-25,2025-02-25T00:00:00Z,2025,Cheyenne,movies,https://archive.org/details/cochwy-City_Council_02-24-25,https://archive.org/metadata/cochwy-City_Council_02-24-25
cochwy-Public_Services_Committee_03-03-25,Public Services Committee 03-03-25,2025-03-04T00:00:00Z,2025,Cheyenne,movies,https://archive.org/details/cochwy-Public_Services_Committee_03-03-25,https://archive.org/metadata/cochwy-Public_Services_Committee_03-03-25
cochwy-Finance_Committee_03-04-25,Finance Committee 03-04-25,2025-03-04T00:00:00Z,2025,Cheyenne,movies,https://archive.org/details/cochwy-Finance_Committee_03-04-25,https://archive.org/metadata/cochwy-Finance_Committee_03-04-25
cochwy-City_Council_03-10-25,City Council 03-10-25,2025-03-11T00:00:00Z,2025,Cheyenne,movies,https://archive.org/details/cochwy-City_Council_03-10-25,https://archive.org/metadata/cochwy-City_Council_03-10-25
cochwy-Sanitation_Truck_Hopper_Fire_-_March_12_2025,"Sanitation Truck Hopper Fire - March 12, 2025",2025-03-17T00:00:00Z,2025,Cheyenne,movies,https://archive.org/details/cochwy-Sanitation_Truck_Hopper_Fire_-_March_12_2025,https://archive.org/metadata/cochwy-Sanitation_Truck_Hopper_Fire_-_March_12_2025
cochwy-Public_Services_Committee_03-17-25,Public Services Committee 03-17-25,2025-03-17T00:00:00Z,2025,Cheyenne,movies,https://archive.org/details/cochwy-Public_Services_Committee_03-17-25,https://archive.org/metadata/cochwy-Public_Services_Committee_03-17-25
cochwy-Finance_Committee_03-28-25,Finance Committee 03-28-25,2025-03-19T00:00:00Z,2025,Cheyenne,movies,https://archive.org/details/cochwy-Finance_Committee_03-28-25,https://archive.org/metadata/cochwy-Finance_Committee_03-28-25
cochwy-City_Council_03-24-25,City Council 03-24-25,2025-03-25T00:00:00Z,2025,Cheyenne,movies,https://archive.org/details/cochwy-City_Council_03-24-25,https://archive.org/metadata/cochwy-City_Council_03-24-25
cochwy-Public_Services_Committee_04-07-25,Public Services Committee 04-07-25,2025-04-09T00:00:00Z,2025,Cheyenne,movies,https://archive.org/details/cochwy-Public_Services_Committee_04-07-25,https://archive.org/metadata/cochwy-Public_Services_Committee_04-07-25
cochwy-Finance_Committee_04-08-25,Finance Committee 04-08-25,2025-04-09T00:00:00Z,2025,Cheyenne,movies,https://archive.org/details/cochwy-Finance_Committee_04-08-25,https://archive.org/metadata/cochwy-Finance_Committee_04-08-25
cochwy-Work_Session_04-11-25_Belvoir_Ranch_Master_Plan_Updates,Work Session 04-11-25 Belvoir Ranch Master Plan Updates,2025-04-12T00:00:00Z,2025,Cheyenne,movies,https://archive.org/details/cochwy-Work_Session_04-11-25_Belvoir_Ranch_Master_Plan_Updates,https://archive.org/metadata/cochwy-Work_Session_04-11-25_Belvoir_Ranch_Master_Plan_Updates
cochwy-City_Council_04-14-25,City Council 04-14-25,2025-04-15T00:00:00Z,2025,Cheyenne,movies,https://archive.org/details/cochwy-City_Council_04-14-25,https://archive.org/metadata/cochwy-City_Council_04-14-25
cochwy-Work_Session_04-18-25_-_BOPU_FY_2026_Budget_Presentation,Work Session 04-18-25 - BOPU FY 2026 Budget Presentation,2025-04-21T00:00:00Z,2025,Cheyenne,movies,https://archive.org/details/cochwy-Work_Session_04-18-25_-_BOPU_FY_2026_Budget_Presentation,https://archive.org/metadata/cochwy-Work_Session_04-18-25_-_BOPU_FY_2026_Budget_Presentation
cochwy-Public_Services_Committee_04-21-25,Public Services Committee 04-21-25,2025-04-23T00:00:00Z,2025,Cheyenne,movies,https://archive.org/details/cochwy-Public_Services_Committee_04-21-25,https://archive.org/metadata/cochwy-Public_Services_Committee_04-21-25
cochwy-Finance_Committee_04-22-25,Finance Committee 04-22-25,2025-04-23T00:00:00Z,2025,Cheyenne,movies,https://archive.org/details/cochwy-Finance_Committee_04-22-25,https://archive.org/metadata/cochwy-Finance_Committee_04-22-25
cochwy-Work_Session_-_Pumphouse_Updates_-_04-25-25,Work Session - Pumphouse Updates - 04-25-25,2025-04-26T00:00:00Z,2025,Cheyenne,movies,https://archive.org/details/cochwy-Work_Session_-_Pumphouse_Updates_-_04-25-25,https://archive.org/metadata/cochwy-Work_Session_-_Pumphouse_Updates_-_04-25-25
cochwy-City_Council_Meeting_-04-28-25,City Council Meeting -04-28-25,2025-04-29T00:00:00Z,2025,Cheyenne,movies,https://archive.org/details/cochwy-City_Council_Meeting_-04-28-25,https://archive.org/metadata/cochwy-City_Council_Meeting_-04-28-25
cochwy-Work_Session_-_FY_Budget_2026_-_Overview,Work Session - FY Budget 2026 - Overview,2025-05-03T00:00:00Z,2025,Cheyenne,movies,https://archive.org/details/cochwy-Work_Session_-_FY_Budget_2026_-_Overview,https://archive.org/metadata/cochwy-Work_Session_-_FY_Budget_2026_-_Overview
cochwy-Public_Services_Committee_05-05-25,Public Services Committee 05-05-25,2025-05-06T00:00:00Z,2025,Cheyenne,movies,https://archive.org/details/cochwy-Public_Services_Committee_05-05-25,https://archive.org/metadata/cochwy-Public_Services_Committee_05-05-25
cochwy-Work_Session_-_FY_2026_Budget_Public_Works_-_05-07-25,Work Session - FY 2026 Budget Public Works - 05-07-25,2025-05-08T00:00:00Z,2025,Cheyenne,movies,https://archive.org/details/cochwy-Work_Session_-_FY_2026_Budget_Public_Works_-_05-07-25,https://archive.org/metadata/cochwy-Work_Session_-_FY_2026_Budget_Public_Works_-_05-07-25
cochwy-Finance_Committee_05-06-25,Finance Committee 05-06-25,2025-05-08T00:00:00Z,2025,Cheyenne,movies,https://archive.org/details/cochwy-Finance_Committee_05-06-25,https://archive.org/metadata/cochwy-Finance_Committee_05-06-25
cochwy-Work_Session_-_FY_2026_Budget_City_Clerk_Fire_Rescue_-_05-08-25,Work Session - FY 2026 Budget City Clerk & Fire Rescue - 05-08-25,2025-05-09T00:00:00Z,2025,Cheyenne,movies,https://archive.org/details/cochwy-Work_Session_-_FY_2026_Budget_City_Clerk_Fire_Rescue_-_05-08-25,https://archive.org/metadata/cochwy-Work_Session_-_FY_2026_Budget_City_Clerk_Fire_Rescue_-_05-08-25
cochwy-Work_Session_-_FY_2026_-_City_Attorney_Engineering_Dept._-05-09-25,Work Session - FY 2026 - City Attorney & Engineering Dept. -05-09-25,2025-05-10T00:00:00Z,2025,Cheyenne,movies,https://archive.org/details/cochwy-Work_Session_-_FY_2026_-_City_Attorney_Engineering_Dept._-05-09-25,https://archive.org/metadata/cochwy-Work_Session_-_FY_2026_-_City_Attorney_Engineering_Dept._-05-09-25
cochwy-Work_Session_-_FY_2026_-_Community_Recreation_Events_-_05-12-25,Work Session - FY 2026 - Community Recreation & Events - 05-12-25,2025-05-13T00:00:00Z,2025,Cheyenne,movies,https://archive.org/details/cochwy-Work_Session_-_FY_2026_-_Community_Recreation_Events_-_05-12-25,https://archive.org/metadata/cochwy-Work_Session_-_FY_2026_-_Community_Recreation_Events_-_05-12-25
cochwy-City_Council_Meeting_-05-12-25,City Council Meeting -05-12-25,2025-05-13T00:00:00Z,2025,Cheyenne,movies,https://archive.org/details/cochwy-City_Council_Meeting_-05-12-25,https://archive.org/metadata/cochwy-City_Council_Meeting_-05-12-25
cochwy-Work_Session_-_FY_2026_Budget_-_Municipal_Court_Cheyenne_Police_Department,Work Session - FY 2026 Budget - Municipal Court & Cheyenne Police Department,2025-05-15T00:00:00Z,2025,Cheyenne,movies,https://archive.org/details/cochwy-Work_Session_-_FY_2026_Budget_-_Municipal_Court_Cheyenne_Police_Department,https://archive.org/metadata/cochwy-Work_Session_-_FY_2026_Budget_-_Municipal_Court_Cheyenne_Police_Department
cochwy-Work_Session_-_FY_2026_Budget_-_Planning_Development_and_Downtown_Development_Authority,Work Session - FY 2026 Budget - Planning & Development and Downtown Development Authority,2025-05-16T00:00:00Z,2025,Cheyenne,movies,https://archive.org/details/cochwy-Work_Session_-_FY_2026_Budget_-_Planning_Development_and_Downtown_Development_Authority,https://archive.org/metadata/cochwy-Work_Session_-_FY_2026_Budget_-_Planning_Development_and_Downtown_Development_Authority
cochwy-Work_Session_-_FY_2026_Budget_-_Compliance_Department,Work Session - FY 2026 Budget - Compliance Department,2025-05-17T00:00:00Z,2025,Cheyenne,movies,https://archive.org/details/cochwy-Work_Session_-_FY_2026_Budget_-_Compliance_Department,https://archive.org/metadata/cochwy-Work_Session_-_FY_2026_Budget_-_Compliance_Department
cochwy-Public_Services_Committee_05-19-25,Public Services Committee 05-19-25,2025-05-19T00:00:00Z,2025,Cheyenne,movies,https://archive.org/details/cochwy-Public_Services_Committee_05-19-25,https://archive.org/metadata/cochwy-Public_Services_Committee_05-19-25
cochwy-Finance_Committee_05-20-25,Finance Committee 05-20-25,2025-05-20T00:00:00Z,2025,Cheyenne,movies,https://archive.org/details/cochwy-Finance_Committee_05-20-25,https://archive.org/metadata/cochwy-Finance_Committee_05-20-25
cochwy-Committee_of_the_Whole_-_05-21-25,Committee of the Whole - 05-21-25,2025-05-22T00:00:00Z,2025,Cheyenne,movies,https://archive.org/details/cochwy-Committee_of_the_Whole_-_05-21-25,https://archive.org/metadata/cochwy-Committee_of_the_Whole_-_05-21-25
cochwy-City_Council_Meeting_-05-27-25,City Council Meeting -05-27-25,2025-05-28T00:00:00Z,2025,Cheyenne,movies,https://archive.org/details/cochwy-City_Council_Meeting_-05-27-25,https://archive.org/metadata/cochwy-City_Council_Meeting_-05-27-25
cochwy-Work_Session_-_Cheyenne_Rail_Site_Study_Presentation_-05-30-25,Work Session - Cheyenne Rail Site Study Presentation -05-30-25,2025-05-31T00:00:00Z,2025,Cheyenne,movies,https://archive.org/details/cochwy-Work_Session_-_Cheyenne_Rail_Site_Study_Presentation_-05-30-25,https://archive.org/metadata/cochwy-Work_Session_-_Cheyenne_Rail_Site_Study_Presentation_-05-30-25
cochwy-Public_Services_Committee_06-02-25,Public Services Committee 06-02-25,2025-06-02T00:00:00Z,2025,Cheyenne,movies,https://archive.org/details/cochwy-Public_Services_Committee_06-02-25,https://archive.org/metadata/cochwy-Public_Services_Committee_06-02-25
cochwy-Finance_Committee_06-03-25,Finance Committee 06-03-25,2025-06-04T00:00:00Z,2025,Cheyenne,movies,https://archive.org/details/cochwy-Finance_Committee_06-03-25,https://archive.org/metadata/cochwy-Finance_Committee_06-03-25
cochwy-City_Council_-_Committee_of_the_Whole_-_June_4_2025,"City Council - Committee of the Whole - June 4, 2025",2025-06-05T00:00:00Z,2025,Cheyenne,movies,https://archive.org/details/cochwy-City_Council_-_Committee_of_the_Whole_-_June_4_2025,https://archive.org/metadata/cochwy-City_Council_-_Committee_of_the_Whole_-_June_4_2025
cochwy-Work_Session_-_City_Initiated_Re_Zoning_-_06-06-25,Work Session - City Initiated Re Zoning - 06-06-25,2025-06-07T00:00:00Z,2025,Cheyenne,movies,https://archive.org/details/cochwy-Work_Session_-_City_Initiated_Re_Zoning_-_06-06-25,https://archive.org/metadata/cochwy-Work_Session_-_City_Initiated_Re_Zoning_-_06-06-25
cochwy-City_Council-06-09-25,City Council-06-09-25,2025-06-10T00:00:00Z,2025,Cheyenne,movies,https://archive.org/details/cochwy-City_Council-06-09-25,https://archive.org/metadata/cochwy-City_Council-06-09-25
cochwy-Public_Services_Committee_06-16-25,Public Services Committee 06-16-25,2025-06-18T00:00:00Z,2025,Cheyenne,movies,https://archive.org/details/cochwy-Public_Services_Committee_06-16-25,https://archive.org/metadata/cochwy-Public_Services_Committee_06-16-25
cochwy-Finance_Committee_06-17-25,Finance Committee 06-17-25,2025-06-18T00:00:00Z,2025,Cheyenne,movies,https://archive.org/details/cochwy-Finance_Committee_06-17-25,https://archive.org/metadata/cochwy-Finance_Committee_06-17-25
cochwy-City_Council-06-23-25,City Council-06-23-25,2025-06-24T00:00:00Z,2025,Cheyenne,movies,https://archive.org/details/cochwy-City_Council-06-23-25,https://archive.org/metadata/cochwy-City_Council-06-23-25
cochwy-Work_Session_-_06-27-25_-City_Re_Branding_CFD_Indian_Village_Presentation,Work Session - 06-27-25 -City Re Branding & CFD Indian Village Presentation,2025-06-28T00:00:00Z,2025,Cheyenne,movies,https://archive.org/details/cochwy-Work_Session_-_06-27-25_-City_Re_Branding_CFD_Indian_Village_Presentation,https://archive.org/metadata/cochwy-Work_Session_-_06-27-25_-City_Re_Branding_CFD_Indian_Village_Presentation
cochwy-Work_Session_-_Pumphouse_History_with_Cheyenne_Historic_Inc.,Work Session - Pumphouse History with Cheyenne Historic Inc.,2025-07-04T00:00:00Z,2025,Cheyenne,movies,https://archive.org/details/cochwy-Work_Session_-_Pumphouse_History_with_Cheyenne_Historic_Inc.,https://archive.org/metadata/cochwy-Work_Session_-_Pumphouse_History_with_Cheyenne_Historic_Inc.
cochwy-Public_Services_Committee_07-07-25,Public Services Committee 07-07-25,2025-07-07T00:00:00Z,2025,Cheyenne,movies,https://archive.org/details/cochwy-Public_Services_Committee_07-07-25,https://archive.org/metadata/cochwy-Public_Services_Committee_07-07-25
cochwy-Finance_Committee_07-08-25,Finance Committee 07-08-25,2025-07-08T00:00:00Z,2025,Cheyenne,movies,https://archive.org/details/cochwy-Finance_Committee_07-08-25,https://archive.org/metadata/cochwy-Finance_Committee_07-08-25
cochwy-Work_Session_-_6th_Penny_Projects-_Aquatic_and_Greenway,Work Session - 6th Penny Projects- Aquatic and Greenway,2025-07-12T00:00:00Z,2025,Cheyenne,movies,https://archive.org/details/cochwy-Work_Session_-_6th_Penny_Projects-_Aquatic_and_Greenway,https://archive.org/metadata/cochwy-Work_Session_-_6th_Penny_Projects-_Aquatic_and_Greenway
cochwy-City_Council-_7-14-25,City Council- 7-14-25,2025-07-15T00:00:00Z,2025,Cheyenne,movies,https://archive.org/details/cochwy-City_Council-_7-14-25,https://archive.org/metadata/cochwy-City_Council-_7-14-25
cochwy-Finance_Committee_07-22-25,Finance Committee 07-22-25,2025-07-22T00:00:00Z,2025,Cheyenne,movies,https://archive.org/details/cochwy-Finance_Committee_07-22-25,https://archive.org/metadata/cochwy-Finance_Committee_07-22-25
cochwy-Public_Services_Committee_07-21-25,Public Services Committee 07-21-25,2025-07-22T00:00:00Z,2025,Cheyenne,movies,https://archive.org/details/cochwy-Public_Services_Committee_07-21-25,https://archive.org/metadata/cochwy-Public_Services_Committee_07-21-25
cochwy-Council_Update_July_2025_-_Dr._Rinne,Council Update July 2025 - Dr. Rinne,2025-07-28T00:00:00Z,2025,Cheyenne,movies,https://archive.org/details/cochwy-Council_Update_July_2025_-_Dr._Rinne,https://archive.org/metadata/cochwy-Council_Update_July_2025_-_Dr._Rinne
cochwy-Goal_Setting_Mid_-_Year_2025,Goal Setting Mid - Year 2025,2025-07-31T00:00:00Z,2025,Cheyenne,movies,https://archive.org/details/cochwy-Goal_Setting_Mid_-_Year_2025,https://archive.org/metadata/cochwy-Goal_Setting_Mid_-_Year_2025
cochwy-City_Council_07-28-25,City Council 07-28-25,2025-07-31T00:00:00Z,2025,Cheyenne,movies,https://archive.org/details/cochwy-City_Council_07-28-25,https://archive.org/metadata/cochwy-City_Council_07-28-25
cochwy-Work_Session_-_08-01-25_-_6th_Penny_Projects_-_Cheyenne_Police_Department,Work Session - 08-01-25 - 6th Penny Projects - Cheyenne Police Department,2025-08-02T00:00:00Z,2025,Cheyenne,movies,https://archive.org/details/cochwy-Work_Session_-_08-01-25_-_6th_Penny_Projects_-_Cheyenne_Police_Department,https://archive.org/metadata/cochwy-Work_Session_-_08-01-25_-_6th_Penny_Projects_-_Cheyenne_Police_Department
cochwy-Public_Services_Committee_08-04-25,Public Services Committee 08-04-25,2025-08-04T00:00:00Z,2025,Cheyenne,movies,https://archive.org/details/cochwy-Public_Services_Committee_08-04-25,https://archive.org/metadata/cochwy-Public_Services_Committee_08-04-25
cochwy-Finance_Committee_08-05-25,Finance Committee 08-05-25,2025-08-05T00:00:00Z,2025,Cheyenne,movies,https://archive.org/details/cochwy-Finance_Committee_08-05-25,https://archive.org/metadata/cochwy-Finance_Committee_08-05-25
cochwy-City_Council-_08-11-2024,City Council- 08-11-2024,2025-08-12T00:00:00Z,2025,Cheyenne,movies,https://archive.org/details/cochwy-City_Council-_08-11-2024,https://archive.org/metadata/cochwy-City_Council-_08-11-2024
cochwy-Council_Update_August_2025,Council Update August 2025,2025-08-14T00:00:00Z,2025,Cheyenne,movies,https://archive.org/details/cochwy-Council_Update_August_2025,https://archive.org/metadata/cochwy-Council_Update_August_2025
cochwy-Work_Session_-_08-15-25_-_City_Communication_Public_Engagement,Work Session - 08-15-25 - City Communication & Public Engagement,2025-08-15T00:00:00Z,2025,Cheyenne,movies,https://archive.org/details/cochwy-Work_Session_-_08-15-25_-_City_Communication_Public_Engagement,https://archive.org/metadata/cochwy-Work_Session_-_08-15-25_-_City_Communication_Public_Engagement
cochwy-Finance_Committee_08-19-25,Finance Committee 08-19-25,2025-08-19T00:00:00Z,2025,Cheyenne,movies,https://archive.org/details/cochwy-Finance_Committee_08-19-25,https://archive.org/metadata/cochwy-Finance_Committee_08-19-25
cochwy-Public_Services_Committee_08-18-25,Public Services Committee 08-18-25,2025-08-19T00:00:00Z,2025,Cheyenne,movies,https://archive.org/details/cochwy-Public_Services_Committee_08-18-25,https://archive.org/metadata/cochwy-Public_Services_Committee_08-18-25
cochwy-City_Council_-_08-25-25,City Council - 08-25-25,2025-08-26T00:00:00Z,2025,Cheyenne,movies,https://archive.org/details/cochwy-City_Council_-_08-25-25,https://archive.org/metadata/cochwy-City_Council_-_08-25-25
cochwy-Finance_Committee_09-03-25,Finance Committee 09-03-25,2025-09-03T00:00:00Z,2025,Cheyenne,movies,https://archive.org/details/cochwy-Finance_Committee_09-03-25,https://archive.org/metadata/cochwy-Finance_Committee_09-03-25
cochwy-Public_Services_Committee_09-02-25,Public Services Committee 09-02-25,2025-09-03T00:00:00Z,2025,Cheyenne,movies,https://archive.org/details/cochwy-Public_Services_Committee_09-02-25,https://archive.org/metadata/cochwy-Public_Services_Committee_09-02-25
cochwy-Work_Session_-_6th_Penny_Presentations_-_8th_Avenue_Airport_Terminal_-_09-05-25,Work Session - 6th Penny Presentations - 8th Avenue Airport Terminal - 09-05-25,2025-09-06T00:00:00Z,2025,Cheyenne,movies,https://archive.org/details/cochwy-Work_Session_-_6th_Penny_Presentations_-_8th_Avenue_Airport_Terminal_-_09-05-25,https://archive.org/metadata/cochwy-Work_Session_-_6th_Penny_Presentations_-_8th_Avenue_Airport_Terminal_-_09-05-25
cochwy-City_Council_Meeting_Sept._8_2025,"City Council Meeting Sept. 8, 2025",2025-09-10T00:00:00Z,2025,Cheyenne,movies,https://archive.org/details/cochwy-City_Council_Meeting_Sept._8_2025,https://archive.org/metadata/cochwy-City_Council_Meeting_Sept._8_2025
cochwy-Council_President_s_Monthly_Update_-_September_2025,Council President’s Monthly Update - September 2025,2025-09-11T00:00:00Z,2025,Cheyenne,movies,https://archive.org/details/cochwy-Council_President_s_Monthly_Update_-_September_2025,https://archive.org/metadata/cochwy-Council_President_s_Monthly_Update_-_September_2025
cochwy-Public_Services_Committee_-_09-15-2025,Public Services Committee - 09-15-2025,2025-09-16T00:00:00Z,2025,Cheyenne,movies,https://archive.org/details/cochwy-Public_Services_Committee_-_09-15-2025,https://archive.org/metadata/cochwy-Public_Services_Committee_-_09-15-2025
cochwy-Finance_Committee_-_09-15-2025,Finance Committee - 09-15-2025,2025-09-16T00:00:00Z,2025,Cheyenne,movies,https://archive.org/details/cochwy-Finance_Committee_-_09-15-2025,https://archive.org/metadata/cochwy-Finance_Committee_-_09-15-2025
cochwy-CTAC_Fireside_Chat_Sept_2025_Cybersecurity,CTAC Fireside Chat Sept 2025 Cybersecurity,2025-09-19T00:00:00Z,2025,Cheyenne,movies,https://archive.org/details/cochwy-CTAC_Fireside_Chat_Sept_2025_Cybersecurity,https://archive.org/metadata/cochwy-CTAC_Fireside_Chat_Sept_2025_Cybersecurity
cochwy-City_Council_Meeting_September_22_2025,"City Council Meeting September 22, 2025",2025-09-23T00:00:00Z,2025,Cheyenne,movies,https://archive.org/details/cochwy-City_Council_Meeting_September_22_2025,https://archive.org/metadata/cochwy-City_Council_Meeting_September_22_2025
cochwy-Work_Session_-_10-03-25_-_6th_Penny_Presentation_-_Fire_Rescue_Department,Work Session - 10-03-25 - 6th Penny Presentation - Fire Rescue Department,2025-10-03T00:00:00Z,2025,Cheyenne,movies,https://archive.org/details/cochwy-Work_Session_-_10-03-25_-_6th_Penny_Presentation_-_Fire_Rescue_Department,https://archive.org/metadata/cochwy-Work_Session_-_10-03-25_-_6th_Penny_Presentation_-_Fire_Rescue_Department
cochwy-Public_Services_Committee_-_10-06-25,Public Services Committee - 10-06-25,2025-10-06T00:00:00Z,2025,Cheyenne,movies,https://archive.org/details/cochwy-Public_Services_Committee_-_10-06-25,https://archive.org/metadata/cochwy-Public_Services_Committee_-_10-06-25
cochwy-Public_Services_Committee_10-06-2025,Public Services Committee 10-06-2025,2025-10-07T00:00:00Z,2025,Cheyenne,movies,https://archive.org/details/cochwy-Public_Services_Committee_10-06-2025,https://archive.org/metadata/cochwy-Public_Services_Committee_10-06-2025
cochwy-Finance_Committee_10-07-2025,Finance Committee 10-07-2025,2025-10-08T00:00:00Z,2025,Cheyenne,movies,https://archive.org/details/cochwy-Finance_Committee_10-07-2025,https://archive.org/metadata/cochwy-Finance_Committee_10-07-2025
cochwy-Work_Session_-_6th_Penny_Presentation_-_Reed_Avenue_Corridor_-_10-10-25,Work Session - 6th Penny Presentation - Reed Avenue Corridor - 10-10-25,2025-10-10T00:00:00Z,2025,Cheyenne,movies,https://archive.org/details/cochwy-Work_Session_-_6th_Penny_Presentation_-_Reed_Avenue_Corridor_-_10-10-25,https://archive.org/metadata/cochwy-Work_Session_-_6th_Penny_Presentation_-_Reed_Avenue_Corridor_-_10-10-25
cochwy-City_Council_Meeting_10-13-25,City Council Meeting 10-13-25,2025-10-14T00:00:00Z,2025,Cheyenne,movies,https://archive.org/details/cochwy-City_Council_Meeting_10-13-25,https://archive.org/metadata/cochwy-City_Council_Meeting_10-13-25
cochwy-Finance_Committee_10-21-25,Finance Committee 10-21-25,2025-10-22T00:00:00Z,2025,Cheyenne,movies,https://archive.org/details/cochwy-Finance_Committee_10-21-25,https://archive.org/metadata/cochwy-Finance_Committee_10-21-25
cochwy-Public_Services_Committee_10-20-25,Public Services Committee 10-20-25,2025-10-22T00:00:00Z,2025,Cheyenne,movies,https://archive.org/details/cochwy-Public_Services_Committee_10-20-25,https://archive.org/metadata/cochwy-Public_Services_Committee_10-20-25
cochwy-CTAC_Fireside_Chat_Oct_2025_-_Steve_Lupien_-_Frontier_Stable_Token,CTAC Fireside Chat Oct 2025 - Steve Lupien - Frontier Stable Token,2025-10-23T00:00:00Z,2025,Cheyenne,movies,https://archive.org/details/cochwy-CTAC_Fireside_Chat_Oct_2025_-_Steve_Lupien_-_Frontier_Stable_Token,https://archive.org/metadata/cochwy-CTAC_Fireside_Chat_Oct_2025_-_Steve_Lupien_-_Frontier_Stable_Token
cochwy-Work_Session_10-24-25_-_6th_Penny_Presentation_-_Road_Maintenance_Engineering_Department_U,Work Session 10-24-25 - 6th Penny Presentation - Road Maintenance & Engineering Department Updates,2025-10-24T00:00:00Z,2025,Cheyenne,movies,https://archive.org/details/cochwy-Work_Session_10-24-25_-_6th_Penny_Presentation_-_Road_Maintenance_Engineering_Department_U,https://archive.org/metadata/cochwy-Work_Session_10-24-25_-_6th_Penny_Presentation_-_Road_Maintenance_Engineering_Department_U
cochwy-City_Council_Meeting_10-27-25,City Council Meeting 10-27-25,2025-10-28T00:00:00Z,2025,Cheyenne,movies,https://archive.org/details/cochwy-City_Council_Meeting_10-27-25,https://archive.org/metadata/cochwy-City_Council_Meeting_10-27-25
cochwy-Work_Session_10-31-25_-_Prospering_Together_-_Laramie_County_s_Path_to_a_Sustainable_Futur,Work Session 10-31-25 - Prospering Together: Laramie County's Path to a Sustainable Future,2025-10-31T00:00:00Z,2025,Cheyenne,movies,https://archive.org/details/cochwy-Work_Session_10-31-25_-_Prospering_Together_-_Laramie_County_s_Path_to_a_Sustainable_Futur,https://archive.org/metadata/cochwy-Work_Session_10-31-25_-_Prospering_Together_-_Laramie_County_s_Path_to_a_Sustainable_Futur
cochwy-Finance_Committee_11-04-25,Finance Committee 11-04-25,2025-11-05T00:00:00Z,2025,Cheyenne,movies,https://archive.org/details/cochwy-Finance_Committee_11-04-25,https://archive.org/metadata/cochwy-Finance_Committee_11-04-25
cochwy-Public_Services_Committee_11-03-25,Public Services Committee 11-03-25,2025-11-05T00:00:00Z,2025,Cheyenne,movies,https://archive.org/details/cochwy-Public_Services_Committee_11-03-25,https://archive.org/metadata/cochwy-Public_Services_Committee_11-03-25
cochwy-Work_Session_-_11-07-25_-_Revenue_Sub_Committee_-_City_Properties,Work Session - 11-07-25 - Revenue Sub Committee - City Properties,2025-11-07T00:00:00Z,2025,Cheyenne,movies,https://archive.org/details/cochwy-Work_Session_-_11-07-25_-_Revenue_Sub_Committee_-_City_Properties,https://archive.org/metadata/cochwy-Work_Session_-_11-07-25_-_Revenue_Sub_Committee_-_City_Properties
cochwy-TEST_11-10-25,TEST 11-10-25,2025-11-10T00:00:00Z,2025,Cheyenne,movies,https://archive.org/details/cochwy-TEST_11-10-25,https://archive.org/metadata/cochwy-TEST_11-10-25
cochwy-City_Council_Meeting_-_11-10-25,City Council Meeting - 11-10-25,2025-11-11T00:00:00Z,2025,Cheyenne,movies,https://archive.org/details/cochwy-City_Council_Meeting_-_11-10-25,https://archive.org/metadata/cochwy-City_Council_Meeting_-_11-10-25
cochwy-Work_Session_-_11-14-25_-_Cheyenne_Animal_Shelter_Updates,Work Session - 11-14-25 - Cheyenne Animal Shelter Updates,2025-11-15T00:00:00Z,2025,Cheyenne,movies,https://archive.org/details/cochwy-Work_Session_-_11-14-25_-_Cheyenne_Animal_Shelter_Updates,https://archive.org/metadata/cochwy-Work_Session_-_11-14-25_-_Cheyenne_Animal_Shelter_Updates
cochwy-Finance_Committee_11-18-25,Finance Committee 11-18-25,2025-11-18T00:00:00Z,2025,Cheyenne,movies,https://archive.org/details/cochwy-Finance_Committee_11-18-25,https://archive.org/metadata/cochwy-Finance_Committee_11-18-25
cochwy-Public_Services_Committee_11-17-25,Public Services Committee 11-17-25,2025-11-18T00:00:00Z,2025,Cheyenne,movies,https://archive.org/details/cochwy-Public_Services_Committee_11-17-25,https://archive.org/metadata/cochwy-Public_Services_Committee_11-17-25
cochwy-City_Council_-_11-24-25,City Council - 11-24-25,2025-11-25T00:00:00Z,2025,Cheyenne,movies,https://archive.org/details/cochwy-City_Council_-_11-24-25,https://archive.org/metadata/cochwy-City_Council_-_11-24-25
cochwy-Finance_Committee_12-02-25,Finance Committee 12-02-25,2025-12-03T00:00:00Z,2025,Cheyenne,movies,https://archive.org/details/cochwy-Finance_Committee_12-02-25,https://archive.org/metadata/cochwy-Finance_Committee_12-02-25
cochwy-Work_Session_-_12-05-25_-_Laramie_County_Community_College_Updates_Rebranding,Work Session - 12-05-25 - Laramie County Community College Updates & Rebranding,2025-12-05T00:00:00Z,2025,Cheyenne,movies,https://archive.org/details/cochwy-Work_Session_-_12-05-25_-_Laramie_County_Community_College_Updates_Rebranding,https://archive.org/metadata/cochwy-Work_Session_-_12-05-25_-_Laramie_County_Community_College_Updates_Rebranding
cochwy-City_Council_Meeting_-_12-08-25,City Council Meeting - 12-08-25,2025-12-09T00:00:00Z,2025,Cheyenne,movies,https://archive.org/details/cochwy-City_Council_Meeting_-_12-08-25,https://archive.org/metadata/cochwy-City_Council_Meeting_-_12-08-25
cochwy-Public_Hearing_-_6th_Penny_Projects_-_12-10-25,Public Hearing - 6th Penny Projects - 12-10-25,2025-12-11T00:00:00Z,2025,Cheyenne,movies,https://archive.org/details/cochwy-Public_Hearing_-_6th_Penny_Projects_-_12-10-25,https://archive.org/metadata/cochwy-Public_Hearing_-_6th_Penny_Projects_-_12-10-25
cochwy-Work_Session_-_10-12-25_-_Cheyenne_Regional_Airport_Master_Plan_Presentation,Work Session - 10-12-25 - Cheyenne Regional Airport Master Plan Presentation,2025-12-13T00:00:00Z,2025,Cheyenne,movies,https://archive.org/details/cochwy-Work_Session_-_10-12-25_-_Cheyenne_Regional_Airport_Master_Plan_Presentation,https://archive.org/metadata/cochwy-Work_Session_-_10-12-25_-_Cheyenne_Regional_Airport_Master_Plan_Presentation
cochwy-Public_Services_Committee_12-15-25,Public Services Committee 12-15-25,2025-12-15T00:00:00Z,2025,Cheyenne,movies,https://archive.org/details/cochwy-Public_Services_Committee_12-15-25,https://archive.org/metadata/cochwy-Public_Services_Committee_12-15-25
cochwy-Finance_Committee_12-16-25,Finance Committee 12-16-25,2025-12-16T00:00:00Z,2025,Cheyenne,movies,https://archive.org/details/cochwy-Finance_Committee_12-16-25,https://archive.org/metadata/cochwy-Finance_Committee_12-16-25
cochwy-CTAC_Fireside_Chat_-_Cortney_Thompson_-_Data_Centers,CTAC Fireside Chat - Cortney Thompson - Data Centers,2025-12-19T00:00:00Z,2025,Cheyenne,movies,https://archive.org/details/cochwy-CTAC_Fireside_Chat_-_Cortney_Thompson_-_Data_Centers,https://archive.org/metadata/cochwy-CTAC_Fireside_Chat_-_Cortney_Thompson_-_Data_Centers
cochwy-City_Council_-_12-22-25,City Council - 12-22-25,2025-12-23T00:00:00Z,2025,Cheyenne,movies,https://archive.org/details/cochwy-City_Council_-_12-22-25,https://archive.org/metadata/cochwy-City_Council_-_12-22-25
cochwy-City_Council_Update_December_2025,City Council Update December 2025,2025-12-31T00:00:00Z,2025,Cheyenne,movies,https://archive.org/details/cochwy-City_Council_Update_December_2025,https://archive.org/metadata/cochwy-City_Council_Update_December_2025
cochwy-City_Council_Update_November_2025,City Council Update November 2025,2025-12-31T00:00:00Z,2025,Cheyenne,movies,https://archive.org/details/cochwy-City_Council_Update_November_2025,https://archive.org/metadata/cochwy-City_Council_Update_November_2025
cochwy-Public_Services_Committee_01-05-26,Public Services Committee 01-05-26,2026-01-05T00:00:00Z,2026,Cheyenne,movies,https://archive.org/details/cochwy-Public_Services_Committee_01-05-26,https://archive.org/metadata/cochwy-Public_Services_Committee_01-05-26
cochwy-Finance_Committee_01-06-26,Finance Committee 01-06-26,2026-01-06T00:00:00Z,2026,Cheyenne,movies,https://archive.org/details/cochwy-Finance_Committee_01-06-26,https://archive.org/metadata/cochwy-Finance_Committee_01-06-26
cochwy-City_Council_-_01-12-26,City Council - 01-12-26,2026-01-13T00:00:00Z,2026,Cheyenne,movies,https://archive.org/details/cochwy-City_Council_-_01-12-26,https://archive.org/metadata/cochwy-City_Council_-_01-12-26
cochwy-Committee_of_the_Whole_01-14-26,Committee of the Whole 01-14-26,2026-01-15T00:00:00Z,2026,Cheyenne,movies,https://archive.org/details/cochwy-Committee_of_the_Whole_01-14-26,https://archive.org/metadata/cochwy-Committee_of_the_Whole_01-14-26
cochwy-Council_Work_Session_-_FY_2025_Audit_Jan._16_2026,"Council Work Session - FY 2025 Audit - Jan. 16, 2026",2026-01-17T00:00:00Z,2026,Cheyenne,movies,https://archive.org/details/cochwy-Council_Work_Session_-_FY_2025_Audit_Jan._16_2026,https://archive.org/metadata/cochwy-Council_Work_Session_-_FY_2025_Audit_Jan._16_2026
cochwy-Public_Services_Committee_01-20-26,Public Services Committee 01-20-26,2026-01-20T00:00:00Z,2026,Cheyenne,movies,https://archive.org/details/cochwy-Public_Services_Committee_01-20-26,https://archive.org/metadata/cochwy-Public_Services_Committee_01-20-26
cochwy-City_Council_Goal_Setting_2026_-_01-15-26,City Council Goal Setting 2026 - 01-15-26,2026-01-20T00:00:00Z,2026,Cheyenne,movies,https://archive.org/details/cochwy-City_Council_Goal_Setting_2026_-_01-15-26,https://archive.org/metadata/cochwy-City_Council_Goal_Setting_2026_-_01-15-26
cochwy-Finance_Committee_01-21-26,Finance Committee 01-21-26,2026-01-21T00:00:00Z,2026,Cheyenne,movies,https://archive.org/details/cochwy-Finance_Committee_01-21-26,https://archive.org/metadata/cochwy-Finance_Committee_01-21-26
cochwy-Special_Meeting_Work_Session_-_Annual_UDC_Review_-_01-23-26,Special Meeting/Work Session - Annual UDC Review - 01-23-26,2026-01-24T00:00:00Z,2026,Cheyenne,movies,https://archive.org/details/cochwy-Special_Meeting_Work_Session_-_Annual_UDC_Review_-_01-23-26,https://archive.org/metadata/cochwy-Special_Meeting_Work_Session_-_Annual_UDC_Review_-_01-23-26
cochwy-City_Council_-_01-26-26,City Council - 01-26-26,2026-01-27T00:00:00Z,2026,Cheyenne,movies,https://archive.org/details/cochwy-City_Council_-_01-26-26,https://archive.org/metadata/cochwy-City_Council_-_01-26-26
cochwy-Public_Services_Committee_02-02-26,Public Services Committee 02-02-26,2026-02-02T00:00:00Z,2026,Cheyenne,movies,https://archive.org/details/cochwy-Public_Services_Committee_02-02-26,https://archive.org/metadata/cochwy-Public_Services_Committee_02-02-26
cochwy-Work_Session_-_6th_Penny_Projects_-_Municipal_Building_Renovation_-_01-30-26,Work Session - 6th Penny Projects - Municipal Building Renovation - 01-30-26,2026-02-02T00:00:00Z,2026,Cheyenne,movies,https://archive.org/details/cochwy-Work_Session_-_6th_Penny_Projects_-_Municipal_Building_Renovation_-_01-30-26,https://archive.org/metadata/cochwy-Work_Session_-_6th_Penny_Projects_-_Municipal_Building_Renovation_-_01-30-26
cochwy-Finance_Committee_02-03-26,Finance Committee 02-03-26,2026-02-03T00:00:00Z,2026,Cheyenne,movies,https://archive.org/details/cochwy-Finance_Committee_02-03-26,https://archive.org/metadata/cochwy-Finance_Committee_02-03-26
cochwy-Work_Session_-_02-06-26_-_New_City_Council_Office_Space_Chambers,Work Session - 02-06-26 - New City Council Office Space/Chambers,2026-02-06T00:00:00Z,2026,Cheyenne,movies,https://archive.org/details/cochwy-Work_Session_-_02-06-26_-_New_City_Council_Office_Space_Chambers,https://archive.org/metadata/cochwy-Work_Session_-_02-06-26_-_New_City_Council_Office_Space_Chambers
cochwy-City_Council_-_02-09-26,City Council - 02-09-26,2026-02-10T00:00:00Z,2026,Cheyenne,movies,https://archive.org/details/cochwy-City_Council_-_02-09-26,https://archive.org/metadata/cochwy-City_Council_-_02-09-26
cochwy-CTAC_Fireside_Chats_-_Jan_2026_-_Troy_Amick_-_LCCC_IT_Career_Pathways,CTAC Fireside Chats - Jan 2026 - Troy Amick: LCCC IT Career Pathways,2026-02-12T00:00:00Z,2026,Cheyenne,movies,https://archive.org/details/cochwy-CTAC_Fireside_Chats_-_Jan_2026_-_Troy_Amick_-_LCCC_IT_Career_Pathways,https://archive.org/metadata/cochwy-CTAC_Fireside_Chats_-_Jan_2026_-_Troy_Amick_-_LCCC_IT_Career_Pathways
cochwy-Finance_Committee_02-18-26,Finance Committee 02-18-26,2026-02-18T00:00:00Z,2026,Cheyenne,movies,https://archive.org/details/cochwy-Finance_Committee_02-18-26,https://archive.org/metadata/cochwy-Finance_Committee_02-18-26
cochwy-Public_Services_Committee_02-17-26,Public Services Committee 02-17-26,2026-02-18T00:00:00Z,2026,Cheyenne,movies,https://archive.org/details/cochwy-Public_Services_Committee_02-17-26,https://archive.org/metadata/cochwy-Public_Services_Committee_02-17-26
cochwy-Special_Meeting_Fire_Negotiations_-02-23-26,Special Meeting Fire Negotiations -02-23-26,2026-02-24T00:00:00Z,2026,Cheyenne,movies,https://archive.org/details/cochwy-Special_Meeting_Fire_Negotiations_-02-23-26,https://archive.org/metadata/cochwy-Special_Meeting_Fire_Negotiations_-02-23-26
cochwy-City_Council_-_02-23-26,City Council - 02-23-26,2026-02-24T00:00:00Z,2026,Cheyenne,movies,https://archive.org/details/cochwy-City_Council_-_02-23-26,https://archive.org/metadata/cochwy-City_Council_-_02-23-26
cochwy-Public_Services_Committee_-_03-02-26,Public Services Committee - 03-02-26,2026-03-02T00:00:00Z,2026,Cheyenne,movies,https://archive.org/details/cochwy-Public_Services_Committee_-_03-02-26,https://archive.org/metadata/cochwy-Public_Services_Committee_-_03-02-26
cochwy-Finance_Committee_-_03-03-26,Finance Committee - 03-03-26,2026-03-03T00:00:00Z,2026,Cheyenne,movies,https://archive.org/details/cochwy-Finance_Committee_-_03-03-26,https://archive.org/metadata/cochwy-Finance_Committee_-_03-03-26
cochwy-Special_Meeting_-_Fire_Negotiations_-_03-05-26,Special Meeting - Fire Negotiations - 03-05-26,2026-03-06T00:00:00Z,2026,Cheyenne,movies,https://archive.org/details/cochwy-Special_Meeting_-_Fire_Negotiations_-_03-05-26,https://archive.org/metadata/cochwy-Special_Meeting_-_Fire_Negotiations_-_03-05-26
cochwy-Work_Session_-_Wyoming_Business_Council_Survey_Results_-_03-06-26,Work Session - Wyoming Business Council Survey Results - 03-06-26,2026-03-07T00:00:00Z,2026,Cheyenne,movies,https://archive.org/details/cochwy-Work_Session_-_Wyoming_Business_Council_Survey_Results_-_03-06-26,https://archive.org/metadata/cochwy-Work_Session_-_Wyoming_Business_Council_Survey_Results_-_03-06-26
cochwy-City_Council_-_03-09-26,City Council - 03-09-26,2026-03-10T00:00:00Z,2026,Cheyenne,movies,https://archive.org/details/cochwy-City_Council_-_03-09-26,https://archive.org/metadata/cochwy-City_Council_-_03-09-26
cochwy-Special_Meeting_-_Fire_Negotiations_-_03-12-26,Special Meeting - Fire Negotiations - 03-12-26,2026-03-13T00:00:00Z,2026,Cheyenne,movies,https://archive.org/details/cochwy-Special_Meeting_-_Fire_Negotiations_-_03-12-26,https://archive.org/metadata/cochwy-Special_Meeting_-_Fire_Negotiations_-_03-12-26
cochwy-Public_Services_Committee_-03-16-26,Public Services Committee -03-16-26,2026-03-16T00:00:00Z,2026,Cheyenne,movies,https://archive.org/details/cochwy-Public_Services_Committee_-03-16-26,https://archive.org/metadata/cochwy-Public_Services_Committee_-03-16-26
cochwy-Special_Meeting_-_Fire_Negotiations_-_03-16-26,Special Meeting - Fire Negotiations - 03-16-26,2026-03-17T00:00:00Z,2026,Cheyenne,movies,https://archive.org/details/cochwy-Special_Meeting_-_Fire_Negotiations_-_03-16-26,https://archive.org/metadata/cochwy-Special_Meeting_-_Fire_Negotiations_-_03-16-26
cochwy-Finance_Committee_03-17-26,Finance Committee 03-17-26,2026-03-17T00:00:00Z,2026,Cheyenne,movies,https://archive.org/details/cochwy-Finance_Committee_03-17-26,https://archive.org/metadata/cochwy-Finance_Committee_03-17-26
cochwy-Special_Meeting_-_Fire_Negotiations_-_03-17-26,Special Meeting - Fire Negotiations - 03-17-26,2026-03-18T00:00:00Z,2026,Cheyenne,movies,https://archive.org/details/cochwy-Special_Meeting_-_Fire_Negotiations_-_03-17-26,https://archive.org/metadata/cochwy-Special_Meeting_-_Fire_Negotiations_-_03-17-26
cochwy-Work_Session_-_Downtown_Development_Authority_Updates_-_03-20-26,Work Session - Downtown Development Authority Updates - 03-20-26,2026-03-21T00:00:00Z,2026,Cheyenne,movies,https://archive.org/details/cochwy-Work_Session_-_Downtown_Development_Authority_Updates_-_03-20-26,https://archive.org/metadata/cochwy-Work_Session_-_Downtown_Development_Authority_Updates_-_03-20-26
cochwy-City_Council_Special_Meeting_-_Fire_Negotiations_-_03-23-26,City Council & Special Meeting - Fire Negotiations - 03-23-26,2026-03-24T00:00:00Z,2026,Cheyenne,movies,https://archive.org/details/cochwy-City_Council_Special_Meeting_-_Fire_Negotiations_-_03-23-26,https://archive.org/metadata/cochwy-City_Council_Special_Meeting_-_Fire_Negotiations_-_03-23-26
cochwy-Public_Services_Committee_-_04-06-26,Public Services Committee - 04-06-26,2026-04-06T00:00:00Z,2026,Cheyenne,movies,https://archive.org/details/cochwy-Public_Services_Committee_-_04-06-26,https://archive.org/metadata/cochwy-Public_Services_Committee_-_04-06-26
cochwy-Finance_Committee_-_04-07-26,Finance Committee - 04-07-26,2026-04-07T00:00:00Z,2026,Cheyenne,movies,https://archive.org/details/cochwy-Finance_Committee_-_04-07-26,https://archive.org/metadata/cochwy-Finance_Committee_-_04-07-26
cochwy-City_Council_-_04-13-26,City Council - 04-13-26,2026-04-14T00:00:00Z,2026,Cheyenne,movies,https://archive.org/details/cochwy-City_Council_-_04-13-26,https://archive.org/metadata/cochwy-City_Council_-_04-13-26
cochwy-Public_Services_Committee_-_04-20-26,Public Services Committee - 04-20-26,2026-04-20T00:00:00Z,2026,Cheyenne,movies,https://archive.org/details/cochwy-Public_Services_Committee_-_04-20-26,https://archive.org/metadata/cochwy-Public_Services_Committee_-_04-20-26
cochwy-Finance_Committee_-_04-21-26,Finance Committee - 04-21-26,2026-04-21T00:00:00Z,2026,Cheyenne,movies,https://archive.org/details/cochwy-Finance_Committee_-_04-21-26,https://archive.org/metadata/cochwy-Finance_Committee_-_04-21-26
cochwy-City_Council_-_04-27-26,City Council - 04-27-26,2026-04-28T00:00:00Z,2026,Cheyenne,movies,https://archive.org/details/cochwy-City_Council_-_04-27-26,https://archive.org/metadata/cochwy-City_Council_-_04-27-26
cochwy-Work_Session_-_City_Employee_Wage_Structure_-_05-01-26,Work Session - City Employee Wage Structure - 05-01-26,2026-05-02T00:00:00Z,2026,Cheyenne,movies,https://archive.org/details/cochwy-Work_Session_-_City_Employee_Wage_Structure_-_05-01-26,https://archive.org/metadata/cochwy-Work_Session_-_City_Employee_Wage_Structure_-_05-01-26
cochwy-Public_Services_Committee_05-04-26,Public Services Committee 05-04-26,2026-05-04T00:00:00Z,2026,Cheyenne,movies,https://archive.org/details/cochwy-Public_Services_Committee_05-04-26,https://archive.org/metadata/cochwy-Public_Services_Committee_05-04-26
cochwy-Finance_Committee_05-05-26,Finance Committee 05-05-26,2026-05-05T00:00:00Z,2026,Cheyenne,movies,https://archive.org/details/cochwy-Finance_Committee_05-05-26,https://archive.org/metadata/cochwy-Finance_Committee_05-05-26
cochwy-Work_Session_-_Fiscal_Year_2027_Budget_-_Overview_Mayor_s_Office_and_Treasurer_s_Office,"Work Session - Fiscal Year 2027 Budget - Overview, Mayor's Office, and Treasurer's Office",2026-05-07T00:00:00Z,2026,Cheyenne,movies,https://archive.org/details/cochwy-Work_Session_-_Fiscal_Year_2027_Budget_-_Overview_Mayor_s_Office_and_Treasurer_s_Office,https://archive.org/metadata/cochwy-Work_Session_-_Fiscal_Year_2027_Budget_-_Overview_Mayor_s_Office_and_Treasurer_s_Office
cochwy-Work_Session_-_Fiscal_Year_2027_Budget_-_Public_Works,Work Session - Fiscal Year 2027 Budget - Public Works,2026-05-08T00:00:00Z,2026,Cheyenne,movies,https://archive.org/details/cochwy-Work_Session_-_Fiscal_Year_2027_Budget_-_Public_Works,https://archive.org/metadata/cochwy-Work_Session_-_Fiscal_Year_2027_Budget_-_Public_Works
cochwy-Work_Session_-_Fiscal_Year_2027_Budget_-_Engineering,Work Session - Fiscal Year 2027 Budget - Engineering,2026-05-09T00:00:00Z,2026,Cheyenne,movies,https://archive.org/details/cochwy-Work_Session_-_Fiscal_Year_2027_Budget_-_Engineering,https://archive.org/metadata/cochwy-Work_Session_-_Fiscal_Year_2027_Budget_-_Engineering
cochwy-Work_Session_-_Fiscal_Year_2027_Budget_-_Compliance,Work Session - Fiscal Year 2027 Budget - Compliance,2026-05-12T00:00:00Z,2026,Cheyenne,movies,https://archive.org/details/cochwy-Work_Session_-_Fiscal_Year_2027_Budget_-_Compliance,https://archive.org/metadata/cochwy-Work_Session_-_Fiscal_Year_2027_Budget_-_Compliance
cochwy-Fiscal_Year_Budget_2027_-_Court_Fire_Police_-_05-11-26,"Fiscal Year Budget 2027 - Court, Fire, Police - 05-11-26",2026-05-12T00:00:00Z,2026,Cheyenne,movies,https://archive.org/details/cochwy-Fiscal_Year_Budget_2027_-_Court_Fire_Police_-_05-11-26,https://archive.org/metadata/cochwy-Fiscal_Year_Budget_2027_-_Court_Fire_Police_-_05-11-26
cochwy-City_Council_-_05-11-26,City Council - 05-11-26,2026-05-12T00:00:00Z,2026,Cheyenne,movies,https://archive.org/details/cochwy-City_Council_-_05-11-26,https://archive.org/metadata/cochwy-City_Council_-_05-11-26
cochwy-Fiscal_Year_Budget_2027_-_Community_Recreation_Events_-_05-13-26,Fiscal Year Budget 2027 - Community Recreation & Events - 05-13-26,2026-05-15T00:00:00Z,2026,Cheyenne,movies,https://archive.org/details/cochwy-Fiscal_Year_Budget_2027_-_Community_Recreation_Events_-_05-13-26,https://archive.org/metadata/cochwy-Fiscal_Year_Budget_2027_-_Community_Recreation_Events_-_05-13-26
cochwy-Fiscal_Year_Budget_2027_-_Planning_Development_and_Downtown_Development_Authority_-_05-15-,Fiscal Year Budget 2027 - Planning & Development and Downtown Development Authority - 05-15-26,2026-05-16T00:00:00Z,2026,Cheyenne,movies,https://archive.org/details/cochwy-Fiscal_Year_Budget_2027_-_Planning_Development_and_Downtown_Development_Authority_-_05-15-,https://archive.org/metadata/cochwy-Fiscal_Year_Budget_2027_-_Planning_Development_and_Downtown_Development_Authority_-_05-15-
cochwy-Public_Services_Committee_05-18-26,Public Services Committee 05-18-26,2026-05-18T00:00:00Z,2026,Cheyenne,movies,https://archive.org/details/cochwy-Public_Services_Committee_05-18-26,https://archive.org/metadata/cochwy-Public_Services_Committee_05-18-26
cochwy-Finance_Committee_05-19-26,Finance Committee 05-19-26,2026-05-19T00:00:00Z,2026,Cheyenne,movies,https://archive.org/details/cochwy-Finance_Committee_05-19-26,https://archive.org/metadata/cochwy-Finance_Committee_05-19-26
cochwy-Committee_of_the_Whole_-_05-20-26,Committee of the Whole - 05-20-26,2026-05-21T00:00:00Z,2026,Cheyenne,movies,https://archive.org/details/cochwy-Committee_of_the_Whole_-_05-20-26,https://archive.org/metadata/cochwy-Committee_of_the_Whole_-_05-20-26
cochwy-CTAC_Fireside_Chat_-_Dan_McIntosh_-_2025_Economic_Trends_Tech_Growth,CTAC Fireside Chat - Dan McIntosh - 2025 Economic Trends & Tech Growth,2026-05-26T00:00:00Z,2026,Cheyenne,movies,https://archive.org/details/cochwy-CTAC_Fireside_Chat_-_Dan_McIntosh_-_2025_Economic_Trends_Tech_Growth,https://archive.org/metadata/cochwy-CTAC_Fireside_Chat_-_Dan_McIntosh_-_2025_Economic_Trends_Tech_Growth
cochwy-City_Council_-_05-26-26,City Council - 05-26-26,2026-05-27T00:00:00Z,2026,Cheyenne,movies,https://archive.org/details/cochwy-City_Council_-_05-26-26,https://archive.org/metadata/cochwy-City_Council_-_05-26-26
cochwy-Work_Session_-_Safe_Streets_for_All_-_05-29-26,Work Session - Safe Streets for All - 05-29-26,2026-05-30T00:00:00Z,2026,Cheyenne,movies,https://archive.org/details/cochwy-Work_Session_-_Safe_Streets_for_All_-_05-29-26,https://archive.org/metadata/cochwy-Work_Session_-_Safe_Streets_for_All_-_05-29-26
cochwy-Public_Services_Committee_-_06-01-26,Public Services Committee - 06-01-26,2026-06-01T00:00:00Z,2026,Cheyenne,movies,https://archive.org/details/cochwy-Public_Services_Committee_-_06-01-26,https://archive.org/metadata/cochwy-Public_Services_Committee_-_06-01-26
cochwy-Committee_of_the_Whole_-_06-02-26,Committee of the Whole - 06-02-26,2026-06-02T00:00:00Z,2026,Cheyenne,movies,https://archive.org/details/cochwy-Committee_of_the_Whole_-_06-02-26,https://archive.org/metadata/cochwy-Committee_of_the_Whole_-_06-02-26
cochwy-Finance_Committee_-_06-02-26,Finance Committee - 06-02-26,2026-06-02T00:00:00Z,2026,Cheyenne,movies,https://archive.org/details/cochwy-Finance_Committee_-_06-02-26,https://archive.org/metadata/cochwy-Finance_Committee_-_06-02-26
cochwy-Cheyenne_Data_Center_Panel,Cheyenne Data Center Panel,2026-06-08T00:00:00Z,2026,Cheyenne,movies,https://archive.org/details/cochwy-Cheyenne_Data_Center_Panel,https://archive.org/metadata/cochwy-Cheyenne_Data_Center_Panel
cochwy-City_Council_-_06-08-26,City Council - 06-08-26,2026-06-09T00:00:00Z,2026,Cheyenne,movies,https://archive.org/details/cochwy-City_Council_-_06-08-26,https://archive.org/metadata/cochwy-City_Council_-_06-08-26
cochwy-Public_Services_Committee_-_06-15-26,Public Services Committee - 06-15-26,2026-06-16T00:00:00Z,2026,Cheyenne,movies,https://archive.org/details/cochwy-Public_Services_Committee_-_06-15-26,https://archive.org/metadata/cochwy-Public_Services_Committee_-_06-15-26
cochwy-Finance_Committee_-_06-16-26,Finance Committee - 06-16-26,2026-06-16T00:00:00Z,2026,Cheyenne,movies,https://archive.org/details/cochwy-Finance_Committee_-_06-16-26,https://archive.org/metadata/cochwy-Finance_Committee_-_06-16-26
cochwy-January_5_2026_Cheyenne_Planning_Commission_Meeting,"January 5, 2026, Cheyenne Planning Commission Meeting",2026-06-18T00:00:00Z,2026,Cheyenne,movies,https://archive.org/details/cochwy-January_5_2026_Cheyenne_Planning_Commission_Meeting,https://archive.org/metadata/cochwy-January_5_2026_Cheyenne_Planning_Commission_Meeting
cochwy-April_6_2026_Cheyenne_Planning_Commission_Meeting,"April 6, 2026, Cheyenne Planning Commission Meeting",2026-06-18T00:00:00Z,2026,Cheyenne,movies,https://archive.org/details/cochwy-April_6_2026_Cheyenne_Planning_Commission_Meeting,https://archive.org/metadata/cochwy-April_6_2026_Cheyenne_Planning_Commission_Meeting
cochwy-June_1_2026_Cheyenne_Planning_Commission_Meeting,"June 1, 2026, Cheyenne Planning Commission Meeting",2026-06-18T00:00:00Z,2026,Cheyenne,movies,https://archive.org/details/cochwy-June_1_2026_Cheyenne_Planning_Commission_Meeting,https://archive.org/metadata/cochwy-June_1_2026_Cheyenne_Planning_Commission_Meeting
cochwy-February_2_2026_Cheyenne_Planning_Commission_Meeting,"February 2, 2026, Cheyenne Planning Commission Meeting",2026-06-18T00:00:00Z,2026,Cheyenne,movies,https://archive.org/details/cochwy-February_2_2026_Cheyenne_Planning_Commission_Meeting,https://archive.org/metadata/cochwy-February_2_2026_Cheyenne_Planning_Commission_Meeting
cochwy-May_18_2026_Cheyenne_Planning_Commission_Meeting,"May 18, 2026, Cheyenne Planning Commission Meeting",2026-06-18T00:00:00Z,2026,Cheyenne,movies,https://archive.org/details/cochwy-May_18_2026_Cheyenne_Planning_Commission_Meeting,https://archive.org/metadata/cochwy-May_18_2026_Cheyenne_Planning_Commission_Meeting
cochwy-February_17_2026_Cheyenne_Planning_Commission_Meeting,"February 17, 2026, Cheyenne Planning Commission Meeting",2026-06-18T00:00:00Z,2026,Cheyenne,movies,https://archive.org/details/cochwy-February_17_2026_Cheyenne_Planning_Commission_Meeting,https://archive.org/metadata/cochwy-February_17_2026_Cheyenne_Planning_Commission_Meeting
cochwy-March_2_2026_Cheyenne_Planning_Commission_Meeting,"March 2, 2026, Cheyenne Planning Commission Meeting",2026-06-18T00:00:00Z,2026,Cheyenne,movies,https://archive.org/details/cochwy-March_2_2026_Cheyenne_Planning_Commission_Meeting,https://archive.org/metadata/cochwy-March_2_2026_Cheyenne_Planning_Commission_Meeting
cochwy-May_4_2026_Cheyenne_Planning_Commission_Meeting,"May 4, 2026, Cheyenne Planning Commission Meeting",2026-06-18T00:00:00Z,2026,Cheyenne,movies,https://archive.org/details/cochwy-May_4_2026_Cheyenne_Planning_Commission_Meeting,https://archive.org/metadata/cochwy-May_4_2026_Cheyenne_Planning_Commission_Meeting
cochwy-City_Council_-_06-22-26,City Council - 06-22-26,2026-06-23T00:00:00Z,2026,Cheyenne,movies,https://archive.org/details/cochwy-City_Council_-_06-22-26,https://archive.org/metadata/cochwy-City_Council_-_06-22-26
cochwy-Work_Session_-_Juvenile_Justice_Taskforce_-_06-26-26,Work Session - Juvenile Justice Taskforce - 06-26-26,2026-06-27T00:00:00Z,2026,Cheyenne,movies,https://archive.org/details/cochwy-Work_Session_-_Juvenile_Justice_Taskforce_-_06-26-26,https://archive.org/metadata/cochwy-Work_Session_-_Juvenile_Justice_Taskforce_-_06-26-26
cochwy-Public_Services_Committee_07-06-26,Public Services Committee 07-06-26,2026-07-06T00:00:00Z,2026,Cheyenne,movies,https://archive.org/details/cochwy-Public_Services_Committee_07-06-26,https://archive.org/metadata/cochwy-Public_Services_Committee_07-06-26
cochwy-Finance_Committee_07-07-26,Finance Committee 07-07-26,2026-07-07T00:00:00Z,2026,Cheyenne,movies,https://archive.org/details/cochwy-Finance_Committee_07-07-26,https://archive.org/metadata/cochwy-Finance_Committee_07-07-26
cochwy-City_Council_-_07-13-26,City Council - 07-13-26,2026-07-14T00:00:00Z,2026,Cheyenne,movies,https://archive.org/details/cochwy-City_Council_-_07-13-26,https://archive.org/metadata/cochwy-City_Council_-_07-13-26
cochwy-Public_Services_Committee_-_07-20-26,Public Services Committee - 07-20-26,2026-07-20T00:00:00Z,2026,Cheyenne,movies,https://archive.org/details/cochwy-Public_Services_Committee_-_07-20-26,https://archive.org/metadata/cochwy-Public_Services_Committee_-_07-20-26
cochwy-Finance_Committee_-_07-21-26,Finance Committee - 07-21-26,2026-07-21T00:00:00Z,2026,Cheyenne,movies,https://archive.org/details/cochwy-Finance_Committee_-_07-21-26,https://archive.org/metadata/cochwy-Finance_Committee_-_07-21-26
cochwy-City_Council_-_07-27-26,City Council - 07-27-26,2026-07-28T00:00:00Z,2026,Cheyenne,movies,https://archive.org/details/cochwy-City_Council_-_07-27-26,https://archive.org/metadata/cochwy-City_Council_-_07-27-26
cochwy-2026_Goal_Setting_Review_-_07-29-26,2026 Goal Setting Review - 07-29-26,2026-07-30T00:00:00Z,2026,Cheyenne,movies,https://archive.org/details/cochwy-2026_Goal_Setting_Review_-_07-29-26,https://archive.org/metadata/cochwy-2026_Goal_Setting_Review_-_07-29-26
cochwy-Public_Services_Committee_-_08-03-26,Public Services Committee - 08-03-26,2026-08-03T00:00:00Z,2026,Cheyenne,movies,https://archive.org/details/cochwy-Public_Services_Committee_-_08-03-26,https://archive.org/metadata/cochwy-Public_Services_Committee_-_08-03-26
cochwy-July_6_2026_Cheyenne_Planning_Commission_Meeting,"July 6, 2026, Cheyenne Planning Commission Meeting",2026-08-04T00:00:00Z,2026,Cheyenne,movies,https://archive.org/details/cochwy-July_6_2026_Cheyenne_Planning_Commission_Meeting,https://archive.org/metadata/cochwy-July_6_2026_Cheyenne_Planning_Commission_Meeting
cochwy-Finance_Committee_-_08-04-26,Finance Committee - 08-04-26,2026-08-04T00:00:00Z,2026,Cheyenne,movies,https://archive.org/details/cochwy-Finance_Committee_-_08-04-26,https://archive.org/metadata/cochwy-Finance_Committee_-_08-04-26
cochwy-June_18_2026_Cheyenne_Board_of_Adjustment_Meeting,"June 18, 2026, Cheyenne Board of Adjustment Meeting",2026-08-05T00:00:00Z,2026,Cheyenne,movies,https://archive.org/details/cochwy-June_18_2026_Cheyenne_Board_of_Adjustment_Meeting,https://archive.org/metadata/cochwy-June_18_2026_Cheyenne_Board_of_Adjustment_Meeting
cochwy-May_12_2026_Cheyenne_Historic_Preservation_Board_Meeting,"May 12, 2026, Cheyenne Historic Preservation Board Meeting",2026-08-05T00:00:00Z,2026,Cheyenne,movies,https://archive.org/details/cochwy-May_12_2026_Cheyenne_Historic_Preservation_Board_Meeting,https://archive.org/metadata/cochwy-May_12_2026_Cheyenne_Historic_Preservation_Board_Meeting
cochwy-July_16_2026_Cheyenne_Board_of_Adjustment_Meeting,"July 16, 2026, Cheyenne Board of Adjustment Meeting",2026-08-05T00:00:00Z,2026,Cheyenne,movies,https://archive.org/details/cochwy-July_16_2026_Cheyenne_Board_of_Adjustment_Meeting,https://archive.org/metadata/cochwy-July_16_2026_Cheyenne_Board_of_Adjustment_Meeting
cochwy-April_14_2026_Cheyenne_Historic_Preservation_Board_Meeting,"April 14, 2026, Cheyenne Historic Preservation Board Meeting",2026-08-05T00:00:00Z,2026,Cheyenne,movies,https://archive.org/details/cochwy-April_14_2026_Cheyenne_Historic_Preservation_Board_Meeting,https://archive.org/metadata/cochwy-April_14_2026_Cheyenne_Historic_Preservation_Board_Meeting
cochwy-May_21_2026_Cheyenne_Board_of_Adjustment_Meeting,"May 21, 2026, Cheyenne Board of Adjustment Meeting",2026-08-05T00:00:00Z,2026,Cheyenne,movies,https://archive.org/details/cochwy-May_21_2026_Cheyenne_Board_of_Adjustment_Meeting,https://archive.org/metadata/cochwy-May_21_2026_Cheyenne_Board_of_Adjustment_Meeting
cochwy-June_25_2026_Cheyenne_Board_of_Adjustment_Meeting,"June 25, 2026, Cheyenne Board of Adjustment Meeting",2026-08-05T00:00:00Z,2026,Cheyenne,movies,https://archive.org/details/cochwy-June_25_2026_Cheyenne_Board_of_Adjustment_Meeting,https://archive.org/metadata/cochwy-June_25_2026_Cheyenne_Board_of_Adjustment_Meeting
cochwy-February_5_2026_Cheyenne_Urban_Renewal_Authority_Meeting,"February 5, 2026, Cheyenne Urban Renewal Authority Meeting",2026-08-05T00:00:00Z,2026,Cheyenne,movies,https://archive.org/details/cochwy-February_5_2026_Cheyenne_Urban_Renewal_Authority_Meeting,https://archive.org/metadata/cochwy-February_5_2026_Cheyenne_Urban_Renewal_Authority_Meeting
cochwy-June_9_2026_Cheyenne_Historic_Preservation_Board_Meeting,"June 9, 2026, Cheyenne Historic Preservation Board Meeting",2026-08-05T00:00:00Z,2026,Cheyenne,movies,https://archive.org/details/cochwy-June_9_2026_Cheyenne_Historic_Preservation_Board_Meeting,https://archive.org/metadata/cochwy-June_9_2026_Cheyenne_Historic_Preservation_Board_Meeting
cochwy-April_16_2026_Cheyenne_Board_of_Adjustment_Meeting,"April 16, 2026, Cheyenne Board of Adjustment Meeting",2026-08-05T00:00:00Z,2026,Cheyenne,movies,https://archive.org/details/cochwy-April_16_2026_Cheyenne_Board_of_Adjustment_Meeting,https://archive.org/metadata/cochwy-April_16_2026_Cheyenne_Board_of_Adjustment_Meeting
cochwy-January_13_2026_Cheyenne_Historic_Preservation_Board_Meeting,"January 13, 2026, Cheyenne Historic Preservation Board Meeting",2026-08-05T00:00:00Z,2026,Cheyenne,movies,https://archive.org/details/cochwy-January_13_2026_Cheyenne_Historic_Preservation_Board_Meeting,https://archive.org/metadata/cochwy-January_13_2026_Cheyenne_Historic_Preservation_Board_Meeting
cochwy-February_10_2026_Cheyenne_Historic_Preservation_Board_Meeting,"February 10, 2026, Cheyenne Historic Preservation Board Meeting",2026-08-05T00:00:00Z,2026,Cheyenne,movies,https://archive.org/details/cochwy-February_10_2026_Cheyenne_Historic_Preservation_Board_Meeting,https://archive.org/metadata/cochwy-February_10_2026_Cheyenne_Historic_Preservation_Board_Meeting
cochwy-March_10_2026_Cheyenne_Historic_Preservation_Board_Meeting,"March 10, 2026, Cheyenne Historic Preservation Board Meeting",2026-08-05T00:00:00Z,2026,Cheyenne,movies,https://archive.org/details/cochwy-March_10_2026_Cheyenne_Historic_Preservation_Board_Meeting,https://archive.org/metadata/cochwy-March_10_2026_Cheyenne_Historic_Preservation_Board_Meeting
cochwy-July_14_2026_Cheyenne_Historic_Preservation_Board_Meeting,"July 14, 2026, Cheyenne Historic Preservation Board Meeting",2026-08-05T00:00:00Z,2026,Cheyenne,movies,https://archive.org/details/cochwy-July_14_2026_Cheyenne_Historic_Preservation_Board_Meeting,https://archive.org/metadata/cochwy-July_14_2026_Cheyenne_Historic_Preservation_Board_Meeting
cochwy-January_15_2026_Cheyenne_Board_of_Adjustment_Meeting,"January 15, 2026, Cheyenne Board of Adjustment Meeting",2026-08-05T00:00:00Z,2026,Cheyenne,movies,https://archive.org/details/cochwy-January_15_2026_Cheyenne_Board_of_Adjustment_Meeting,https://archive.org/metadata/cochwy-January_15_2026_Cheyenne_Board_of_Adjustment_Meeting
cochwy-February_19_2026_Cheyenne_Board_of_Adjustment_Meeting,"February 19, 2026, Cheyenne Board of Adjustment Meeting",2026-08-05T00:00:00Z,2026,Cheyenne,movies,https://archive.org/details/cochwy-February_19_2026_Cheyenne_Board_of_Adjustment_Meeting,https://archive.org/metadata/cochwy-February_19_2026_Cheyenne_Board_of_Adjustment_Meeting
cochwy-City_Council_-_08-10-26,City Council - 08-10-26,2026-08-11T00:00:00Z,2026,Cheyenne,movies,https://archive.org/details/cochwy-City_Council_-_08-10-26,https://archive.org/metadata/cochwy-City_Council_-_08-10-26
cochwy-May_7_2026_Cheyenne_Urban_Renewal_Authority_Meeting,"May 7, 2026, Cheyenne Urban Renewal Authority Meeting",2026-08-13T00:00:00Z,2026,Cheyenne,movies,https://archive.org/details/cochwy-May_7_2026_Cheyenne_Urban_Renewal_Authority_Meeting,https://archive.org/metadata/cochwy-May_7_2026_Cheyenne_Urban_Renewal_Authority_Meeting
cochwy-Finance_Committee_-_08-18-26,Finance Committee - 08-18-26,2026-08-18T00:00:00Z,2026,Cheyenne,movies,https://archive.org/details/cochwy-Finance_Committee_-_08-18-26,https://archive.org/metadata/cochwy-Finance_Committee_-_08-18-26
cochwy-Work_Session_-_Urban_Farm_Unified_Development_Code_Updates_-_08-21-26,Work Session - Urban Farm Unified Development Code Updates - 08-21-26,2026-08-21T00:00:00Z,2026,Cheyenne,movies,https://archive.org/details/cochwy-Work_Session_-_Urban_Farm_Unified_Development_Code_Updates_-_08-21-26,https://archive.org/metadata/cochwy-Work_Session_-_Urban_Farm_Unified_Development_Code_Updates_-_08-21-26
cochwy-August_20_2026_Cheyenne_Board_of_Adjustment_Meeting,"August 20, 2026, Cheyenne Board of Adjustment Meeting",2026-08-24T00:00:00Z,2026,Cheyenne,movies,https://archive.org/details/cochwy-August_20_2026_Cheyenne_Board_of_Adjustment_Meeting,https://archive.org/metadata/cochwy-August_20_2026_Cheyenne_Board_of_Adjustment_Meeting
cochwy-City_Council_-_08-24-26,City Council - 08-24-26,2026-08-25T00:00:00Z,2026,Cheyenne,movies,https://archive.org/details/cochwy-City_Council_-_08-24-26,https://archive.org/metadata/cochwy-City_Council_-_08-24-26
cochwy-Work_Session_-_Cox_Ranch_Annexation_Updates_-_08-28-26,Work Session - Cox Ranch Annexation Updates - 08-28-26,2026-08-29T00:00:00Z,2026,Cheyenne,movies,https://archive.org/details/cochwy-Work_Session_-_Cox_Ranch_Annexation_Updates_-_08-28-26,https://archive.org/metadata/cochwy-Work_Session_-_Cox_Ranch_Annexation_Updates_-_08-28-26
cochwy-Cheyenne_Fire_Rescue_-_Med-1_Ambulance_Push-in_Ceremony-E3ZC6Y3MEqw,Cheyenne Fire Rescue - Med-1 Ambulance Push-in Ceremony,2026-09-03T00:00:00Z,2026,Cheyenne,movies,https://archive.org/details/cochwy-Cheyenne_Fire_Rescue_-_Med-1_Ambulance_Push-in_Ceremony-E3ZC6Y3MEqw,https://archive.org/metadata/cochwy-Cheyenne_Fire_Rescue_-_Med-1_Ambulance_Push-in_Ceremony-E3ZC6Y3MEqw
cochwy-Public_Services_Committee_-09-08-26-znfsfJ9O0mo,Public Services Committee -09-08-26,2026-09-08T00:00:00Z,2026,Cheyenne,movies,https://archive.org/details/cochwy-Public_Services_Committee_-09-08-26-znfsfJ9O0mo,https://archive.org/metadata/cochwy-Public_Services_Committee_-09-08-26-znfsfJ9O0mo
