clip_id,name,date_display,date_iso,timestamp,duration,mp4_url,stream_url,player_url,agenda_url,minutes_url
1126,City Council Meeting,"Aug 24, 2026",2026-08-24,1787554800,00h 58m,https://archive-video.granicus.com/cheyenne/cheyenne_dfb5f093-463f-4fb7-97a5-bef9c54ca023.mp4,https://archive-stream.granicus.com/OnDemand/_definst_/mp4:archive/cheyenne/cheyenne_dfb5f093-463f-4fb7-97a5-bef9c54ca023.mp4/playlist.m3u8,https://cheyenne.granicus.com/player/clip/1126?view_id=2&redirect=true,https://cheyenne.granicus.com/AgendaViewer.php?view_id=2&clip_id=1126,
1124,City Council Meeting,"Aug 10, 2026",2026-08-10,1786345200,01h 23m,https://archive-video.granicus.com/cheyenne/cheyenne_a6f9f4cb-9596-11f1-bb61-005056a89546.mp4,https://archive-stream.granicus.com/OnDemand/_definst_/mp4:archive/cheyenne/cheyenne_a6f9f4cb-9596-11f1-bb61-005056a89546.mp4/playlist.m3u8,https://cheyenne.granicus.com/player/clip/1124?view_id=2&redirect=true,https://cheyenne.granicus.com/AgendaViewer.php?view_id=2&clip_id=1124,
1122,City Council Meeting,"Jul 27, 2026",2026-07-27,1785135600,01h 15m,https://archive-video.granicus.com/cheyenne/cheyenne_526429bc-8a88-11f1-bb61-005056a89546.mp4,https://archive-stream.granicus.com/OnDemand/_definst_/mp4:archive/cheyenne/cheyenne_526429bc-8a88-11f1-bb61-005056a89546.mp4/playlist.m3u8,https://cheyenne.granicus.com/player/clip/1122?view_id=2&redirect=true,https://cheyenne.granicus.com/AgendaViewer.php?view_id=2&clip_id=1122,
1120,City Council Meeting,"Jul 13, 2026",2026-07-13,1783926000,07h 43m,https://archive-video.granicus.com/cheyenne/cheyenne_4e312fa5-44f7-41ff-acf7-91e8a7511436.mp4,https://archive-stream.granicus.com/OnDemand/_definst_/mp4:archive/cheyenne/cheyenne_4e312fa5-44f7-41ff-acf7-91e8a7511436.mp4/playlist.m3u8,https://cheyenne.granicus.com/player/clip/1120?view_id=2&redirect=true,https://cheyenne.granicus.com/AgendaViewer.php?view_id=2&clip_id=1120,
1103,City Council Meeting,"Jun 23, 2026",2026-06-23,1782198000,05h 28m,https://archive-video.granicus.com/cheyenne/cheyenne_09f1fb45-3c0c-45c8-8691-d1095cb18619.mp4,https://archive-stream.granicus.com/OnDemand/_definst_/mp4:archive/cheyenne/cheyenne_09f1fb45-3c0c-45c8-8691-d1095cb18619.mp4/playlist.m3u8,https://cheyenne.granicus.com/player/clip/1103?view_id=2&redirect=true,https://cheyenne.granicus.com/AgendaViewer.php?view_id=2&clip_id=1103,
1099,City Council Meeting,"Jun  8, 2026",2026-06-08,1780902000,03h 37m,https://archive-video.granicus.com/cheyenne/cheyenne_19b59235-f7f4-4274-9aca-c19a21c54031.mp4,https://archive-stream.granicus.com/OnDemand/_definst_/mp4:archive/cheyenne/cheyenne_19b59235-f7f4-4274-9aca-c19a21c54031.mp4/playlist.m3u8,https://cheyenne.granicus.com/player/clip/1099?view_id=2&redirect=true,https://cheyenne.granicus.com/AgendaViewer.php?view_id=2&clip_id=1099,
1097,City Council Meeting,"May 26, 2026",2026-05-26,1779778800,06h 39m,https://archive-video.granicus.com/cheyenne/cheyenne_cd1d772e-6046-40f0-ba52-164b7e9cc954.mp4,https://archive-stream.granicus.com/OnDemand/_definst_/mp4:archive/cheyenne/cheyenne_cd1d772e-6046-40f0-ba52-164b7e9cc954.mp4/playlist.m3u8,https://cheyenne.granicus.com/player/clip/1097?view_id=2&redirect=true,https://cheyenne.granicus.com/AgendaViewer.php?view_id=2&clip_id=1097,
1095,City Council Meeting,"May 11, 2026",2026-05-11,1778482800,02h 32m,https://archive-video.granicus.com/cheyenne/cheyenne_0cf4c381-4e0b-11f1-9b4d-005056a89546.mp4,https://archive-stream.granicus.com/OnDemand/_definst_/mp4:archive/cheyenne/cheyenne_0cf4c381-4e0b-11f1-9b4d-005056a89546.mp4/playlist.m3u8,https://cheyenne.granicus.com/player/clip/1095?view_id=2&redirect=true,https://cheyenne.granicus.com/AgendaViewer.php?view_id=2&clip_id=1095,
1093,City Council,"Apr 27, 2026",2026-04-27,1777273200,04h 06m,https://archive-video.granicus.com/cheyenne/cheyenne_d2778ec1-4334-11f1-bb28-005056a89546.mp4,https://archive-stream.granicus.com/OnDemand/_definst_/mp4:archive/cheyenne/cheyenne_d2778ec1-4334-11f1-bb28-005056a89546.mp4/playlist.m3u8,https://cheyenne.granicus.com/player/clip/1093?view_id=2&redirect=true,https://cheyenne.granicus.com/AgendaViewer.php?view_id=2&clip_id=1093,
1091,City Council,"Apr 13, 2026",2026-04-13,1776063600,02h 06m,https://archive-video.granicus.com/cheyenne/cheyenne_70e51848-551f-4877-a951-af3ba281ef8a.mp4,https://archive-stream.granicus.com/OnDemand/_definst_/mp4:archive/cheyenne/cheyenne_70e51848-551f-4877-a951-af3ba281ef8a.mp4/playlist.m3u8,https://cheyenne.granicus.com/player/clip/1091?view_id=2&redirect=true,https://cheyenne.granicus.com/AgendaViewer.php?view_id=2&clip_id=1091,
1087,Special City Council Meeting,"Mar 23, 2026",2026-03-23,1774249200,00h 57m,https://archive-video.granicus.com/cheyenne/cheyenne_64802b09-32c2-4214-85c5-3280da166665.mp4,https://archive-stream.granicus.com/OnDemand/_definst_/mp4:archive/cheyenne/cheyenne_64802b09-32c2-4214-85c5-3280da166665.mp4/playlist.m3u8,https://cheyenne.granicus.com/player/clip/1087?view_id=2&redirect=true,https://cheyenne.granicus.com/AgendaViewer.php?view_id=2&clip_id=1087,
1086,City Council,"Mar 23, 2026",2026-03-23,1774249200,01h 20m,https://archive-video.granicus.com/cheyenne/cheyenne_6dcd7f0d-d260-4113-86a3-ed78761059bf.mp4,https://archive-stream.granicus.com/OnDemand/_definst_/mp4:archive/cheyenne/cheyenne_6dcd7f0d-d260-4113-86a3-ed78761059bf.mp4/playlist.m3u8,https://cheyenne.granicus.com/player/clip/1086?view_id=2&redirect=true,https://cheyenne.granicus.com/AgendaViewer.php?view_id=2&clip_id=1086,
1081,Special City Council Meeting,"Mar 17, 2026",2026-03-17,1773730800,00h 50m,https://archive-video.granicus.com/cheyenne/cheyenne_574126e6-f220-44cd-87a4-b59f13413666.mp4,https://archive-stream.granicus.com/OnDemand/_definst_/mp4:archive/cheyenne/cheyenne_574126e6-f220-44cd-87a4-b59f13413666.mp4/playlist.m3u8,https://cheyenne.granicus.com/player/clip/1081?view_id=2&redirect=true,https://cheyenne.granicus.com/AgendaViewer.php?view_id=2&clip_id=1081,https://cheyenne.granicus.com/MinutesViewer.php?view_id=2&clip_id=1081
1075,Special City Council Meeting,"Mar 16, 2026",2026-03-16,1773644400,01h 37m,https://archive-video.granicus.com/cheyenne/cheyenne_6d600b3f-38b3-4805-aa9b-cc4fee18f924.mp4,https://archive-stream.granicus.com/OnDemand/_definst_/mp4:archive/cheyenne/cheyenne_6d600b3f-38b3-4805-aa9b-cc4fee18f924.mp4/playlist.m3u8,https://cheyenne.granicus.com/player/clip/1075?view_id=2&redirect=true,https://cheyenne.granicus.com/AgendaViewer.php?view_id=2&clip_id=1075,https://cheyenne.granicus.com/MinutesViewer.php?view_id=2&clip_id=1075
1073,Special City Council Meeting,"Mar 12, 2026",2026-03-12,1773298800,01h 10m,https://archive-video.granicus.com/cheyenne/cheyenne_3bbc7b15-1ee8-11f1-bb28-005056a89546.mp4,https://archive-stream.granicus.com/OnDemand/_definst_/mp4:archive/cheyenne/cheyenne_3bbc7b15-1ee8-11f1-bb28-005056a89546.mp4/playlist.m3u8,https://cheyenne.granicus.com/player/clip/1073?view_id=2&redirect=true,https://cheyenne.granicus.com/AgendaViewer.php?view_id=2&clip_id=1073,https://cheyenne.granicus.com/MinutesViewer.php?view_id=2&clip_id=1073
1071,City Council Meeting,"Mar  9, 2026",2026-03-09,1773039600,05h 52m,https://archive-video.granicus.com/cheyenne/cheyenne_b8b4e031-f557-48f6-9d95-f20827d12bd1.mp4,https://archive-stream.granicus.com/OnDemand/_definst_/mp4:archive/cheyenne/cheyenne_b8b4e031-f557-48f6-9d95-f20827d12bd1.mp4/playlist.m3u8,https://cheyenne.granicus.com/player/clip/1071?view_id=2&redirect=true,https://cheyenne.granicus.com/AgendaViewer.php?view_id=2&clip_id=1071,
1069,Special City Council Meeting,"Mar  5, 2026",2026-03-05,1772697600,01h 15m,https://archive-video.granicus.com/cheyenne/cheyenne_0a284898-197b-11f1-bb28-005056a89546.mp4,https://archive-stream.granicus.com/OnDemand/_definst_/mp4:archive/cheyenne/cheyenne_0a284898-197b-11f1-bb28-005056a89546.mp4/playlist.m3u8,https://cheyenne.granicus.com/player/clip/1069?view_id=2&redirect=true,https://cheyenne.granicus.com/AgendaViewer.php?view_id=2&clip_id=1069,https://cheyenne.granicus.com/MinutesViewer.php?view_id=2&clip_id=1069
1063,Special City Council Meeting,"Feb 23, 2026",2026-02-23,1771833600,00h 03m,https://archive-video.granicus.com/cheyenne/cheyenne_a3f24875-1719-11f1-bb28-005056a89546.mp4,https://archive-stream.granicus.com/OnDemand/_definst_/mp4:archive/cheyenne/cheyenne_a3f24875-1719-11f1-bb28-005056a89546.mp4/playlist.m3u8,https://cheyenne.granicus.com/player/clip/1063?view_id=2&redirect=true,https://cheyenne.granicus.com/AgendaViewer.php?view_id=2&clip_id=1063,https://cheyenne.granicus.com/MinutesViewer.php?view_id=2&clip_id=1063
1066,City Council Meeting,"Feb 23, 2026",2026-02-23,1771833600,02h 47m,https://archive-video.granicus.com/cheyenne/cheyenne_443994e8-08e0-4d61-8dce-7841c9ce20fc.mp4,https://archive-stream.granicus.com/OnDemand/_definst_/mp4:archive/cheyenne/cheyenne_443994e8-08e0-4d61-8dce-7841c9ce20fc.mp4/playlist.m3u8,https://cheyenne.granicus.com/player/clip/1066?view_id=2&redirect=true,https://cheyenne.granicus.com/AgendaViewer.php?view_id=2&clip_id=1066,
1060,City Council Meeting,"Feb  9, 2026",2026-02-09,1770624000,04h 24m,https://archive-video.granicus.com/cheyenne/cheyenne_d7fc0fd0-ac85-4676-8f5a-d7ff97fe05f6.mp4,https://archive-stream.granicus.com/OnDemand/_definst_/mp4:archive/cheyenne/cheyenne_d7fc0fd0-ac85-4676-8f5a-d7ff97fe05f6.mp4/playlist.m3u8,https://cheyenne.granicus.com/player/clip/1060?view_id=2&redirect=true,https://cheyenne.granicus.com/AgendaViewer.php?view_id=2&clip_id=1060,
1053,City Council Meeting,"Jan 26, 2026",2026-01-26,1769414400,01h 48m,https://archive-video.granicus.com/cheyenne/cheyenne_d5d0cd14-5d48-4a1d-a7f0-4a26b4d3dc0a.mp4,https://archive-stream.granicus.com/OnDemand/_definst_/mp4:archive/cheyenne/cheyenne_d5d0cd14-5d48-4a1d-a7f0-4a26b4d3dc0a.mp4/playlist.m3u8,https://cheyenne.granicus.com/player/clip/1053?view_id=2&redirect=true,https://cheyenne.granicus.com/AgendaViewer.php?view_id=2&clip_id=1053,
1052,Special City Council Meeting,"Jan 23, 2026",2026-01-23,1769155200,00h 05m,https://archive-video.granicus.com/cheyenne/cheyenne_6b88ce0e-fd61-11f0-bb28-005056a89546.mp4,https://archive-stream.granicus.com/OnDemand/_definst_/mp4:archive/cheyenne/cheyenne_6b88ce0e-fd61-11f0-bb28-005056a89546.mp4/playlist.m3u8,https://cheyenne.granicus.com/player/clip/1052?view_id=2&redirect=true,https://cheyenne.granicus.com/AgendaViewer.php?view_id=2&clip_id=1052,
1050,City Council Meeting,"Jan 12, 2026",2026-01-12,1768204800,02h 25m,https://archive-video.granicus.com/cheyenne/cheyenne_fc57ddc3-d766-412e-9940-66459ea16b52.mp4,https://archive-stream.granicus.com/OnDemand/_definst_/mp4:archive/cheyenne/cheyenne_fc57ddc3-d766-412e-9940-66459ea16b52.mp4/playlist.m3u8,https://cheyenne.granicus.com/player/clip/1050?view_id=2&redirect=true,https://cheyenne.granicus.com/AgendaViewer.php?view_id=2&clip_id=1050,
1048,City Council Meeting,"Dec 22, 2025",2025-12-22,1766390400,00h 57m,https://archive-video.granicus.com/cheyenne/cheyenne_5f8ae186-9ed3-4173-9747-f92467cf6cec.mp4,https://archive-stream.granicus.com/OnDemand/_definst_/mp4:archive/cheyenne/cheyenne_5f8ae186-9ed3-4173-9747-f92467cf6cec.mp4/playlist.m3u8,https://cheyenne.granicus.com/player/clip/1048?view_id=2&redirect=true,https://cheyenne.granicus.com/AgendaViewer.php?view_id=2&clip_id=1048,
1046,"December 10, 2025 Special Meeting and Public Hearing","Dec 10, 2025",2025-12-10,1765353600,01h 53m,https://archive-video.granicus.com/cheyenne/cheyenne_6ef09064-af8f-48cb-b62a-c8968854b34e.mp4,https://archive-stream.granicus.com/OnDemand/_definst_/mp4:archive/cheyenne/cheyenne_6ef09064-af8f-48cb-b62a-c8968854b34e.mp4/playlist.m3u8,https://cheyenne.granicus.com/player/clip/1046?view_id=2&redirect=true,https://cheyenne.granicus.com/AgendaViewer.php?view_id=2&clip_id=1046,https://cheyenne.granicus.com/MinutesViewer.php?view_id=2&clip_id=1046
1044,City Council Meeting,"Dec  8, 2025",2025-12-08,1765180800,00h 34m,https://archive-video.granicus.com/cheyenne/cheyenne_6003bf84-6bf6-415c-8dfb-5b24e1aa9dfe.mp4,https://archive-stream.granicus.com/OnDemand/_definst_/mp4:archive/cheyenne/cheyenne_6003bf84-6bf6-415c-8dfb-5b24e1aa9dfe.mp4/playlist.m3u8,https://cheyenne.granicus.com/player/clip/1044?view_id=2&redirect=true,https://cheyenne.granicus.com/AgendaViewer.php?view_id=2&clip_id=1044,
1042,City Council Meeting,"Nov 24, 2025",2025-11-24,1763971200,01h 54m,https://archive-video.granicus.com/cheyenne/cheyenne_fef11729-858a-446a-9535-9b6813d87f3f.mp4,https://archive-stream.granicus.com/OnDemand/_definst_/mp4:archive/cheyenne/cheyenne_fef11729-858a-446a-9535-9b6813d87f3f.mp4/playlist.m3u8,https://cheyenne.granicus.com/player/clip/1042?view_id=2&redirect=true,https://cheyenne.granicus.com/AgendaViewer.php?view_id=2&clip_id=1042,
1040,City Council Meeting,"Nov 10, 2025",2025-11-10,1762761600,00h 47m,https://archive-video.granicus.com/cheyenne/cheyenne_2314f5ac-93f5-46e3-9d4c-13a3914b4654.mp4,https://archive-stream.granicus.com/OnDemand/_definst_/mp4:archive/cheyenne/cheyenne_2314f5ac-93f5-46e3-9d4c-13a3914b4654.mp4/playlist.m3u8,https://cheyenne.granicus.com/player/clip/1040?view_id=2&redirect=true,https://cheyenne.granicus.com/AgendaViewer.php?view_id=2&clip_id=1040,
1038,City Council Meeting,"Oct 27, 2025",2025-10-27,1761548400,01h 14m,https://archive-video.granicus.com/cheyenne/cheyenne_ef9e36bd-4c4b-48fc-9bcf-53571b873993.mp4,https://archive-stream.granicus.com/OnDemand/_definst_/mp4:archive/cheyenne/cheyenne_ef9e36bd-4c4b-48fc-9bcf-53571b873993.mp4/playlist.m3u8,https://cheyenne.granicus.com/player/clip/1038?view_id=2&redirect=true,https://cheyenne.granicus.com/AgendaViewer.php?view_id=2&clip_id=1038,
1036,City Council Meeting,"Oct 13, 2025",2025-10-13,1760338800,01h 13m,https://archive-video.granicus.com/cheyenne/cheyenne_51a0eff3-d5c9-4041-a1ba-1cee36ff442e.mp4,https://archive-stream.granicus.com/OnDemand/_definst_/mp4:archive/cheyenne/cheyenne_51a0eff3-d5c9-4041-a1ba-1cee36ff442e.mp4/playlist.m3u8,https://cheyenne.granicus.com/player/clip/1036?view_id=2&redirect=true,https://cheyenne.granicus.com/AgendaViewer.php?view_id=2&clip_id=1036,
1034,City Council Meeting,"Sep 22, 2025",2025-09-22,1758524400,02h 35m,https://archive-video.granicus.com/cheyenne/cheyenne_57d36117-988f-11f0-8df7-005056a89546.mp4,https://archive-stream.granicus.com/OnDemand/_definst_/mp4:archive/cheyenne/cheyenne_57d36117-988f-11f0-8df7-005056a89546.mp4/playlist.m3u8,https://cheyenne.granicus.com/player/clip/1034?view_id=2&redirect=true,https://cheyenne.granicus.com/AgendaViewer.php?view_id=2&clip_id=1034,
1032,City Council Meeting,"Sep  8, 2025",2025-09-08,1757314800,00h 45m,https://archive-video.granicus.com/cheyenne/cheyenne_ec29a80f-8d8a-11f0-a766-005056a89546.mp4,https://archive-stream.granicus.com/OnDemand/_definst_/mp4:archive/cheyenne/cheyenne_ec29a80f-8d8a-11f0-a766-005056a89546.mp4/playlist.m3u8,https://cheyenne.granicus.com/player/clip/1032?view_id=2&redirect=true,https://cheyenne.granicus.com/AgendaViewer.php?view_id=2&clip_id=1032,
1030,City Council Meeting,"Aug 25, 2025",2025-08-25,1756105200,00h 28m,https://archive-video.granicus.com/cheyenne/cheyenne_a5225650-828b-11f0-a766-005056a89546.mp4,https://archive-stream.granicus.com/OnDemand/_definst_/mp4:archive/cheyenne/cheyenne_a5225650-828b-11f0-a766-005056a89546.mp4/playlist.m3u8,https://cheyenne.granicus.com/player/clip/1030?view_id=2&redirect=true,https://cheyenne.granicus.com/AgendaViewer.php?view_id=2&clip_id=1030,
1028,City Council Meeting,"Aug 11, 2025",2025-08-11,1754895600,00h 37m,https://archive-video.granicus.com/cheyenne/cheyenne_de3dd1bc-7786-11f0-a766-005056a89546.mp4,https://archive-stream.granicus.com/OnDemand/_definst_/mp4:archive/cheyenne/cheyenne_de3dd1bc-7786-11f0-a766-005056a89546.mp4/playlist.m3u8,https://cheyenne.granicus.com/player/clip/1028?view_id=2&redirect=true,https://cheyenne.granicus.com/AgendaViewer.php?view_id=2&clip_id=1028,https://cheyenne.granicus.com/MinutesViewer.php?view_id=2&clip_id=1028
1026,City Council Meeting,"Jul 28, 2025",2025-07-28,1753686000,00h 45m,https://archive-video.granicus.com/cheyenne/cheyenne_c84b5dcf-28a8-4050-96aa-ce24916d2efc.mp4,https://archive-stream.granicus.com/OnDemand/_definst_/mp4:archive/cheyenne/cheyenne_c84b5dcf-28a8-4050-96aa-ce24916d2efc.mp4/playlist.m3u8,https://cheyenne.granicus.com/player/clip/1026?view_id=2&redirect=true,https://cheyenne.granicus.com/AgendaViewer.php?view_id=2&clip_id=1026,
1024,City Council Meeting,"Jul 14, 2025",2025-07-14,1752476400,03h 19m,https://archive-video.granicus.com/cheyenne/cheyenne_39b7f71e-618d-11f0-b7f5-005056a89546.mp4,https://archive-stream.granicus.com/OnDemand/_definst_/mp4:archive/cheyenne/cheyenne_39b7f71e-618d-11f0-b7f5-005056a89546.mp4/playlist.m3u8,https://cheyenne.granicus.com/player/clip/1024?view_id=2&redirect=true,https://cheyenne.granicus.com/AgendaViewer.php?view_id=2&clip_id=1024,
1022,City Council Meeting,"Jun 23, 2025",2025-06-23,1750662000,02h 25m,https://archive-video.granicus.com/cheyenne/cheyenne_31d09b75-5107-11f0-b7f5-005056a89546.mp4,https://archive-stream.granicus.com/OnDemand/_definst_/mp4:archive/cheyenne/cheyenne_31d09b75-5107-11f0-b7f5-005056a89546.mp4/playlist.m3u8,https://cheyenne.granicus.com/player/clip/1022?view_id=2&redirect=true,https://cheyenne.granicus.com/AgendaViewer.php?view_id=2&clip_id=1022,
1020,City Council,"Jun  9, 2025",2025-06-09,1749452400,01h 42m,https://archive-video.granicus.com/cheyenne/cheyenne_05a7e24d-4606-11f0-b7f5-005056a89546.mp4,https://archive-stream.granicus.com/OnDemand/_definst_/mp4:archive/cheyenne/cheyenne_05a7e24d-4606-11f0-b7f5-005056a89546.mp4/playlist.m3u8,https://cheyenne.granicus.com/player/clip/1020?view_id=2&redirect=true,https://cheyenne.granicus.com/AgendaViewer.php?view_id=2&clip_id=1020,
1018,City Council Meeting,"May 27, 2025",2025-05-27,1748329200,02h 05m,https://archive-video.granicus.com/cheyenne/cheyenne_eec29066-3bcf-11f0-856f-005056a89546.mp4,https://archive-stream.granicus.com/OnDemand/_definst_/mp4:archive/cheyenne/cheyenne_eec29066-3bcf-11f0-856f-005056a89546.mp4/playlist.m3u8,https://cheyenne.granicus.com/player/clip/1018?view_id=2&redirect=true,https://cheyenne.granicus.com/AgendaViewer.php?view_id=2&clip_id=1018,
1016,City Council Meeting,"May 12, 2025",2025-05-12,1747033200,01h 02m,https://archive-video.granicus.com/cheyenne/cheyenne_cb26d1c4-3006-11f0-856f-005056a89546.mp4,https://archive-stream.granicus.com/OnDemand/_definst_/mp4:archive/cheyenne/cheyenne_cb26d1c4-3006-11f0-856f-005056a89546.mp4/playlist.m3u8,https://cheyenne.granicus.com/player/clip/1016?view_id=2&redirect=true,https://cheyenne.granicus.com/AgendaViewer.php?view_id=2&clip_id=1016,https://cheyenne.granicus.com/MinutesViewer.php?view_id=2&clip_id=1016
1014,City Council Meeting,"Apr 28, 2025",2025-04-28,1745823600,01h 10m,https://archive-video.granicus.com/cheyenne/cheyenne_42fa1de9-2509-11f0-9f54-005056a89546.mp4,https://archive-stream.granicus.com/OnDemand/_definst_/mp4:archive/cheyenne/cheyenne_42fa1de9-2509-11f0-9f54-005056a89546.mp4/playlist.m3u8,https://cheyenne.granicus.com/player/clip/1014?view_id=2&redirect=true,https://cheyenne.granicus.com/AgendaViewer.php?view_id=2&clip_id=1014,
1012,City Council Meeting,"Apr 14, 2025",2025-04-14,1744614000,00h 47m,https://archive-video.granicus.com/cheyenne/cheyenne_48b1e74c-b0db-44cc-8f4a-d98467fa6da1.mp4,https://archive-stream.granicus.com/OnDemand/_definst_/mp4:archive/cheyenne/cheyenne_48b1e74c-b0db-44cc-8f4a-d98467fa6da1.mp4/playlist.m3u8,https://cheyenne.granicus.com/player/clip/1012?view_id=2&redirect=true,https://cheyenne.granicus.com/AgendaViewer.php?view_id=2&clip_id=1012,
1010,City Council Meeting,"Mar 24, 2025",2025-03-24,1742799600,00h 38m,https://archive-video.granicus.com/cheyenne/cheyenne_ed068601-0995-11f0-ab6a-005056a89546.mp4,https://archive-stream.granicus.com/OnDemand/_definst_/mp4:archive/cheyenne/cheyenne_ed068601-0995-11f0-ab6a-005056a89546.mp4/playlist.m3u8,https://cheyenne.granicus.com/player/clip/1010?view_id=2&redirect=true,https://cheyenne.granicus.com/AgendaViewer.php?view_id=2&clip_id=1010,
1008,City Council Meeting,"Mar 11, 2025",2025-03-11,1741676400,02h 07m,https://archive-video.granicus.com/cheyenne/cheyenne_0065b6c4-fe99-11ef-ab6a-005056a89546.mp4,https://archive-stream.granicus.com/OnDemand/_definst_/mp4:archive/cheyenne/cheyenne_0065b6c4-fe99-11ef-ab6a-005056a89546.mp4/playlist.m3u8,https://cheyenne.granicus.com/player/clip/1008?view_id=2&redirect=true,https://cheyenne.granicus.com/AgendaViewer.php?view_id=2&clip_id=1008,
1005,Special City Council Meeting,"Feb 25, 2025",2025-02-25,1740470400,00h 28m,https://archive-video.granicus.com/cheyenne/cheyenne_20b07c2f-f3c3-11ef-ab6a-005056a89546.mp4,https://archive-stream.granicus.com/OnDemand/_definst_/mp4:archive/cheyenne/cheyenne_20b07c2f-f3c3-11ef-ab6a-005056a89546.mp4/playlist.m3u8,https://cheyenne.granicus.com/player/clip/1005?view_id=2&redirect=true,https://cheyenne.granicus.com/AgendaViewer.php?view_id=2&clip_id=1005,
1002,City Council Meeting,"Feb 24, 2025",2025-02-24,1740384000,01h 26m,https://archive-video.granicus.com/cheyenne/cheyenne_d78c76af-f39e-11ef-ab6a-005056a89546.mp4,https://archive-stream.granicus.com/OnDemand/_definst_/mp4:archive/cheyenne/cheyenne_d78c76af-f39e-11ef-ab6a-005056a89546.mp4/playlist.m3u8,https://cheyenne.granicus.com/player/clip/1002?view_id=2&redirect=true,https://cheyenne.granicus.com/AgendaViewer.php?view_id=2&clip_id=1002,
1000,City Council Meeting,"Feb 10, 2025",2025-02-10,1739174400,01h 16m,https://archive-video.granicus.com/cheyenne/cheyenne_43515ff6-e88f-11ef-a9e2-005056a89546.mp4,https://archive-stream.granicus.com/OnDemand/_definst_/mp4:archive/cheyenne/cheyenne_43515ff6-e88f-11ef-a9e2-005056a89546.mp4/playlist.m3u8,https://cheyenne.granicus.com/player/clip/1000?view_id=2&redirect=true,https://cheyenne.granicus.com/AgendaViewer.php?view_id=2&clip_id=1000,
998,City Council Meeting,"Jan 27, 2025",2025-01-27,1737964800,00h 16m,https://archive-video.granicus.com/cheyenne/cheyenne_125fb555-dd91-11ef-a9e2-005056a89546.mp4,https://archive-stream.granicus.com/OnDemand/_definst_/mp4:archive/cheyenne/cheyenne_125fb555-dd91-11ef-a9e2-005056a89546.mp4/playlist.m3u8,https://cheyenne.granicus.com/player/clip/998?view_id=2&redirect=true,https://cheyenne.granicus.com/AgendaViewer.php?view_id=2&clip_id=998,
996,City Council Meeting,"Jan 13, 2025",2025-01-13,1736755200,01h 00m,https://archive-video.granicus.com/cheyenne/cheyenne_be372a62-d293-11ef-a9e2-005056a89546.mp4,https://archive-stream.granicus.com/OnDemand/_definst_/mp4:archive/cheyenne/cheyenne_be372a62-d293-11ef-a9e2-005056a89546.mp4/playlist.m3u8,https://cheyenne.granicus.com/player/clip/996?view_id=2&redirect=true,https://cheyenne.granicus.com/AgendaViewer.php?view_id=2&clip_id=996,
993,Sine Die,"Jan  6, 2025",2025-01-06,1736150400,00h 33m,https://archive-video.granicus.com/cheyenne/cheyenne_2569b20d-cc63-11ef-a9e2-005056a89546.mp4,https://archive-stream.granicus.com/OnDemand/_definst_/mp4:archive/cheyenne/cheyenne_2569b20d-cc63-11ef-a9e2-005056a89546.mp4/playlist.m3u8,https://cheyenne.granicus.com/player/clip/993?view_id=2&redirect=true,https://cheyenne.granicus.com/AgendaViewer.php?view_id=2&clip_id=993,
991,First Regular Meeting,"Jan  6, 2025",2025-01-06,1736150400,00h 19m,https://archive-video.granicus.com/cheyenne/cheyenne_c93484f1-cc69-11ef-a9e2-005056a89546.mp4,https://archive-stream.granicus.com/OnDemand/_definst_/mp4:archive/cheyenne/cheyenne_c93484f1-cc69-11ef-a9e2-005056a89546.mp4/playlist.m3u8,https://cheyenne.granicus.com/player/clip/991?view_id=2&redirect=true,https://cheyenne.granicus.com/AgendaViewer.php?view_id=2&clip_id=991,
989,City Council Meeting,"Dec 23, 2024",2024-12-23,1734940800,01h 08m,https://archive-video.granicus.com/cheyenne/cheyenne_2476dd7b-c467-11ef-a9e2-005056a89546.mp4,https://archive-stream.granicus.com/OnDemand/_definst_/mp4:archive/cheyenne/cheyenne_2476dd7b-c467-11ef-a9e2-005056a89546.mp4/playlist.m3u8,https://cheyenne.granicus.com/player/clip/989?view_id=2&redirect=true,https://cheyenne.granicus.com/AgendaViewer.php?view_id=2&clip_id=989,
987,City Council Meeting,"Dec  9, 2024",2024-12-09,1733731200,04h 13m,https://archive-video.granicus.com/cheyenne/cheyenne_255f81a0-b712-11ef-ab4b-005056a89546.mp4,https://archive-stream.granicus.com/OnDemand/_definst_/mp4:archive/cheyenne/cheyenne_255f81a0-b712-11ef-ab4b-005056a89546.mp4/playlist.m3u8,https://cheyenne.granicus.com/player/clip/987?view_id=2&redirect=true,https://cheyenne.granicus.com/AgendaViewer.php?view_id=2&clip_id=987,
985,City Council Meeting,"Nov 25, 2024",2024-11-25,1732521600,03h 52m,https://archive-video.granicus.com/cheyenne/cheyenne_0bdf66a4-ac1a-11ef-ab4b-005056a89546.mp4,https://archive-stream.granicus.com/OnDemand/_definst_/mp4:archive/cheyenne/cheyenne_0bdf66a4-ac1a-11ef-ab4b-005056a89546.mp4/playlist.m3u8,https://cheyenne.granicus.com/player/clip/985?view_id=2&redirect=true,https://cheyenne.granicus.com/AgendaViewer.php?view_id=2&clip_id=985,
983,City Council Meeting,"Nov 12, 2024",2024-11-12,1731398400,01h 48m,https://archive-video.granicus.com/cheyenne/cheyenne_340cb377-a1d4-11ef-ab4b-005056a89546.mp4,https://archive-stream.granicus.com/OnDemand/_definst_/mp4:archive/cheyenne/cheyenne_340cb377-a1d4-11ef-ab4b-005056a89546.mp4/playlist.m3u8,https://cheyenne.granicus.com/player/clip/983?view_id=2&redirect=true,https://cheyenne.granicus.com/AgendaViewer.php?view_id=2&clip_id=983,
981,City Council Meeting,"Oct 28, 2024",2024-10-28,1730098800,01h 25m,https://archive-video.granicus.com/cheyenne/cheyenne_cd229dde-9611-11ef-ab4b-005056a89546.mp4,https://archive-stream.granicus.com/OnDemand/_definst_/mp4:archive/cheyenne/cheyenne_cd229dde-9611-11ef-ab4b-005056a89546.mp4/playlist.m3u8,https://cheyenne.granicus.com/player/clip/981?view_id=2&redirect=true,https://cheyenne.granicus.com/AgendaViewer.php?view_id=2&clip_id=981,
979,City Council Meeting,"Oct 14, 2024",2024-10-14,1728889200,00h 33m,https://archive-video.granicus.com/cheyenne/cheyenne_48df779e-8b13-11ef-ab4b-005056a89546.mp4,https://archive-stream.granicus.com/OnDemand/_definst_/mp4:archive/cheyenne/cheyenne_48df779e-8b13-11ef-ab4b-005056a89546.mp4/playlist.m3u8,https://cheyenne.granicus.com/player/clip/979?view_id=2&redirect=true,https://cheyenne.granicus.com/AgendaViewer.php?view_id=2&clip_id=979,
977,City Council Meeting,"Sep 23, 2024",2024-09-23,1727074800,01h 22m,https://archive-video.granicus.com/cheyenne/cheyenne_19062b88-7a84-11ef-9b71-005056a89546.mp4,https://archive-stream.granicus.com/OnDemand/_definst_/mp4:archive/cheyenne/cheyenne_19062b88-7a84-11ef-9b71-005056a89546.mp4/playlist.m3u8,https://cheyenne.granicus.com/player/clip/977?view_id=2&redirect=true,https://cheyenne.granicus.com/AgendaViewer.php?view_id=2&clip_id=977,
975,City Council Meeting,"Sep  9, 2024",2024-09-09,1725865200,00h 42m,https://archive-video.granicus.com/cheyenne/cheyenne_298371ae-6f91-11ef-9b71-005056a89546.mp4,https://archive-stream.granicus.com/OnDemand/_definst_/mp4:archive/cheyenne/cheyenne_298371ae-6f91-11ef-9b71-005056a89546.mp4/playlist.m3u8,https://cheyenne.granicus.com/player/clip/975?view_id=2&redirect=true,https://cheyenne.granicus.com/AgendaViewer.php?view_id=2&clip_id=975,
973,City Council,"Aug 26, 2024",2024-08-26,1724655600,01h 18m,https://archive-video.granicus.com/cheyenne/cheyenne_29fbbadd-648d-11ef-9b71-005056a89546.mp4,https://archive-stream.granicus.com/OnDemand/_definst_/mp4:archive/cheyenne/cheyenne_29fbbadd-648d-11ef-9b71-005056a89546.mp4/playlist.m3u8,https://cheyenne.granicus.com/player/clip/973?view_id=2&redirect=true,https://cheyenne.granicus.com/AgendaViewer.php?view_id=2&clip_id=973,
972,Special City Council Meeting,"Aug 12, 2024",2024-08-12,1723446000,00h 11m,https://archive-video.granicus.com/cheyenne/cheyenne_ac1f76fd-5b53-11ef-bafe-005056a89546.mp4,https://archive-stream.granicus.com/OnDemand/_definst_/mp4:archive/cheyenne/cheyenne_ac1f76fd-5b53-11ef-bafe-005056a89546.mp4/playlist.m3u8,https://cheyenne.granicus.com/player/clip/972?view_id=2&redirect=true,https://cheyenne.granicus.com/AgendaViewer.php?view_id=2&clip_id=972,
967,City Council,"Aug 12, 2024",2024-08-12,1723446000,00h 56m,https://archive-video.granicus.com/cheyenne/cheyenne_2f74eb6f-597f-11ef-bafe-005056a89546.mp4,https://archive-stream.granicus.com/OnDemand/_definst_/mp4:archive/cheyenne/cheyenne_2f74eb6f-597f-11ef-bafe-005056a89546.mp4/playlist.m3u8,https://cheyenne.granicus.com/player/clip/967?view_id=2&redirect=true,https://cheyenne.granicus.com/AgendaViewer.php?view_id=2&clip_id=967,
965,City Council,"Jul 22, 2024",2024-07-22,1721631600,00h 26m,https://archive-video.granicus.com/cheyenne/cheyenne_79b364c6-713b-431d-8e7d-77c6b3fd56d0.mp4,https://archive-stream.granicus.com/OnDemand/_definst_/mp4:archive/cheyenne/cheyenne_79b364c6-713b-431d-8e7d-77c6b3fd56d0.mp4/playlist.m3u8,https://cheyenne.granicus.com/player/clip/965?view_id=2&redirect=true,https://cheyenne.granicus.com/AgendaViewer.php?view_id=2&clip_id=965,
964,City Council Meeting,"Jul  8, 2024",2024-07-08,1720422000,00h 44m,https://archive-video.granicus.com/cheyenne/cheyenne_f9b78b7b-db65-476f-8ac5-2a32c51d5bc4.mp4,https://archive-stream.granicus.com/OnDemand/_definst_/mp4:archive/cheyenne/cheyenne_f9b78b7b-db65-476f-8ac5-2a32c51d5bc4.mp4/playlist.m3u8,https://cheyenne.granicus.com/player/clip/964?view_id=2&redirect=true,https://cheyenne.granicus.com/AgendaViewer.php?view_id=2&clip_id=964,
959,City Council,"Jun 24, 2024",2024-06-24,1719212400,00h 48m,https://archive-video.granicus.com/cheyenne/cheyenne_6e821ce0-fc12-4234-bd3e-7dad272ab7db.mp4,https://archive-stream.granicus.com/OnDemand/_definst_/mp4:archive/cheyenne/cheyenne_6e821ce0-fc12-4234-bd3e-7dad272ab7db.mp4/playlist.m3u8,https://cheyenne.granicus.com/player/clip/959?view_id=2&redirect=true,https://cheyenne.granicus.com/AgendaViewer.php?view_id=2&clip_id=959,
957,City Council Meeting,"Jun 10, 2024",2024-06-10,1718002800,01h 30m,https://archive-video.granicus.com/cheyenne/cheyenne_c645cef6-2996-11ef-81ef-005056a89546.mp4,https://archive-stream.granicus.com/OnDemand/_definst_/mp4:archive/cheyenne/cheyenne_c645cef6-2996-11ef-81ef-005056a89546.mp4/playlist.m3u8,https://cheyenne.granicus.com/player/clip/957?view_id=2&redirect=true,https://cheyenne.granicus.com/AgendaViewer.php?view_id=2&clip_id=957,
955,City Council Meeting,"May 28, 2024",2024-05-28,1716879600,01h 58m,https://archive-video.granicus.com/cheyenne/cheyenne_ce8a16eb-1dd6-11ef-b231-0050569183fa.mp4,https://archive-stream.granicus.com/OnDemand/_definst_/mp4:archive/cheyenne/cheyenne_ce8a16eb-1dd6-11ef-b231-0050569183fa.mp4/playlist.m3u8,https://cheyenne.granicus.com/player/clip/955?view_id=2&redirect=true,https://cheyenne.granicus.com/AgendaViewer.php?view_id=2&clip_id=955,
953,City Council,"May 14, 2024",2024-05-14,1715670000,01h 43m,https://archive-video.granicus.com/cheyenne/cheyenne_65f6f37d-1211-11ef-b231-0050569183fa.mp4,https://archive-stream.granicus.com/OnDemand/_definst_/mp4:archive/cheyenne/cheyenne_65f6f37d-1211-11ef-b231-0050569183fa.mp4/playlist.m3u8,https://cheyenne.granicus.com/player/clip/953?view_id=2&redirect=true,https://cheyenne.granicus.com/AgendaViewer.php?view_id=2&clip_id=953,
949,City Council,"Apr 22, 2024",2024-04-22,1713769200,01h 31m,https://archive-video.granicus.com/cheyenne/cheyenne_4766ea22-0191-11ef-b231-0050569183fa.mp4,https://archive-stream.granicus.com/OnDemand/_definst_/mp4:archive/cheyenne/cheyenne_4766ea22-0191-11ef-b231-0050569183fa.mp4/playlist.m3u8,https://cheyenne.granicus.com/player/clip/949?view_id=2&redirect=true,https://cheyenne.granicus.com/AgendaViewer.php?view_id=2&clip_id=949,
947,City Council Meeting,"Apr  8, 2024",2024-04-08,1712559600,00h 52m,https://archive-video.granicus.com/cheyenne/cheyenne_55fb65f6-f67f-11ee-b231-0050569183fa.mp4,https://archive-stream.granicus.com/OnDemand/_definst_/mp4:archive/cheyenne/cheyenne_55fb65f6-f67f-11ee-b231-0050569183fa.mp4/playlist.m3u8,https://cheyenne.granicus.com/player/clip/947?view_id=2&redirect=true,https://cheyenne.granicus.com/AgendaViewer.php?view_id=2&clip_id=947,
945,City Council Meeting,"Mar 25, 2024",2024-03-25,1711350000,00h 34m,https://archive-video.granicus.com/cheyenne/cheyenne_8fcc6a0f-eb8d-11ee-98bb-0050569183fa.mp4,https://archive-stream.granicus.com/OnDemand/_definst_/mp4:archive/cheyenne/cheyenne_8fcc6a0f-eb8d-11ee-98bb-0050569183fa.mp4/playlist.m3u8,https://cheyenne.granicus.com/player/clip/945?view_id=2&redirect=true,https://cheyenne.granicus.com/AgendaViewer.php?view_id=2&clip_id=945,
943,City Council Meeting,"Mar 11, 2024",2024-03-11,1710140400,01h 13m,https://archive-video.granicus.com/cheyenne/cheyenne_7b09877d-e156-11ee-98bb-0050569183fa.mp4,https://archive-stream.granicus.com/OnDemand/_definst_/mp4:archive/cheyenne/cheyenne_7b09877d-e156-11ee-98bb-0050569183fa.mp4/playlist.m3u8,https://cheyenne.granicus.com/player/clip/943?view_id=2&redirect=true,https://cheyenne.granicus.com/AgendaViewer.php?view_id=2&clip_id=943,
941,City Council Meeting,"Feb 26, 2024",2024-02-26,1708934400,01h 25m,https://archive-video.granicus.com/cheyenne/cheyenne_bffa432e-d593-11ee-98bb-0050569183fa.mp4,https://archive-stream.granicus.com/OnDemand/_definst_/mp4:archive/cheyenne/cheyenne_bffa432e-d593-11ee-98bb-0050569183fa.mp4/playlist.m3u8,https://cheyenne.granicus.com/player/clip/941?view_id=2&redirect=true,https://cheyenne.granicus.com/AgendaViewer.php?view_id=2&clip_id=941,
939,City Council Meeting,"Feb 12, 2024",2024-02-12,1707724800,01h 07m,https://archive-video.granicus.com/cheyenne/cheyenne_6d2e1aa2-ca8e-11ee-8fe8-0050569183fa.mp4,https://archive-stream.granicus.com/OnDemand/_definst_/mp4:archive/cheyenne/cheyenne_6d2e1aa2-ca8e-11ee-8fe8-0050569183fa.mp4/playlist.m3u8,https://cheyenne.granicus.com/player/clip/939?view_id=2&redirect=true,https://cheyenne.granicus.com/AgendaViewer.php?view_id=2&clip_id=939,
937,City Council Meeting,"Jan 22, 2024",2024-01-22,1705910400,00h 24m,https://archive-video.granicus.com/cheyenne/cheyenne_c1200441-ba02-11ee-8fe8-0050569183fa.mp4,https://archive-stream.granicus.com/OnDemand/_definst_/mp4:archive/cheyenne/cheyenne_c1200441-ba02-11ee-8fe8-0050569183fa.mp4/playlist.m3u8,https://cheyenne.granicus.com/player/clip/937?view_id=2&redirect=true,https://cheyenne.granicus.com/AgendaViewer.php?view_id=2&clip_id=937,
935,City Council Meeting,"Jan  8, 2024",2024-01-08,1704700800,01h 18m,https://archive-video.granicus.com/cheyenne/cheyenne_527f591c-af17-11ee-bb82-0050569183fa.mp4,https://archive-stream.granicus.com/OnDemand/_definst_/mp4:archive/cheyenne/cheyenne_527f591c-af17-11ee-bb82-0050569183fa.mp4/playlist.m3u8,https://cheyenne.granicus.com/player/clip/935?view_id=2&redirect=true,https://cheyenne.granicus.com/AgendaViewer.php?view_id=2&clip_id=935,
933,City Council Meeting,"Dec 21, 2023",2023-12-21,1703145600,02h 23m,https://archive-video.granicus.com/cheyenne/cheyenne_845133bc-a413-11ee-bb82-0050569183fa.mp4,https://archive-stream.granicus.com/OnDemand/_definst_/mp4:archive/cheyenne/cheyenne_845133bc-a413-11ee-bb82-0050569183fa.mp4/playlist.m3u8,https://cheyenne.granicus.com/player/clip/933?view_id=2&redirect=true,https://cheyenne.granicus.com/AgendaViewer.php?view_id=2&clip_id=933,
931,City Council Meeting,"Dec 11, 2023",2023-12-11,1702281600,03h 16m,https://archive-video.granicus.com/cheyenne/cheyenne_43755b3c-9914-11ee-a93d-0050569183fa.mp4,https://archive-stream.granicus.com/OnDemand/_definst_/mp4:archive/cheyenne/cheyenne_43755b3c-9914-11ee-a93d-0050569183fa.mp4/playlist.m3u8,https://cheyenne.granicus.com/player/clip/931?view_id=2&redirect=true,https://cheyenne.granicus.com/AgendaViewer.php?view_id=2&clip_id=931,
930,City Council Meeting,"Nov 27, 2023",2023-11-27,1701072000,03h 00m,https://archive-video.granicus.com/cheyenne/cheyenne_cc315088-5c39-4074-a5b9-137b94826633.mp4,https://archive-stream.granicus.com/OnDemand/_definst_/mp4:archive/cheyenne/cheyenne_cc315088-5c39-4074-a5b9-137b94826633.mp4/playlist.m3u8,https://cheyenne.granicus.com/player/clip/930?view_id=2&redirect=true,https://cheyenne.granicus.com/AgendaViewer.php?view_id=2&clip_id=930,
929,City Council Meeting,"Nov 13, 2023",2023-11-13,1699862400,03h 00m,https://archive-video.granicus.com/cheyenne/cheyenne_d56a3444-3648-4216-98a2-cae8a1fd32a4.mp4,https://archive-stream.granicus.com/OnDemand/_definst_/mp4:archive/cheyenne/cheyenne_d56a3444-3648-4216-98a2-cae8a1fd32a4.mp4/playlist.m3u8,https://cheyenne.granicus.com/player/clip/929?view_id=2&redirect=true,https://cheyenne.granicus.com/AgendaViewer.php?view_id=2&clip_id=929,
928,Checkin Review - Template update & Item Logic,"Nov  8, 2023",2023-11-08,1699430400,00h 08m,https://archive-video.granicus.com/cheyenne/cheyenne_c533ec13-9057-4d2a-985b-2a979f57f6aa.mp4,https://archive-stream.granicus.com/OnDemand/_definst_/mp4:archive/cheyenne/cheyenne_c533ec13-9057-4d2a-985b-2a979f57f6aa.mp4/playlist.m3u8,https://cheyenne.granicus.com/player/clip/928?view_id=2&redirect=true,,
926,City Council Meeting,"Oct 23, 2023",2023-10-23,1698044400,01h 00m,https://archive-video.granicus.com/cheyenne/cheyenne_dc76d74b-728a-11ee-b4aa-0050569183fa.mp4,https://archive-stream.granicus.com/OnDemand/_definst_/mp4:archive/cheyenne/cheyenne_dc76d74b-728a-11ee-b4aa-0050569183fa.mp4/playlist.m3u8,https://cheyenne.granicus.com/player/clip/926?view_id=2&redirect=true,https://cheyenne.granicus.com/AgendaViewer.php?view_id=2&clip_id=926,
924,City Council Meeting,"Oct  9, 2023",2023-10-09,1696834800,00h 48m,https://archive-video.granicus.com/cheyenne/cheyenne_c2ce4a75-6789-11ee-b4aa-0050569183fa.mp4,https://archive-stream.granicus.com/OnDemand/_definst_/mp4:archive/cheyenne/cheyenne_c2ce4a75-6789-11ee-b4aa-0050569183fa.mp4/playlist.m3u8,https://cheyenne.granicus.com/player/clip/924?view_id=2&redirect=true,https://cheyenne.granicus.com/AgendaViewer.php?view_id=2&clip_id=924,
923,City Council Meeting,"Sep 25, 2023",2023-09-25,1695625200,01h 34m,https://archive-video.granicus.com/cheyenne/cheyenne_bab51be9-c856-48b2-bd6a-bd58c5d36c2b.mp4,https://archive-stream.granicus.com/OnDemand/_definst_/mp4:archive/cheyenne/cheyenne_bab51be9-c856-48b2-bd6a-bd58c5d36c2b.mp4/playlist.m3u8,https://cheyenne.granicus.com/player/clip/923?view_id=2&redirect=true,https://cheyenne.granicus.com/AgendaViewer.php?view_id=2&clip_id=923,
921,City Council Meeting,"Sep 11, 2023",2023-09-11,1694415600,02h 07m,https://archive-video.granicus.com/cheyenne/cheyenne_ff5db313-5187-11ee-ae13-0050569183fa.mp4,https://archive-stream.granicus.com/OnDemand/_definst_/mp4:archive/cheyenne/cheyenne_ff5db313-5187-11ee-ae13-0050569183fa.mp4/playlist.m3u8,https://cheyenne.granicus.com/player/clip/921?view_id=2&redirect=true,https://cheyenne.granicus.com/AgendaViewer.php?view_id=2&clip_id=921,https://cheyenne.granicus.com/MinutesViewer.php?view_id=2&clip_id=921
919,City Council Meeting,"Aug 28, 2023",2023-08-28,1693206000,01h 58m,https://archive-video.granicus.com/cheyenne/cheyenne_117dece4-4687-11ee-ae13-0050569183fa.mp4,https://archive-stream.granicus.com/OnDemand/_definst_/mp4:archive/cheyenne/cheyenne_117dece4-4687-11ee-ae13-0050569183fa.mp4/playlist.m3u8,https://cheyenne.granicus.com/player/clip/919?view_id=2&redirect=true,https://cheyenne.granicus.com/AgendaViewer.php?view_id=2&clip_id=919,
917,City Council Meeting,"Aug 14, 2023",2023-08-14,1691996400,01h 20m,https://archive-video.granicus.com/cheyenne/cheyenne_358d0b73-3b87-11ee-9e9a-0050569183fa.mp4,https://archive-stream.granicus.com/OnDemand/_definst_/mp4:archive/cheyenne/cheyenne_358d0b73-3b87-11ee-9e9a-0050569183fa.mp4/playlist.m3u8,https://cheyenne.granicus.com/player/clip/917?view_id=2&redirect=true,https://cheyenne.granicus.com/AgendaViewer.php?view_id=2&clip_id=917,
916,City Council Meeting,"Jul 24, 2023",2023-07-24,1690182000,00h 20m,https://archive-video.granicus.com/cheyenne/cheyenne_31ea6592-759d-4b04-bf7c-39227f3c49f6.mp4,https://archive-stream.granicus.com/OnDemand/_definst_/mp4:archive/cheyenne/cheyenne_31ea6592-759d-4b04-bf7c-39227f3c49f6.mp4/playlist.m3u8,https://cheyenne.granicus.com/player/clip/916?view_id=2&redirect=true,https://cheyenne.granicus.com/AgendaViewer.php?view_id=2&clip_id=916,
914,City Council Meeting,"Jul 10, 2023",2023-07-10,1688972400,02h 54m,https://archive-video.granicus.com/cheyenne/cheyenne_f6e3bc4e-2008-11ee-b4fc-0050569183fa.mp4,https://archive-stream.granicus.com/OnDemand/_definst_/mp4:archive/cheyenne/cheyenne_f6e3bc4e-2008-11ee-b4fc-0050569183fa.mp4/playlist.m3u8,https://cheyenne.granicus.com/player/clip/914?view_id=2&redirect=true,https://cheyenne.granicus.com/AgendaViewer.php?view_id=2&clip_id=914,
912,City Council Meeting,"Jun 26, 2023",2023-06-26,1687762800,03h 02m,https://archive-video.granicus.com/cheyenne/cheyenne_5d41ce12-1506-11ee-aabb-0050569183fa.mp4,https://archive-stream.granicus.com/OnDemand/_definst_/mp4:archive/cheyenne/cheyenne_5d41ce12-1506-11ee-aabb-0050569183fa.mp4/playlist.m3u8,https://cheyenne.granicus.com/player/clip/912?view_id=2&redirect=true,https://cheyenne.granicus.com/AgendaViewer.php?view_id=2&clip_id=912,
910,City Council Meeting,"Jun 12, 2023",2023-06-12,1686553200,01h 13m,https://archive-video.granicus.com/cheyenne/cheyenne_fa7a6f3d-97e0-4cf7-a6a1-32d84622ba96.mp4,https://archive-stream.granicus.com/OnDemand/_definst_/mp4:archive/cheyenne/cheyenne_fa7a6f3d-97e0-4cf7-a6a1-32d84622ba96.mp4/playlist.m3u8,https://cheyenne.granicus.com/player/clip/910?view_id=2&redirect=true,https://cheyenne.granicus.com/AgendaViewer.php?view_id=2&clip_id=910,
908,City Council Meeting,"May 22, 2023",2023-05-22,1684738800,01h 01m,https://archive-video.granicus.com/cheyenne/cheyenne_c12e7ddc-f987-11ed-95dd-0050569183fa.mp4,https://archive-stream.granicus.com/OnDemand/_definst_/mp4:archive/cheyenne/cheyenne_c12e7ddc-f987-11ed-95dd-0050569183fa.mp4/playlist.m3u8,https://cheyenne.granicus.com/player/clip/908?view_id=2&redirect=true,https://cheyenne.granicus.com/AgendaViewer.php?view_id=2&clip_id=908,
906,City Council Meeting,"May  8, 2023",2023-05-08,1683529200,00h 37m,https://archive-video.granicus.com/cheyenne/cheyenne_7c1b708e-ee7e-11ed-95dd-0050569183fa.mp4,https://archive-stream.granicus.com/OnDemand/_definst_/mp4:archive/cheyenne/cheyenne_7c1b708e-ee7e-11ed-95dd-0050569183fa.mp4/playlist.m3u8,https://cheyenne.granicus.com/player/clip/906?view_id=2&redirect=true,https://cheyenne.granicus.com/AgendaViewer.php?view_id=2&clip_id=906,
903,City Council Meeting,"Apr 24, 2023",2023-04-24,1682319600,01h 06m,https://archive-video.granicus.com/cheyenne/cheyenne_f934cfd1-e39e-11ed-95dd-0050569183fa.mp4,https://archive-stream.granicus.com/OnDemand/_definst_/mp4:archive/cheyenne/cheyenne_f934cfd1-e39e-11ed-95dd-0050569183fa.mp4/playlist.m3u8,https://cheyenne.granicus.com/player/clip/903?view_id=2&redirect=true,https://cheyenne.granicus.com/AgendaViewer.php?view_id=2&clip_id=903,
901,City Council Meeting,"Apr 10, 2023",2023-04-10,1681110000,01h 08m,https://archive-video.granicus.com/cheyenne/cheyenne_eeaad2bc-d877-11ed-95dd-0050569183fa.mp4,https://archive-stream.granicus.com/OnDemand/_definst_/mp4:archive/cheyenne/cheyenne_eeaad2bc-d877-11ed-95dd-0050569183fa.mp4/playlist.m3u8,https://cheyenne.granicus.com/player/clip/901?view_id=2&redirect=true,https://cheyenne.granicus.com/AgendaViewer.php?view_id=2&clip_id=901,
899,City Council Meeting,"Mar 27, 2023",2023-03-27,1679900400,01h 24m,https://archive-video.granicus.com/cheyenne/cheyenne_98955b8f-cd97-11ed-95dd-0050569183fa.mp4,https://archive-stream.granicus.com/OnDemand/_definst_/mp4:archive/cheyenne/cheyenne_98955b8f-cd97-11ed-95dd-0050569183fa.mp4/playlist.m3u8,https://cheyenne.granicus.com/player/clip/899?view_id=2&redirect=true,https://cheyenne.granicus.com/AgendaViewer.php?view_id=2&clip_id=899,
898,City Council Meeting,"Mar 13, 2023",2023-03-13,1678690800,04h 00m,https://archive-video.granicus.com/cheyenne/cheyenne_14ae6ff4-0402-4751-9f81-e5c624e0022f.mp4,https://archive-stream.granicus.com/OnDemand/_definst_/mp4:archive/cheyenne/cheyenne_14ae6ff4-0402-4751-9f81-e5c624e0022f.mp4/playlist.m3u8,https://cheyenne.granicus.com/player/clip/898?view_id=2&redirect=true,https://cheyenne.granicus.com/AgendaViewer.php?view_id=2&clip_id=898,
894,City Council Meeting,"Feb 27, 2023",2023-02-27,1677484800,03h 00m,https://archive-video.granicus.com/cheyenne/cheyenne_370a16c5-4d72-45ab-a814-cb38364ae6e1.mp4,https://archive-stream.granicus.com/OnDemand/_definst_/mp4:archive/cheyenne/cheyenne_370a16c5-4d72-45ab-a814-cb38364ae6e1.mp4/playlist.m3u8,https://cheyenne.granicus.com/player/clip/894?view_id=2&redirect=true,https://cheyenne.granicus.com/AgendaViewer.php?view_id=2&clip_id=894,
893,Special City Council Meeting,"Feb 16, 2023",2023-02-16,1676534400,00h 00m,,,https://cheyenne.granicus.com/player/clip/893?view_id=2&redirect=true,https://cheyenne.granicus.com/AgendaViewer.php?view_id=2&clip_id=893,https://cheyenne.granicus.com/MinutesViewer.php?view_id=2&clip_id=893
887,City Council Meeting,"Feb 13, 2023",2023-02-13,1676275200,01h 14m,https://archive-video.granicus.com/cheyenne/cheyenne_303227be-ad5d-11ed-8145-0050569183fa.mp4,https://archive-stream.granicus.com/OnDemand/_definst_/mp4:archive/cheyenne/cheyenne_303227be-ad5d-11ed-8145-0050569183fa.mp4/playlist.m3u8,https://cheyenne.granicus.com/player/clip/887?view_id=2&redirect=true,https://cheyenne.granicus.com/AgendaViewer.php?view_id=2&clip_id=887,
886,Special Meeting of the Governing Body - No Video Available,"Feb  9, 2023",2023-02-09,1675929600,00h 00m,,,https://cheyenne.granicus.com/player/clip/886?view_id=2&redirect=true,https://cheyenne.granicus.com/AgendaViewer.php?view_id=2&clip_id=886,https://cheyenne.granicus.com/MinutesViewer.php?view_id=2&clip_id=886
884,City Council Meeting,"Jan 23, 2023",2023-01-23,1674460800,04h 00m,https://archive-video.granicus.com/cheyenne/cheyenne_78c64157-a409-4e0b-9962-783b38d2eecf.mp4,https://archive-stream.granicus.com/OnDemand/_definst_/mp4:archive/cheyenne/cheyenne_78c64157-a409-4e0b-9962-783b38d2eecf.mp4/playlist.m3u8,https://cheyenne.granicus.com/player/clip/884?view_id=2&redirect=true,https://cheyenne.granicus.com/AgendaViewer.php?view_id=2&clip_id=884,
882,City Council Meeting,"Jan  9, 2023",2023-01-09,1673251200,03h 05m,https://archive-video.granicus.com/cheyenne/cheyenne_9e99108e-edda-422a-8286-78fc1b26f722.mp4,https://archive-stream.granicus.com/OnDemand/_definst_/mp4:archive/cheyenne/cheyenne_9e99108e-edda-422a-8286-78fc1b26f722.mp4/playlist.m3u8,https://cheyenne.granicus.com/player/clip/882?view_id=2&redirect=true,https://cheyenne.granicus.com/AgendaViewer.php?view_id=2&clip_id=882,
878,Sine Die,"Jan  3, 2023",2023-01-03,1672732800,00h 24m,https://archive-video.granicus.com/cheyenne/cheyenne_264bc9d6-91c3-4949-9c1f-2b35b0e86edb.mp4,https://archive-stream.granicus.com/OnDemand/_definst_/mp4:archive/cheyenne/cheyenne_264bc9d6-91c3-4949-9c1f-2b35b0e86edb.mp4/playlist.m3u8,https://cheyenne.granicus.com/player/clip/878?view_id=2&redirect=true,https://cheyenne.granicus.com/AgendaViewer.php?view_id=2&clip_id=878,
879,First Regular Meeting,"Jan  3, 2023",2023-01-03,1672732800,00h 24m,https://archive-video.granicus.com/cheyenne/cheyenne_6d3a4c32-bb3d-461f-886a-ee7857b422e8.mp4,https://archive-stream.granicus.com/OnDemand/_definst_/mp4:archive/cheyenne/cheyenne_6d3a4c32-bb3d-461f-886a-ee7857b422e8.mp4/playlist.m3u8,https://cheyenne.granicus.com/player/clip/879?view_id=2&redirect=true,https://cheyenne.granicus.com/AgendaViewer.php?view_id=2&clip_id=879,
877,City Council Meeting,"Dec 27, 2022",2022-12-27,1672128000,03h 00m,https://archive-video.granicus.com/cheyenne/cheyenne_2ada97c0-97f2-4fd7-8f61-df5b491bd4fc.mp4,https://archive-stream.granicus.com/OnDemand/_definst_/mp4:archive/cheyenne/cheyenne_2ada97c0-97f2-4fd7-8f61-df5b491bd4fc.mp4/playlist.m3u8,https://cheyenne.granicus.com/player/clip/877?view_id=2&redirect=true,https://cheyenne.granicus.com/AgendaViewer.php?view_id=2&clip_id=877,
876,City Council Meeting,"Dec 12, 2022",2022-12-12,1670832000,03h 00m,https://archive-video.granicus.com/cheyenne/cheyenne_dc120b4a-bcb6-4e14-a0c6-ba93343709c6.mp4,https://archive-stream.granicus.com/OnDemand/_definst_/mp4:archive/cheyenne/cheyenne_dc120b4a-bcb6-4e14-a0c6-ba93343709c6.mp4/playlist.m3u8,https://cheyenne.granicus.com/player/clip/876?view_id=2&redirect=true,https://cheyenne.granicus.com/AgendaViewer.php?view_id=2&clip_id=876,
875,City Council Meeting,"Nov 28, 2022",2022-11-28,1669622400,03h 00m,https://archive-video.granicus.com/cheyenne/cheyenne_5cce5265-18e6-4c49-a35a-c521bc7348d3.mp4,https://archive-stream.granicus.com/OnDemand/_definst_/mp4:archive/cheyenne/cheyenne_5cce5265-18e6-4c49-a35a-c521bc7348d3.mp4/playlist.m3u8,https://cheyenne.granicus.com/player/clip/875?view_id=2&redirect=true,https://cheyenne.granicus.com/AgendaViewer.php?view_id=2&clip_id=875,
872,City Council Meeting,"Nov 14, 2022",2022-11-14,1668412800,02h 03m,https://archive-video.granicus.com/cheyenne/cheyenne_58b26fd7-0072-46d1-96a6-22c520e50c11.mp4,https://archive-stream.granicus.com/OnDemand/_definst_/mp4:archive/cheyenne/cheyenne_58b26fd7-0072-46d1-96a6-22c520e50c11.mp4/playlist.m3u8,https://cheyenne.granicus.com/player/clip/872?view_id=2&redirect=true,https://cheyenne.granicus.com/AgendaViewer.php?view_id=2&clip_id=872,
870,City Council Meeting,"Oct 24, 2022",2022-10-24,1666594800,02h 04m,https://archive-video.granicus.com/cheyenne/cheyenne_e658bb76-52e6-4a8d-b3f1-a1802cdfffb3.mp4,https://archive-stream.granicus.com/OnDemand/_definst_/mp4:archive/cheyenne/cheyenne_e658bb76-52e6-4a8d-b3f1-a1802cdfffb3.mp4/playlist.m3u8,https://cheyenne.granicus.com/player/clip/870?view_id=2&redirect=true,https://cheyenne.granicus.com/AgendaViewer.php?view_id=2&clip_id=870,https://cheyenne.granicus.com/MinutesViewer.php?view_id=2&clip_id=870
869,Special Meeting,"Oct 21, 2022",2022-10-21,1666335600,01h 30m,https://archive-video.granicus.com/cheyenne/cheyenne_51864821-b8ff-4d67-a029-434b1eb52c4d.mp4,https://archive-stream.granicus.com/OnDemand/_definst_/mp4:archive/cheyenne/cheyenne_51864821-b8ff-4d67-a029-434b1eb52c4d.mp4/playlist.m3u8,https://cheyenne.granicus.com/player/clip/869?view_id=2&redirect=true,https://cheyenne.granicus.com/AgendaViewer.php?view_id=2&clip_id=869,
868,City Council Meeting,"Oct 10, 2022",2022-10-10,1665385200,03h 00m,https://archive-video.granicus.com/cheyenne/cheyenne_51c9642b-db3c-49a9-bcf8-077ae8ca6a7c.mp4,https://archive-stream.granicus.com/OnDemand/_definst_/mp4:archive/cheyenne/cheyenne_51c9642b-db3c-49a9-bcf8-077ae8ca6a7c.mp4/playlist.m3u8,https://cheyenne.granicus.com/player/clip/868?view_id=2&redirect=true,https://cheyenne.granicus.com/AgendaViewer.php?view_id=2&clip_id=868,https://cheyenne.granicus.com/MinutesViewer.php?view_id=2&clip_id=868
867,City Council Meeting,"Sep 26, 2022",2022-09-26,1664175600,03h 00m,https://archive-video.granicus.com/cheyenne/cheyenne_4dd49270-a95f-428b-a605-372d1f48a81f.mp4,https://archive-stream.granicus.com/OnDemand/_definst_/mp4:archive/cheyenne/cheyenne_4dd49270-a95f-428b-a605-372d1f48a81f.mp4/playlist.m3u8,https://cheyenne.granicus.com/player/clip/867?view_id=2&redirect=true,https://cheyenne.granicus.com/AgendaViewer.php?view_id=2&clip_id=867,https://cheyenne.granicus.com/MinutesViewer.php?view_id=2&clip_id=867
865,City Council Meeting,"Sep 12, 2022",2022-09-12,1662966000,01h 13m,https://archive-video.granicus.com/cheyenne/cheyenne_fc854b45-306a-4f15-bcc0-6ebb1599c4aa.mp4,https://archive-stream.granicus.com/OnDemand/_definst_/mp4:archive/cheyenne/cheyenne_fc854b45-306a-4f15-bcc0-6ebb1599c4aa.mp4/playlist.m3u8,https://cheyenne.granicus.com/player/clip/865?view_id=2&redirect=true,https://cheyenne.granicus.com/AgendaViewer.php?view_id=2&clip_id=865,https://cheyenne.granicus.com/MinutesViewer.php?view_id=2&clip_id=865
863,City Council Meeting,"Aug 22, 2022",2022-08-22,1661151600,00h 51m,https://archive-video.granicus.com/cheyenne/cheyenne_2bcc5a25-37fb-4c7f-9b08-9f2dfc0f5bbc.mp4,https://archive-stream.granicus.com/OnDemand/_definst_/mp4:archive/cheyenne/cheyenne_2bcc5a25-37fb-4c7f-9b08-9f2dfc0f5bbc.mp4/playlist.m3u8,https://cheyenne.granicus.com/player/clip/863?view_id=2&redirect=true,https://cheyenne.granicus.com/AgendaViewer.php?view_id=2&clip_id=863,https://cheyenne.granicus.com/MinutesViewer.php?view_id=2&clip_id=863
861,City Council Meeting,"Aug  8, 2022",2022-08-08,1659942000,01h 01m,https://archive-video.granicus.com/cheyenne/cheyenne_ed9686f8-a718-4fb1-88c3-8faf8ac07b36.mp4,https://archive-stream.granicus.com/OnDemand/_definst_/mp4:archive/cheyenne/cheyenne_ed9686f8-a718-4fb1-88c3-8faf8ac07b36.mp4/playlist.m3u8,https://cheyenne.granicus.com/player/clip/861?view_id=2&redirect=true,https://cheyenne.granicus.com/AgendaViewer.php?view_id=2&clip_id=861,https://cheyenne.granicus.com/MinutesViewer.php?view_id=2&clip_id=861
859,City Council Meeting,"Jul 25, 2022",2022-07-25,1658732400,00h 34m,https://archive-video.granicus.com/cheyenne/cheyenne_f5046df3-8bbc-47dd-af4d-c09708ee0589.mp4,https://archive-stream.granicus.com/OnDemand/_definst_/mp4:archive/cheyenne/cheyenne_f5046df3-8bbc-47dd-af4d-c09708ee0589.mp4/playlist.m3u8,https://cheyenne.granicus.com/player/clip/859?view_id=2&redirect=true,https://cheyenne.granicus.com/AgendaViewer.php?view_id=2&clip_id=859,https://cheyenne.granicus.com/MinutesViewer.php?view_id=2&clip_id=859
857,City Council Meeting,"Jul 11, 2022",2022-07-11,1657522800,00h 48m,https://archive-video.granicus.com/cheyenne/cheyenne_3c648ce1-3912-4e0f-a61a-74b3fefef14f.mp4,https://archive-stream.granicus.com/OnDemand/_definst_/mp4:archive/cheyenne/cheyenne_3c648ce1-3912-4e0f-a61a-74b3fefef14f.mp4/playlist.m3u8,https://cheyenne.granicus.com/player/clip/857?view_id=2&redirect=true,https://cheyenne.granicus.com/AgendaViewer.php?view_id=2&clip_id=857,https://cheyenne.granicus.com/MinutesViewer.php?view_id=2&clip_id=857
855,City Council Meeting,"Jun 27, 2022",2022-06-27,1656313200,00h 57m,https://archive-video.granicus.com/cheyenne/cheyenne_966dc264-6fdd-4875-8af6-2fc5039bef1c.mp4,https://archive-stream.granicus.com/OnDemand/_definst_/mp4:archive/cheyenne/cheyenne_966dc264-6fdd-4875-8af6-2fc5039bef1c.mp4/playlist.m3u8,https://cheyenne.granicus.com/player/clip/855?view_id=2&redirect=true,https://cheyenne.granicus.com/AgendaViewer.php?view_id=2&clip_id=855,https://cheyenne.granicus.com/MinutesViewer.php?view_id=2&clip_id=855
853,City Council Meeting,"Jun 13, 2022",2022-06-13,1655103600,01h 43m,https://archive-video.granicus.com/cheyenne/cheyenne_0ad756cd-87fd-4c68-9211-d0beb10863ce.mp4,https://archive-stream.granicus.com/OnDemand/_definst_/mp4:archive/cheyenne/cheyenne_0ad756cd-87fd-4c68-9211-d0beb10863ce.mp4/playlist.m3u8,https://cheyenne.granicus.com/player/clip/853?view_id=2&redirect=true,https://cheyenne.granicus.com/AgendaViewer.php?view_id=2&clip_id=853,https://cheyenne.granicus.com/MinutesViewer.php?view_id=2&clip_id=853
851,City Council Meeting,"May 23, 2022",2022-05-23,1653289200,01h 49m,https://archive-video.granicus.com/cheyenne/cheyenne_12acc295-7304-4f40-9a0c-725cd57b623f.mp4,https://archive-stream.granicus.com/OnDemand/_definst_/mp4:archive/cheyenne/cheyenne_12acc295-7304-4f40-9a0c-725cd57b623f.mp4/playlist.m3u8,https://cheyenne.granicus.com/player/clip/851?view_id=2&redirect=true,https://cheyenne.granicus.com/AgendaViewer.php?view_id=2&clip_id=851,https://cheyenne.granicus.com/MinutesViewer.php?view_id=2&clip_id=851
849,City Council Meeting,"May  9, 2022",2022-05-09,1652079600,00h 43m,https://archive-video.granicus.com/cheyenne/cheyenne_f803e237-e9dc-4c53-81cd-0b2e66c4a2f2.mp4,https://archive-stream.granicus.com/OnDemand/_definst_/mp4:archive/cheyenne/cheyenne_f803e237-e9dc-4c53-81cd-0b2e66c4a2f2.mp4/playlist.m3u8,https://cheyenne.granicus.com/player/clip/849?view_id=2&redirect=true,https://cheyenne.granicus.com/AgendaViewer.php?view_id=2&clip_id=849,https://cheyenne.granicus.com/MinutesViewer.php?view_id=2&clip_id=849
847,City Council Meeting,"Apr 25, 2022",2022-04-25,1650870000,01h 43m,https://archive-video.granicus.com/cheyenne/cheyenne_6d9127ac-3971-4d7e-9fbf-a249119dc992.mp4,https://archive-stream.granicus.com/OnDemand/_definst_/mp4:archive/cheyenne/cheyenne_6d9127ac-3971-4d7e-9fbf-a249119dc992.mp4/playlist.m3u8,https://cheyenne.granicus.com/player/clip/847?view_id=2&redirect=true,https://cheyenne.granicus.com/AgendaViewer.php?view_id=2&clip_id=847,https://cheyenne.granicus.com/MinutesViewer.php?view_id=2&clip_id=847
845,City Council Meeting,"Apr 11, 2022",2022-04-11,1649660400,03h 44m,https://archive-video.granicus.com/cheyenne/cheyenne_883f5f3f-b26f-4f1e-b64e-a6a1e270b37a.mp4,https://archive-stream.granicus.com/OnDemand/_definst_/mp4:archive/cheyenne/cheyenne_883f5f3f-b26f-4f1e-b64e-a6a1e270b37a.mp4/playlist.m3u8,https://cheyenne.granicus.com/player/clip/845?view_id=2&redirect=true,https://cheyenne.granicus.com/AgendaViewer.php?view_id=2&clip_id=845,https://cheyenne.granicus.com/MinutesViewer.php?view_id=2&clip_id=845
843,City Council Meeting,"Mar 28, 2022",2022-03-28,1648450800,01h 16m,https://archive-video.granicus.com/cheyenne/cheyenne_f0571bc9-3930-428e-885b-83bd993f9ead.mp4,https://archive-stream.granicus.com/OnDemand/_definst_/mp4:archive/cheyenne/cheyenne_f0571bc9-3930-428e-885b-83bd993f9ead.mp4/playlist.m3u8,https://cheyenne.granicus.com/player/clip/843?view_id=2&redirect=true,https://cheyenne.granicus.com/AgendaViewer.php?view_id=2&clip_id=843,https://cheyenne.granicus.com/MinutesViewer.php?view_id=2&clip_id=843
840,City Council Meeting,"Mar 14, 2022",2022-03-14,1647241200,02h 47m,https://archive-video.granicus.com/cheyenne/cheyenne_4ac96f1e-83c9-421e-884b-4676527acd97.mp4,https://archive-stream.granicus.com/OnDemand/_definst_/mp4:archive/cheyenne/cheyenne_4ac96f1e-83c9-421e-884b-4676527acd97.mp4/playlist.m3u8,https://cheyenne.granicus.com/player/clip/840?view_id=2&redirect=true,https://cheyenne.granicus.com/AgendaViewer.php?view_id=2&clip_id=840,https://cheyenne.granicus.com/MinutesViewer.php?view_id=2&clip_id=840
838,City Council Meeting,"Feb 28, 2022",2022-02-28,1646035200,02h 24m,https://archive-video.granicus.com/cheyenne/cheyenne_984e5ce2-e6ce-4b8c-bdbe-6108fb8870be.mp4,https://archive-stream.granicus.com/OnDemand/_definst_/mp4:archive/cheyenne/cheyenne_984e5ce2-e6ce-4b8c-bdbe-6108fb8870be.mp4/playlist.m3u8,https://cheyenne.granicus.com/player/clip/838?view_id=2&redirect=true,https://cheyenne.granicus.com/AgendaViewer.php?view_id=2&clip_id=838,https://cheyenne.granicus.com/MinutesViewer.php?view_id=2&clip_id=838
836,City Council Meeting,"Feb 14, 2022",2022-02-14,1644825600,01h 00m,https://archive-video.granicus.com/cheyenne/cheyenne_ac24486a-35fc-4403-85dc-8223964e8a41.mp4,https://archive-stream.granicus.com/OnDemand/_definst_/mp4:archive/cheyenne/cheyenne_ac24486a-35fc-4403-85dc-8223964e8a41.mp4/playlist.m3u8,https://cheyenne.granicus.com/player/clip/836?view_id=2&redirect=true,https://cheyenne.granicus.com/AgendaViewer.php?view_id=2&clip_id=836,https://cheyenne.granicus.com/MinutesViewer.php?view_id=2&clip_id=836
834,City Council Meeting,"Jan 24, 2022",2022-01-24,1643011200,00h 31m,https://archive-video.granicus.com/cheyenne/cheyenne_c73c5746-e966-43b2-84ec-dd2761f48c06.mp4,https://archive-stream.granicus.com/OnDemand/_definst_/mp4:archive/cheyenne/cheyenne_c73c5746-e966-43b2-84ec-dd2761f48c06.mp4/playlist.m3u8,https://cheyenne.granicus.com/player/clip/834?view_id=2&redirect=true,https://cheyenne.granicus.com/AgendaViewer.php?view_id=2&clip_id=834,https://cheyenne.granicus.com/MinutesViewer.php?view_id=2&clip_id=834
833,City Council Meeting,"Jan 10, 2022",2022-01-10,1641801600,01h 06m,https://archive-video.granicus.com/cheyenne/cheyenne_1f12f546-966d-4543-af52-d2f905f20eb9.mp4,https://archive-stream.granicus.com/OnDemand/_definst_/mp4:archive/cheyenne/cheyenne_1f12f546-966d-4543-af52-d2f905f20eb9.mp4/playlist.m3u8,https://cheyenne.granicus.com/player/clip/833?view_id=2&redirect=true,https://cheyenne.granicus.com/AgendaViewer.php?view_id=2&clip_id=833,https://cheyenne.granicus.com/MinutesViewer.php?view_id=2&clip_id=833
830,City Council Meeting,"Dec 28, 2021",2021-12-28,1640678400,01h 27m,https://archive-video.granicus.com/cheyenne/cheyenne_10b9cc12-715c-4908-afdd-1a005c6c5232.mp4,https://archive-stream.granicus.com/OnDemand/_definst_/mp4:archive/cheyenne/cheyenne_10b9cc12-715c-4908-afdd-1a005c6c5232.mp4/playlist.m3u8,https://cheyenne.granicus.com/player/clip/830?view_id=2&redirect=true,https://cheyenne.granicus.com/AgendaViewer.php?view_id=2&clip_id=830,https://cheyenne.granicus.com/MinutesViewer.php?view_id=2&clip_id=830
828,City Council Meeting,"Dec 13, 2021",2021-12-13,1639382400,00h 46m,https://archive-video.granicus.com/cheyenne/cheyenne_e64e6f19-3a02-4ba5-8188-5d4f44afe5ee.mp4,https://archive-stream.granicus.com/OnDemand/_definst_/mp4:archive/cheyenne/cheyenne_e64e6f19-3a02-4ba5-8188-5d4f44afe5ee.mp4/playlist.m3u8,https://cheyenne.granicus.com/player/clip/828?view_id=2&redirect=true,https://cheyenne.granicus.com/AgendaViewer.php?view_id=2&clip_id=828,https://cheyenne.granicus.com/MinutesViewer.php?view_id=2&clip_id=828
826,City Council Meeting,"Nov 22, 2021",2021-11-22,1637568000,01h 16m,https://archive-video.granicus.com/cheyenne/cheyenne_2380c07f-c010-4dde-a170-d1f77e48548a.mp4,https://archive-stream.granicus.com/OnDemand/_definst_/mp4:archive/cheyenne/cheyenne_2380c07f-c010-4dde-a170-d1f77e48548a.mp4/playlist.m3u8,https://cheyenne.granicus.com/player/clip/826?view_id=2&redirect=true,https://cheyenne.granicus.com/AgendaViewer.php?view_id=2&clip_id=826,https://cheyenne.granicus.com/MinutesViewer.php?view_id=2&clip_id=826
824,City Council Meeting,"Nov  8, 2021",2021-11-08,1636358400,01h 05m,https://archive-video.granicus.com/cheyenne/cheyenne_6ded2606-8956-4c27-9703-924e2f856f21.mp4,https://archive-stream.granicus.com/OnDemand/_definst_/mp4:archive/cheyenne/cheyenne_6ded2606-8956-4c27-9703-924e2f856f21.mp4/playlist.m3u8,https://cheyenne.granicus.com/player/clip/824?view_id=2&redirect=true,https://cheyenne.granicus.com/AgendaViewer.php?view_id=2&clip_id=824,https://cheyenne.granicus.com/MinutesViewer.php?view_id=2&clip_id=824
822,City Council Meeting,"Oct 25, 2021",2021-10-25,1635145200,01h 14m,https://archive-video.granicus.com/cheyenne/cheyenne_2e068ce5-4fa3-4d2b-8603-e61016cd040f.mp4,https://archive-stream.granicus.com/OnDemand/_definst_/mp4:archive/cheyenne/cheyenne_2e068ce5-4fa3-4d2b-8603-e61016cd040f.mp4/playlist.m3u8,https://cheyenne.granicus.com/player/clip/822?view_id=2&redirect=true,https://cheyenne.granicus.com/AgendaViewer.php?view_id=2&clip_id=822,https://cheyenne.granicus.com/MinutesViewer.php?view_id=2&clip_id=822
820,City Council Meeting,"Oct 11, 2021",2021-10-11,1633935600,01h 06m,https://archive-video.granicus.com/cheyenne/cheyenne_c1387268-6ee4-4b27-a483-f0d4290bb204.mp4,https://archive-stream.granicus.com/OnDemand/_definst_/mp4:archive/cheyenne/cheyenne_c1387268-6ee4-4b27-a483-f0d4290bb204.mp4/playlist.m3u8,https://cheyenne.granicus.com/player/clip/820?view_id=2&redirect=true,https://cheyenne.granicus.com/AgendaViewer.php?view_id=2&clip_id=820,https://cheyenne.granicus.com/MinutesViewer.php?view_id=2&clip_id=820
818,City Council Meeting,"Sep 27, 2021",2021-09-27,1632726000,01h 26m,https://archive-video.granicus.com/cheyenne/cheyenne_da23fcb0-fa6e-4550-829f-bce169045eca.mp4,https://archive-stream.granicus.com/OnDemand/_definst_/mp4:archive/cheyenne/cheyenne_da23fcb0-fa6e-4550-829f-bce169045eca.mp4/playlist.m3u8,https://cheyenne.granicus.com/player/clip/818?view_id=2&redirect=true,https://cheyenne.granicus.com/AgendaViewer.php?view_id=2&clip_id=818,https://cheyenne.granicus.com/MinutesViewer.php?view_id=2&clip_id=818
816,City Council Meeting,"Sep 13, 2021",2021-09-13,1631516400,00h 39m,https://archive-video.granicus.com/cheyenne/cheyenne_016327e5-0db6-4511-bbb7-0a1a7f8e012e.mp4,https://archive-stream.granicus.com/OnDemand/_definst_/mp4:archive/cheyenne/cheyenne_016327e5-0db6-4511-bbb7-0a1a7f8e012e.mp4/playlist.m3u8,https://cheyenne.granicus.com/player/clip/816?view_id=2&redirect=true,https://cheyenne.granicus.com/AgendaViewer.php?view_id=2&clip_id=816,https://cheyenne.granicus.com/MinutesViewer.php?view_id=2&clip_id=816
814,City Council Meeting,"Aug 23, 2021",2021-08-23,1629702000,01h 00m,https://archive-video.granicus.com/cheyenne/cheyenne_6fc91eea-13aa-4f5e-81ee-4dc5c575b027.mp4,https://archive-stream.granicus.com/OnDemand/_definst_/mp4:archive/cheyenne/cheyenne_6fc91eea-13aa-4f5e-81ee-4dc5c575b027.mp4/playlist.m3u8,https://cheyenne.granicus.com/player/clip/814?view_id=2&redirect=true,https://cheyenne.granicus.com/AgendaViewer.php?view_id=2&clip_id=814,https://cheyenne.granicus.com/MinutesViewer.php?view_id=2&clip_id=814
811,City Council Meeting,"Aug  9, 2021",2021-08-09,1628492400,00h 38m,https://archive-video.granicus.com/cheyenne/cheyenne_d2f6911f-236b-4520-bd1c-a09abdacdc07.mp4,https://archive-stream.granicus.com/OnDemand/_definst_/mp4:archive/cheyenne/cheyenne_d2f6911f-236b-4520-bd1c-a09abdacdc07.mp4/playlist.m3u8,https://cheyenne.granicus.com/player/clip/811?view_id=2&redirect=true,https://cheyenne.granicus.com/AgendaViewer.php?view_id=2&clip_id=811,https://cheyenne.granicus.com/MinutesViewer.php?view_id=2&clip_id=811
809,City Council Meeting,"Jul 26, 2021",2021-07-26,1627282800,00h 44m,https://archive-video.granicus.com/cheyenne/cheyenne_5b038f4c-5447-426d-8f51-cf43bfd096dd.mp4,https://archive-stream.granicus.com/OnDemand/_definst_/mp4:archive/cheyenne/cheyenne_5b038f4c-5447-426d-8f51-cf43bfd096dd.mp4/playlist.m3u8,https://cheyenne.granicus.com/player/clip/809?view_id=2&redirect=true,https://cheyenne.granicus.com/AgendaViewer.php?view_id=2&clip_id=809,https://cheyenne.granicus.com/MinutesViewer.php?view_id=2&clip_id=809
807,City Council Meeting,"Jul 12, 2021",2021-07-12,1626073200,01h 07m,https://archive-video.granicus.com/cheyenne/cheyenne_5c90aba4-e25b-441b-a91c-eecbe3aec374.mp4,https://archive-stream.granicus.com/OnDemand/_definst_/mp4:archive/cheyenne/cheyenne_5c90aba4-e25b-441b-a91c-eecbe3aec374.mp4/playlist.m3u8,https://cheyenne.granicus.com/player/clip/807?view_id=2&redirect=true,https://cheyenne.granicus.com/AgendaViewer.php?view_id=2&clip_id=807,https://cheyenne.granicus.com/MinutesViewer.php?view_id=2&clip_id=807
805,City Council Meeting,"Jun 28, 2021",2021-06-28,1624863600,02h 10m,https://archive-video.granicus.com/cheyenne/cheyenne_2b4b2685-437f-4ea8-b0a5-9087fd940432.mp4,https://archive-stream.granicus.com/OnDemand/_definst_/mp4:archive/cheyenne/cheyenne_2b4b2685-437f-4ea8-b0a5-9087fd940432.mp4/playlist.m3u8,https://cheyenne.granicus.com/player/clip/805?view_id=2&redirect=true,https://cheyenne.granicus.com/AgendaViewer.php?view_id=2&clip_id=805,https://cheyenne.granicus.com/MinutesViewer.php?view_id=2&clip_id=805
803,City Council Meeting,"Jun 14, 2021",2021-06-14,1623654000,00h 51m,https://archive-video.granicus.com/cheyenne/cheyenne_e0cfbeaf-0129-4e94-9f81-1253d5ac2330.mp4,https://archive-stream.granicus.com/OnDemand/_definst_/mp4:archive/cheyenne/cheyenne_e0cfbeaf-0129-4e94-9f81-1253d5ac2330.mp4/playlist.m3u8,https://cheyenne.granicus.com/player/clip/803?view_id=2&redirect=true,https://cheyenne.granicus.com/AgendaViewer.php?view_id=2&clip_id=803,https://cheyenne.granicus.com/MinutesViewer.php?view_id=2&clip_id=803
801,City Council Meeting,"May 24, 2021",2021-05-24,1621839600,02h 10m,https://archive-video.granicus.com/cheyenne/cheyenne_2243ab90-3c0f-422e-9aef-0720537a1b24.mp4,https://archive-stream.granicus.com/OnDemand/_definst_/mp4:archive/cheyenne/cheyenne_2243ab90-3c0f-422e-9aef-0720537a1b24.mp4/playlist.m3u8,https://cheyenne.granicus.com/player/clip/801?view_id=2&redirect=true,https://cheyenne.granicus.com/AgendaViewer.php?view_id=2&clip_id=801,https://cheyenne.granicus.com/MinutesViewer.php?view_id=2&clip_id=801
800,City Council Meeting,"May 10, 2021",2021-05-10,1620630000,03h 00m,https://archive-video.granicus.com/cheyenne/cheyenne_c760bd79-c3d9-4429-b2d2-0a9648988381.mp4,https://archive-stream.granicus.com/OnDemand/_definst_/mp4:archive/cheyenne/cheyenne_c760bd79-c3d9-4429-b2d2-0a9648988381.mp4/playlist.m3u8,https://cheyenne.granicus.com/player/clip/800?view_id=2&redirect=true,https://cheyenne.granicus.com/AgendaViewer.php?view_id=2&clip_id=800,https://cheyenne.granicus.com/MinutesViewer.php?view_id=2&clip_id=800
799,City Council Meeting,"Apr 26, 2021",2021-04-26,1619420400,00h 48m,https://archive-video.granicus.com/cheyenne/cheyenne_4e261048-eefa-4b37-b5be-c4c9b4a0f581.mp4,https://archive-stream.granicus.com/OnDemand/_definst_/mp4:archive/cheyenne/cheyenne_4e261048-eefa-4b37-b5be-c4c9b4a0f581.mp4/playlist.m3u8,https://cheyenne.granicus.com/player/clip/799?view_id=2&redirect=true,https://cheyenne.granicus.com/AgendaViewer.php?view_id=2&clip_id=799,https://cheyenne.granicus.com/MinutesViewer.php?view_id=2&clip_id=799
797,City Council Meeting,"Apr 12, 2021",2021-04-12,1618210800,01h 13m,https://archive-video.granicus.com/cheyenne/cheyenne_e48876f8-d79b-452c-920c-7b7060cea811.mp4,https://archive-stream.granicus.com/OnDemand/_definst_/mp4:archive/cheyenne/cheyenne_e48876f8-d79b-452c-920c-7b7060cea811.mp4/playlist.m3u8,https://cheyenne.granicus.com/player/clip/797?view_id=2&redirect=true,https://cheyenne.granicus.com/AgendaViewer.php?view_id=2&clip_id=797,https://cheyenne.granicus.com/MinutesViewer.php?view_id=2&clip_id=797
795,City Council Meeting - Agenda Only,"Mar 22, 2021",2021-03-22,1616396400,00h 00m,https://archive-video.granicus.com/cheyenne/cheyenne_1deafd2e-c976-4b7d-a33e-5c4d7b3e5131.mp4,https://archive-stream.granicus.com/OnDemand/_definst_/mp4:archive/cheyenne/cheyenne_1deafd2e-c976-4b7d-a33e-5c4d7b3e5131.mp4/playlist.m3u8,https://cheyenne.granicus.com/player/clip/795?view_id=2&redirect=true,https://cheyenne.granicus.com/AgendaViewer.php?view_id=2&clip_id=795,https://cheyenne.granicus.com/MinutesViewer.php?view_id=2&clip_id=795
793,City Council Meeting - Agenda Only,"Mar  8, 2021",2021-03-08,1615190400,00h 00m,https://archive-video.granicus.com/cheyenne/cheyenne_40ebde46-4227-414d-b3b2-f8712265d599.mp4,https://archive-stream.granicus.com/OnDemand/_definst_/mp4:archive/cheyenne/cheyenne_40ebde46-4227-414d-b3b2-f8712265d599.mp4/playlist.m3u8,https://cheyenne.granicus.com/player/clip/793?view_id=2&redirect=true,https://cheyenne.granicus.com/AgendaViewer.php?view_id=2&clip_id=793,https://cheyenne.granicus.com/MinutesViewer.php?view_id=2&clip_id=793
790,City Council Meeting - Agenda Only,"Feb 22, 2021",2021-02-22,1613980800,00h 00m,https://archive-video.granicus.com/cheyenne/cheyenne_f571b7b0-eeec-4133-ae9b-86e59e774b29.mp4,https://archive-stream.granicus.com/OnDemand/_definst_/mp4:archive/cheyenne/cheyenne_f571b7b0-eeec-4133-ae9b-86e59e774b29.mp4/playlist.m3u8,https://cheyenne.granicus.com/player/clip/790?view_id=2&redirect=true,https://cheyenne.granicus.com/AgendaViewer.php?view_id=2&clip_id=790,https://cheyenne.granicus.com/MinutesViewer.php?view_id=2&clip_id=790
788,City Council Meeting - Agenda Only,"Feb  8, 2021",2021-02-08,1612771200,00h 00m,https://archive-video.granicus.com/cheyenne/cheyenne_241db7af-935c-4133-845a-7b840514b166.mp4,https://archive-stream.granicus.com/OnDemand/_definst_/mp4:archive/cheyenne/cheyenne_241db7af-935c-4133-845a-7b840514b166.mp4/playlist.m3u8,https://cheyenne.granicus.com/player/clip/788?view_id=2&redirect=true,https://cheyenne.granicus.com/AgendaViewer.php?view_id=2&clip_id=788,https://cheyenne.granicus.com/MinutesViewer.php?view_id=2&clip_id=788
784,City Council Meeting - Agenda Only,"Jan 25, 2021",2021-01-25,1611561600,00h 00m,https://archive-video.granicus.com/cheyenne/cheyenne_3c163558-5ae5-4094-a182-4d1b26929436.mp4,https://archive-stream.granicus.com/OnDemand/_definst_/mp4:archive/cheyenne/cheyenne_3c163558-5ae5-4094-a182-4d1b26929436.mp4/playlist.m3u8,https://cheyenne.granicus.com/player/clip/784?view_id=2&redirect=true,https://cheyenne.granicus.com/AgendaViewer.php?view_id=2&clip_id=784,https://cheyenne.granicus.com/MinutesViewer.php?view_id=2&clip_id=784
783,City Council Meeting - Agenda Only,"Jan 11, 2021",2021-01-11,1610352000,00h 00m,,,https://cheyenne.granicus.com/player/clip/783?view_id=2&redirect=true,https://cheyenne.granicus.com/AgendaViewer.php?view_id=2&clip_id=783,https://cheyenne.granicus.com/MinutesViewer.php?view_id=2&clip_id=783
781,Sine Die Session - Agenda Only,"Jan  4, 2021",2021-01-04,1609747200,00h 00m,,,https://cheyenne.granicus.com/player/clip/781?view_id=2&redirect=true,https://cheyenne.granicus.com/AgendaViewer.php?view_id=2&clip_id=781,
782,First Regular Session - Agenda Only,"Jan  4, 2021",2021-01-04,1609747200,00h 00m,,,https://cheyenne.granicus.com/player/clip/782?view_id=2&redirect=true,https://cheyenne.granicus.com/AgendaViewer.php?view_id=2&clip_id=782,
779,City Council Meeting - Agenda Only,"Dec 28, 2020",2020-12-28,1609142400,00h 00m,https://archive-video.granicus.com/cheyenne/cheyenne_9e3a4d31-8644-4777-9ab0-e596e8f0698b.mp4,https://archive-stream.granicus.com/OnDemand/_definst_/mp4:archive/cheyenne/cheyenne_9e3a4d31-8644-4777-9ab0-e596e8f0698b.mp4/playlist.m3u8,https://cheyenne.granicus.com/player/clip/779?view_id=2&redirect=true,https://cheyenne.granicus.com/AgendaViewer.php?view_id=2&clip_id=779,https://cheyenne.granicus.com/MinutesViewer.php?view_id=2&clip_id=779
777,City Council Meeting - Agenda Only,"Dec 14, 2020",2020-12-14,1607932800,00h 00m,https://archive-video.granicus.com/cheyenne/cheyenne_1f234e55-68d4-4585-bea4-f3e102289ae4.mp4,https://archive-stream.granicus.com/OnDemand/_definst_/mp4:archive/cheyenne/cheyenne_1f234e55-68d4-4585-bea4-f3e102289ae4.mp4/playlist.m3u8,https://cheyenne.granicus.com/player/clip/777?view_id=2&redirect=true,https://cheyenne.granicus.com/AgendaViewer.php?view_id=2&clip_id=777,https://cheyenne.granicus.com/MinutesViewer.php?view_id=2&clip_id=777
774,City Council Meeting - Agenda Only,"Nov 23, 2020",2020-11-23,1606118400,00h 00m,https://archive-video.granicus.com/cheyenne/cheyenne_cbc0bfab-b353-4e27-a2be-7ce6535685e3.mp4,https://archive-stream.granicus.com/OnDemand/_definst_/mp4:archive/cheyenne/cheyenne_cbc0bfab-b353-4e27-a2be-7ce6535685e3.mp4/playlist.m3u8,https://cheyenne.granicus.com/player/clip/774?view_id=2&redirect=true,https://cheyenne.granicus.com/AgendaViewer.php?view_id=2&clip_id=774,https://cheyenne.granicus.com/MinutesViewer.php?view_id=2&clip_id=774
773,City Council Meeting - Agenda Only,"Nov  9, 2020",2020-11-09,1604908800,00h 00m,https://archive-video.granicus.com/cheyenne/cheyenne_d4464249-e479-46b8-bd68-137d89f9ded2.mp4,https://archive-stream.granicus.com/OnDemand/_definst_/mp4:archive/cheyenne/cheyenne_d4464249-e479-46b8-bd68-137d89f9ded2.mp4/playlist.m3u8,https://cheyenne.granicus.com/player/clip/773?view_id=2&redirect=true,https://cheyenne.granicus.com/AgendaViewer.php?view_id=2&clip_id=773,https://cheyenne.granicus.com/MinutesViewer.php?view_id=2&clip_id=773
771,City Council Meeting - Agenda Only,"Oct 26, 2020",2020-10-26,1603695600,00h 00m,https://archive-video.granicus.com/cheyenne/cheyenne_19fdface-790e-4f83-8391-65ab054d385b.mp4,https://archive-stream.granicus.com/OnDemand/_definst_/mp4:archive/cheyenne/cheyenne_19fdface-790e-4f83-8391-65ab054d385b.mp4/playlist.m3u8,https://cheyenne.granicus.com/player/clip/771?view_id=2&redirect=true,https://cheyenne.granicus.com/AgendaViewer.php?view_id=2&clip_id=771,https://cheyenne.granicus.com/MinutesViewer.php?view_id=2&clip_id=771
769,City Council Meeting - Agenda Only,"Oct 12, 2020",2020-10-12,1602486000,00h 00m,https://archive-video.granicus.com/cheyenne/cheyenne_9baa68ff-bb6b-44e9-a8ee-0e0fb520dff6.mp4,https://archive-stream.granicus.com/OnDemand/_definst_/mp4:archive/cheyenne/cheyenne_9baa68ff-bb6b-44e9-a8ee-0e0fb520dff6.mp4/playlist.m3u8,https://cheyenne.granicus.com/player/clip/769?view_id=2&redirect=true,https://cheyenne.granicus.com/AgendaViewer.php?view_id=2&clip_id=769,https://cheyenne.granicus.com/MinutesViewer.php?view_id=2&clip_id=769
767,City Council Meeting - Agenda Only,"Sep 28, 2020",2020-09-28,1601276400,00h 00m,https://archive-video.granicus.com/cheyenne/cheyenne_0ffce010-ebe1-4772-9b53-5277cde1a504.mp4,https://archive-stream.granicus.com/OnDemand/_definst_/mp4:archive/cheyenne/cheyenne_0ffce010-ebe1-4772-9b53-5277cde1a504.mp4/playlist.m3u8,https://cheyenne.granicus.com/player/clip/767?view_id=2&redirect=true,https://cheyenne.granicus.com/AgendaViewer.php?view_id=2&clip_id=767,https://cheyenne.granicus.com/MinutesViewer.php?view_id=2&clip_id=767
765,City Council Meeting - Agenda Only,"Sep 14, 2020",2020-09-14,1600066800,00h 00m,https://archive-video.granicus.com/cheyenne/cheyenne_5b2fad61-a48a-4853-b258-71cea8b83a2c.mp4,https://archive-stream.granicus.com/OnDemand/_definst_/mp4:archive/cheyenne/cheyenne_5b2fad61-a48a-4853-b258-71cea8b83a2c.mp4/playlist.m3u8,https://cheyenne.granicus.com/player/clip/765?view_id=2&redirect=true,https://cheyenne.granicus.com/AgendaViewer.php?view_id=2&clip_id=765,https://cheyenne.granicus.com/MinutesViewer.php?view_id=2&clip_id=765
764,Special Meeting of the Governing Body - Agenda Only,"Aug 26, 2020",2020-08-26,1598425200,00h 00m,,,https://cheyenne.granicus.com/player/clip/764?view_id=2&redirect=true,https://cheyenne.granicus.com/AgendaViewer.php?view_id=2&clip_id=764,https://cheyenne.granicus.com/MinutesViewer.php?view_id=2&clip_id=764
763,City Council Meeting - Agenda Only,"Aug 24, 2020",2020-08-24,1598252400,00h 00m,,,https://cheyenne.granicus.com/player/clip/763?view_id=2&redirect=true,https://cheyenne.granicus.com/AgendaViewer.php?view_id=2&clip_id=763,https://cheyenne.granicus.com/MinutesViewer.php?view_id=2&clip_id=763
762,City Council Meeting - Agenda Only,"Aug 10, 2020",2020-08-10,1597042800,08h 00m,https://archive-video.granicus.com/cheyenne/cheyenne_4d3ed63d-b717-4b91-8c5c-4e2cb76b8698.mp4,https://archive-stream.granicus.com/OnDemand/_definst_/mp4:archive/cheyenne/cheyenne_4d3ed63d-b717-4b91-8c5c-4e2cb76b8698.mp4/playlist.m3u8,https://cheyenne.granicus.com/player/clip/762?view_id=2&redirect=true,https://cheyenne.granicus.com/AgendaViewer.php?view_id=2&clip_id=762,https://cheyenne.granicus.com/MinutesViewer.php?view_id=2&clip_id=762
760,City Council Meeting - Agenda Only,"Jul 27, 2020",2020-07-27,1595833200,00h 00m,https://archive-video.granicus.com/cheyenne/cheyenne_663864fa-7738-4425-ad0e-e54f6a55a1ef.mp4,https://archive-stream.granicus.com/OnDemand/_definst_/mp4:archive/cheyenne/cheyenne_663864fa-7738-4425-ad0e-e54f6a55a1ef.mp4/playlist.m3u8,https://cheyenne.granicus.com/player/clip/760?view_id=2&redirect=true,https://cheyenne.granicus.com/AgendaViewer.php?view_id=2&clip_id=760,https://cheyenne.granicus.com/MinutesViewer.php?view_id=2&clip_id=760
757,City Council Meeting -Agenda Only,"Jul 13, 2020",2020-07-13,1594623600,00h 00m,https://archive-video.granicus.com/cheyenne/cheyenne_4f108f96-3783-4f73-aa82-ab558541a6eb.mp4,https://archive-stream.granicus.com/OnDemand/_definst_/mp4:archive/cheyenne/cheyenne_4f108f96-3783-4f73-aa82-ab558541a6eb.mp4/playlist.m3u8,https://cheyenne.granicus.com/player/clip/757?view_id=2&redirect=true,https://cheyenne.granicus.com/AgendaViewer.php?view_id=2&clip_id=757,https://cheyenne.granicus.com/MinutesViewer.php?view_id=2&clip_id=757
756,Special Meeting of the Governing Body - Agenda Only,"Jun 29, 2020",2020-06-29,1593414000,00h 00m,https://archive-video.granicus.com/cheyenne/cheyenne_375069fd-1198-4058-a312-30683560a654.mp4,https://archive-stream.granicus.com/OnDemand/_definst_/mp4:archive/cheyenne/cheyenne_375069fd-1198-4058-a312-30683560a654.mp4/playlist.m3u8,https://cheyenne.granicus.com/player/clip/756?view_id=2&redirect=true,https://cheyenne.granicus.com/AgendaViewer.php?view_id=2&clip_id=756,https://cheyenne.granicus.com/MinutesViewer.php?view_id=2&clip_id=756
754,City Council Meeting - Agenda Only,"Jun 22, 2020",2020-06-22,1592809200,00h 00m,https://archive-video.granicus.com/cheyenne/cheyenne_4179cdce-1780-4660-a671-4fbbd61ec10a.mp4,https://archive-stream.granicus.com/OnDemand/_definst_/mp4:archive/cheyenne/cheyenne_4179cdce-1780-4660-a671-4fbbd61ec10a.mp4/playlist.m3u8,https://cheyenne.granicus.com/player/clip/754?view_id=2&redirect=true,https://cheyenne.granicus.com/AgendaViewer.php?view_id=2&clip_id=754,https://cheyenne.granicus.com/MinutesViewer.php?view_id=2&clip_id=754
752,Special Meeting of the Governing Body - Agenda Only,"Jun 16, 2020",2020-06-16,1592290800,00h 00m,https://archive-video.granicus.com/cheyenne/cheyenne_cdedfb53-9df9-42df-a0a2-d5681a54fba2.mp4,https://archive-stream.granicus.com/OnDemand/_definst_/mp4:archive/cheyenne/cheyenne_cdedfb53-9df9-42df-a0a2-d5681a54fba2.mp4/playlist.m3u8,https://cheyenne.granicus.com/player/clip/752?view_id=2&redirect=true,https://cheyenne.granicus.com/AgendaViewer.php?view_id=2&clip_id=752,https://cheyenne.granicus.com/MinutesViewer.php?view_id=2&clip_id=752
750,City Council Meeting - Agenda Only,"Jun  8, 2020",2020-06-08,1591599600,00h 00m,https://archive-video.granicus.com/cheyenne/cheyenne_46ac82a1-e313-43f9-9371-7e39fff5b56e.mp4,https://archive-stream.granicus.com/OnDemand/_definst_/mp4:archive/cheyenne/cheyenne_46ac82a1-e313-43f9-9371-7e39fff5b56e.mp4/playlist.m3u8,https://cheyenne.granicus.com/player/clip/750?view_id=2&redirect=true,https://cheyenne.granicus.com/AgendaViewer.php?view_id=2&clip_id=750,https://cheyenne.granicus.com/MinutesViewer.php?view_id=2&clip_id=750
748,City Council Meeting - Agenda Only,"May 26, 2020",2020-05-26,1590476400,00h 00m,https://archive-video.granicus.com/cheyenne/cheyenne_e475cc78-6598-448f-8835-96790d1490ca.mp4,https://archive-stream.granicus.com/OnDemand/_definst_/mp4:archive/cheyenne/cheyenne_e475cc78-6598-448f-8835-96790d1490ca.mp4/playlist.m3u8,https://cheyenne.granicus.com/player/clip/748?view_id=2&redirect=true,https://cheyenne.granicus.com/AgendaViewer.php?view_id=2&clip_id=748,https://cheyenne.granicus.com/MinutesViewer.php?view_id=2&clip_id=748
746,City Council Meeting - Agenda Only,"May 11, 2020",2020-05-11,1589180400,00h 00m,https://archive-video.granicus.com/cheyenne/cheyenne_f06eba9e-47f0-4b38-975a-50140c1083b2.mp4,https://archive-stream.granicus.com/OnDemand/_definst_/mp4:archive/cheyenne/cheyenne_f06eba9e-47f0-4b38-975a-50140c1083b2.mp4/playlist.m3u8,https://cheyenne.granicus.com/player/clip/746?view_id=2&redirect=true,https://cheyenne.granicus.com/AgendaViewer.php?view_id=2&clip_id=746,https://cheyenne.granicus.com/MinutesViewer.php?view_id=2&clip_id=746
743,City Council Meeting - Agenda Only,"Apr 27, 2020",2020-04-27,1587970800,00h 00m,https://archive-video.granicus.com/cheyenne/cheyenne_b1a26d4e-e7cc-4422-9bb3-8e2c4801461d.mp4,https://archive-stream.granicus.com/OnDemand/_definst_/mp4:archive/cheyenne/cheyenne_b1a26d4e-e7cc-4422-9bb3-8e2c4801461d.mp4/playlist.m3u8,https://cheyenne.granicus.com/player/clip/743?view_id=2&redirect=true,https://cheyenne.granicus.com/AgendaViewer.php?view_id=2&clip_id=743,https://cheyenne.granicus.com/MinutesViewer.php?view_id=2&clip_id=743
741,City Council Meeting - Agenda Only,"Apr 13, 2020",2020-04-13,1586761200,00h 00m,https://archive-video.granicus.com/cheyenne/cheyenne_006e2f97-4ebb-46d5-9610-c9715b740dd9.mp4,https://archive-stream.granicus.com/OnDemand/_definst_/mp4:archive/cheyenne/cheyenne_006e2f97-4ebb-46d5-9610-c9715b740dd9.mp4/playlist.m3u8,https://cheyenne.granicus.com/player/clip/741?view_id=2&redirect=true,https://cheyenne.granicus.com/AgendaViewer.php?view_id=2&clip_id=741,https://cheyenne.granicus.com/MinutesViewer.php?view_id=2&clip_id=741
738,City Council Meeting - Agenda Only,"Mar 23, 2020",2020-03-23,1584946800,00h 00m,https://archive-video.granicus.com/cheyenne/cheyenne_15bd0db7-eeba-48a1-9d2c-3f760cf71494.mp4,https://archive-stream.granicus.com/OnDemand/_definst_/mp4:archive/cheyenne/cheyenne_15bd0db7-eeba-48a1-9d2c-3f760cf71494.mp4/playlist.m3u8,https://cheyenne.granicus.com/player/clip/738?view_id=2&redirect=true,https://cheyenne.granicus.com/AgendaViewer.php?view_id=2&clip_id=738,https://cheyenne.granicus.com/MinutesViewer.php?view_id=2&clip_id=738
737,City Council Meeting,"Mar  9, 2020",2020-03-09,1583737200,00h 30m,https://archive-video.granicus.com/cheyenne/cheyenne_e13ad130-70a1-4d23-8326-e585c58d7266.mp4,https://archive-stream.granicus.com/OnDemand/_definst_/mp4:archive/cheyenne/cheyenne_e13ad130-70a1-4d23-8326-e585c58d7266.mp4/playlist.m3u8,https://cheyenne.granicus.com/player/clip/737?view_id=2&redirect=true,https://cheyenne.granicus.com/AgendaViewer.php?view_id=2&clip_id=737,https://cheyenne.granicus.com/MinutesViewer.php?view_id=2&clip_id=737
736,City Council Meeting,"Feb 24, 2020",2020-02-24,1582531200,00h 30m,https://archive-video.granicus.com/cheyenne/cheyenne_cc995895-69dd-457a-bcec-e01fc269c5fc.mp4,https://archive-stream.granicus.com/OnDemand/_definst_/mp4:archive/cheyenne/cheyenne_cc995895-69dd-457a-bcec-e01fc269c5fc.mp4/playlist.m3u8,https://cheyenne.granicus.com/player/clip/736?view_id=2&redirect=true,https://cheyenne.granicus.com/AgendaViewer.php?view_id=2&clip_id=736,https://cheyenne.granicus.com/MinutesViewer.php?view_id=2&clip_id=736
735,City Council Meeting,"Feb 10, 2020",2020-02-10,1581321600,00h 35m,https://archive-video.granicus.com/cheyenne/cheyenne_3b6d8fd2-a5d1-4e5d-9528-b9a11e6d4699.mp4,https://archive-stream.granicus.com/OnDemand/_definst_/mp4:archive/cheyenne/cheyenne_3b6d8fd2-a5d1-4e5d-9528-b9a11e6d4699.mp4/playlist.m3u8,https://cheyenne.granicus.com/player/clip/735?view_id=2&redirect=true,https://cheyenne.granicus.com/AgendaViewer.php?view_id=2&clip_id=735,https://cheyenne.granicus.com/MinutesViewer.php?view_id=2&clip_id=735
734,City Council Meeting,"Jan 27, 2020",2020-01-27,1580112000,01h 54m,https://archive-video.granicus.com/cheyenne/cheyenne_0913c124-55cb-433b-86da-7cdf6453997f.mp4,https://archive-stream.granicus.com/OnDemand/_definst_/mp4:archive/cheyenne/cheyenne_0913c124-55cb-433b-86da-7cdf6453997f.mp4/playlist.m3u8,https://cheyenne.granicus.com/player/clip/734?view_id=2&redirect=true,https://cheyenne.granicus.com/AgendaViewer.php?view_id=2&clip_id=734,https://cheyenne.granicus.com/MinutesViewer.php?view_id=2&clip_id=734
732,City Council Meeting,"Jan 13, 2020",2020-01-13,1578902400,00h 45m,https://archive-video.granicus.com/cheyenne/cheyenne_96ac4cad-cdcb-437c-a454-d2133f8d9077.mp4,https://archive-stream.granicus.com/OnDemand/_definst_/mp4:archive/cheyenne/cheyenne_96ac4cad-cdcb-437c-a454-d2133f8d9077.mp4/playlist.m3u8,https://cheyenne.granicus.com/player/clip/732?view_id=2&redirect=true,https://cheyenne.granicus.com/AgendaViewer.php?view_id=2&clip_id=732,https://cheyenne.granicus.com/MinutesViewer.php?view_id=2&clip_id=732
731,City Council Meeting,"Dec 19, 2019",2019-12-19,1576742400,00h 41m,https://archive-video.granicus.com/cheyenne/cheyenne_3d9a36a1-0548-4350-ab9a-03d0bb380a55.mp4,https://archive-stream.granicus.com/OnDemand/_definst_/mp4:archive/cheyenne/cheyenne_3d9a36a1-0548-4350-ab9a-03d0bb380a55.mp4/playlist.m3u8,https://cheyenne.granicus.com/player/clip/731?view_id=2&redirect=true,https://cheyenne.granicus.com/AgendaViewer.php?view_id=2&clip_id=731,https://cheyenne.granicus.com/MinutesViewer.php?view_id=2&clip_id=731
730,City Council Meeting,"Dec  9, 2019",2019-12-09,1575878400,00h 48m,https://archive-video.granicus.com/cheyenne/cheyenne_e966e338-6dc8-4682-a648-7cf2e8e9a60f.mp4,https://archive-stream.granicus.com/OnDemand/_definst_/mp4:archive/cheyenne/cheyenne_e966e338-6dc8-4682-a648-7cf2e8e9a60f.mp4/playlist.m3u8,https://cheyenne.granicus.com/player/clip/730?view_id=2&redirect=true,https://cheyenne.granicus.com/AgendaViewer.php?view_id=2&clip_id=730,https://cheyenne.granicus.com/MinutesViewer.php?view_id=2&clip_id=730
728,City Council Meeting,"Nov 25, 2019",2019-11-25,1574668800,00h 42m,https://archive-video.granicus.com/cheyenne/cheyenne_1f83a75a-f35b-4ce5-b259-4bf82194df82.mp4,https://archive-stream.granicus.com/OnDemand/_definst_/mp4:archive/cheyenne/cheyenne_1f83a75a-f35b-4ce5-b259-4bf82194df82.mp4/playlist.m3u8,https://cheyenne.granicus.com/player/clip/728?view_id=2&redirect=true,https://cheyenne.granicus.com/AgendaViewer.php?view_id=2&clip_id=728,https://cheyenne.granicus.com/MinutesViewer.php?view_id=2&clip_id=728
727,City Council Meeting,"Nov 12, 2019",2019-11-12,1573545600,00h 44m,https://archive-video.granicus.com/cheyenne/cheyenne_f5cfd3ea-265b-4580-a70f-3a8be0eba79f.mp4,https://archive-stream.granicus.com/OnDemand/_definst_/mp4:archive/cheyenne/cheyenne_f5cfd3ea-265b-4580-a70f-3a8be0eba79f.mp4/playlist.m3u8,https://cheyenne.granicus.com/player/clip/727?view_id=2&redirect=true,https://cheyenne.granicus.com/AgendaViewer.php?view_id=2&clip_id=727,https://cheyenne.granicus.com/MinutesViewer.php?view_id=2&clip_id=727
726,City Council Meeting,"Oct 28, 2019",2019-10-28,1572246000,01h 06m,https://archive-video.granicus.com/cheyenne/cheyenne_728d0867-66cd-4d9f-80f4-fc4f0c108d57.mp4,https://archive-stream.granicus.com/OnDemand/_definst_/mp4:archive/cheyenne/cheyenne_728d0867-66cd-4d9f-80f4-fc4f0c108d57.mp4/playlist.m3u8,https://cheyenne.granicus.com/player/clip/726?view_id=2&redirect=true,https://cheyenne.granicus.com/AgendaViewer.php?view_id=2&clip_id=726,https://cheyenne.granicus.com/MinutesViewer.php?view_id=2&clip_id=726
725,City Council Meeting,"Oct 14, 2019",2019-10-14,1571036400,00h 26m,https://archive-video.granicus.com/cheyenne/cheyenne_5401bcd9-eff6-4a27-b04a-37a583de8b4c.mp4,https://archive-stream.granicus.com/OnDemand/_definst_/mp4:archive/cheyenne/cheyenne_5401bcd9-eff6-4a27-b04a-37a583de8b4c.mp4/playlist.m3u8,https://cheyenne.granicus.com/player/clip/725?view_id=2&redirect=true,https://cheyenne.granicus.com/AgendaViewer.php?view_id=2&clip_id=725,https://cheyenne.granicus.com/MinutesViewer.php?view_id=2&clip_id=725
724,City Council Meeting,"Sep 23, 2019",2019-09-23,1569222000,00h 51m,https://archive-video.granicus.com/cheyenne/cheyenne_d51709e0-fa58-4233-81c9-1df1bda0a167.mp4,https://archive-stream.granicus.com/OnDemand/_definst_/mp4:archive/cheyenne/cheyenne_d51709e0-fa58-4233-81c9-1df1bda0a167.mp4/playlist.m3u8,https://cheyenne.granicus.com/player/clip/724?view_id=2&redirect=true,https://cheyenne.granicus.com/AgendaViewer.php?view_id=2&clip_id=724,https://cheyenne.granicus.com/MinutesViewer.php?view_id=2&clip_id=724
723,City Council Meeting,"Sep  9, 2019",2019-09-09,1568012400,08h 00m,https://archive-video.granicus.com/cheyenne/cheyenne_3c1d5a48-e302-44a0-8110-d54fe0f4643a.mp4,https://archive-stream.granicus.com/OnDemand/_definst_/mp4:archive/cheyenne/cheyenne_3c1d5a48-e302-44a0-8110-d54fe0f4643a.mp4/playlist.m3u8,https://cheyenne.granicus.com/player/clip/723?view_id=2&redirect=true,https://cheyenne.granicus.com/AgendaViewer.php?view_id=2&clip_id=723,https://cheyenne.granicus.com/MinutesViewer.php?view_id=2&clip_id=723
721,City Council Meeting,"Aug 26, 2019",2019-08-26,1566802800,01h 55m,https://archive-video.granicus.com/cheyenne/cheyenne_4912028f-f835-48ce-9b60-9444b0610208.mp4,https://archive-stream.granicus.com/OnDemand/_definst_/mp4:archive/cheyenne/cheyenne_4912028f-f835-48ce-9b60-9444b0610208.mp4/playlist.m3u8,https://cheyenne.granicus.com/player/clip/721?view_id=2&redirect=true,https://cheyenne.granicus.com/AgendaViewer.php?view_id=2&clip_id=721,https://cheyenne.granicus.com/MinutesViewer.php?view_id=2&clip_id=721
720,City Council Meeting,"Aug 12, 2019",2019-08-12,1565593200,01h 16m,https://archive-video.granicus.com/cheyenne/cheyenne_62503021-fdce-4c88-bd37-73ebd8bd4925.mp4,https://archive-stream.granicus.com/OnDemand/_definst_/mp4:archive/cheyenne/cheyenne_62503021-fdce-4c88-bd37-73ebd8bd4925.mp4/playlist.m3u8,https://cheyenne.granicus.com/player/clip/720?view_id=2&redirect=true,https://cheyenne.granicus.com/AgendaViewer.php?view_id=2&clip_id=720,https://cheyenne.granicus.com/MinutesViewer.php?view_id=2&clip_id=720
718,City Council Meeting,"Jul 22, 2019",2019-07-22,1563778800,01h 09m,https://archive-video.granicus.com/cheyenne/cheyenne_1e64c1a9-4e47-4442-9146-54917396c6f0.mp4,https://archive-stream.granicus.com/OnDemand/_definst_/mp4:archive/cheyenne/cheyenne_1e64c1a9-4e47-4442-9146-54917396c6f0.mp4/playlist.m3u8,https://cheyenne.granicus.com/player/clip/718?view_id=2&redirect=true,https://cheyenne.granicus.com/AgendaViewer.php?view_id=2&clip_id=718,https://cheyenne.granicus.com/MinutesViewer.php?view_id=2&clip_id=718
716,City Council Meeting,"Jul  8, 2019",2019-07-08,1562569200,00h 55m,https://archive-video.granicus.com/cheyenne/cheyenne_7461b955-6f7e-4089-88ea-acc190b521d0.mp4,https://archive-stream.granicus.com/OnDemand/_definst_/mp4:archive/cheyenne/cheyenne_7461b955-6f7e-4089-88ea-acc190b521d0.mp4/playlist.m3u8,https://cheyenne.granicus.com/player/clip/716?view_id=2&redirect=true,https://cheyenne.granicus.com/AgendaViewer.php?view_id=2&clip_id=716,https://cheyenne.granicus.com/MinutesViewer.php?view_id=2&clip_id=716
714,City Council Meeting,"Jun 24, 2019",2019-06-24,1561359600,01h 00m,https://archive-video.granicus.com/cheyenne/cheyenne_d0a3e561-af37-4448-95d2-48b17b8fd3e1.mp4,https://archive-stream.granicus.com/OnDemand/_definst_/mp4:archive/cheyenne/cheyenne_d0a3e561-af37-4448-95d2-48b17b8fd3e1.mp4/playlist.m3u8,https://cheyenne.granicus.com/player/clip/714?view_id=2&redirect=true,https://cheyenne.granicus.com/AgendaViewer.php?view_id=2&clip_id=714,https://cheyenne.granicus.com/MinutesViewer.php?view_id=2&clip_id=714
712,City Council Meeting,"Jun 10, 2019",2019-06-10,1560150000,01h 49m,https://archive-video.granicus.com/cheyenne/cheyenne_8987a584-45ba-46b8-86c5-dd830f7563c2.mp4,https://archive-stream.granicus.com/OnDemand/_definst_/mp4:archive/cheyenne/cheyenne_8987a584-45ba-46b8-86c5-dd830f7563c2.mp4/playlist.m3u8,https://cheyenne.granicus.com/player/clip/712?view_id=2&redirect=true,https://cheyenne.granicus.com/AgendaViewer.php?view_id=2&clip_id=712,https://cheyenne.granicus.com/MinutesViewer.php?view_id=2&clip_id=712
711,City Council Meeting,"May 28, 2019",2019-05-28,1559026800,03h 13m,https://archive-video.granicus.com/cheyenne/cheyenne_6023a22d-d544-4bb9-a70c-1b4d9c499ea9.mp4,https://archive-stream.granicus.com/OnDemand/_definst_/mp4:archive/cheyenne/cheyenne_6023a22d-d544-4bb9-a70c-1b4d9c499ea9.mp4/playlist.m3u8,https://cheyenne.granicus.com/player/clip/711?view_id=2&redirect=true,https://cheyenne.granicus.com/AgendaViewer.php?view_id=2&clip_id=711,https://cheyenne.granicus.com/MinutesViewer.php?view_id=2&clip_id=711
709,City Council Meeting,"May 13, 2019",2019-05-13,1557730800,00h 52m,https://archive-video.granicus.com/cheyenne/cheyenne_b92b498b-6c35-4627-9114-259a9ce9572c.mp4,https://archive-stream.granicus.com/OnDemand/_definst_/mp4:archive/cheyenne/cheyenne_b92b498b-6c35-4627-9114-259a9ce9572c.mp4/playlist.m3u8,https://cheyenne.granicus.com/player/clip/709?view_id=2&redirect=true,https://cheyenne.granicus.com/AgendaViewer.php?view_id=2&clip_id=709,https://cheyenne.granicus.com/MinutesViewer.php?view_id=2&clip_id=709
708,City Council Meeting,"Apr 22, 2019",2019-04-22,1555916400,01h 39m,https://archive-video.granicus.com/cheyenne/cheyenne_d8b2f0ac-ce54-4af7-bbf8-ebcab217f04d.mp4,https://archive-stream.granicus.com/OnDemand/_definst_/mp4:archive/cheyenne/cheyenne_d8b2f0ac-ce54-4af7-bbf8-ebcab217f04d.mp4/playlist.m3u8,https://cheyenne.granicus.com/player/clip/708?view_id=2&redirect=true,https://cheyenne.granicus.com/AgendaViewer.php?view_id=2&clip_id=708,https://cheyenne.granicus.com/MinutesViewer.php?view_id=2&clip_id=708
706,City Council Meeting,"Apr  8, 2019",2019-04-08,1554706800,01h 58m,https://archive-video.granicus.com/cheyenne/cheyenne_816213b3-1d92-4920-8c67-22db74753626.mp4,https://archive-stream.granicus.com/OnDemand/_definst_/mp4:archive/cheyenne/cheyenne_816213b3-1d92-4920-8c67-22db74753626.mp4/playlist.m3u8,https://cheyenne.granicus.com/player/clip/706?view_id=2&redirect=true,https://cheyenne.granicus.com/AgendaViewer.php?view_id=2&clip_id=706,https://cheyenne.granicus.com/MinutesViewer.php?view_id=2&clip_id=706
705,City Council Meeting,"Mar 25, 2019",2019-03-25,1553497200,02h 42m,https://archive-video.granicus.com/cheyenne/cheyenne_5bee3093-2066-4896-8d7b-99af9a6bd0ef.mp4,https://archive-stream.granicus.com/OnDemand/_definst_/mp4:archive/cheyenne/cheyenne_5bee3093-2066-4896-8d7b-99af9a6bd0ef.mp4/playlist.m3u8,https://cheyenne.granicus.com/player/clip/705?view_id=2&redirect=true,https://cheyenne.granicus.com/AgendaViewer.php?view_id=2&clip_id=705,https://cheyenne.granicus.com/MinutesViewer.php?view_id=2&clip_id=705
704,City Council Meeting,"Mar 11, 2019",2019-03-11,1552287600,03h 15m,https://archive-video.granicus.com/cheyenne/cheyenne_9bbcfb4d-ed1e-4909-b77d-72a03e056f64.mp4,https://archive-stream.granicus.com/OnDemand/_definst_/mp4:archive/cheyenne/cheyenne_9bbcfb4d-ed1e-4909-b77d-72a03e056f64.mp4/playlist.m3u8,https://cheyenne.granicus.com/player/clip/704?view_id=2&redirect=true,https://cheyenne.granicus.com/AgendaViewer.php?view_id=2&clip_id=704,https://cheyenne.granicus.com/MinutesViewer.php?view_id=2&clip_id=704
703,City Council Meeting,"Feb 25, 2019",2019-02-25,1551081600,01h 56m,https://archive-video.granicus.com/cheyenne/cheyenne_3c605b45-1c3b-41c6-ae37-b54ec05f7d45.mp4,https://archive-stream.granicus.com/OnDemand/_definst_/mp4:archive/cheyenne/cheyenne_3c605b45-1c3b-41c6-ae37-b54ec05f7d45.mp4/playlist.m3u8,https://cheyenne.granicus.com/player/clip/703?view_id=2&redirect=true,https://cheyenne.granicus.com/AgendaViewer.php?view_id=2&clip_id=703,https://cheyenne.granicus.com/MinutesViewer.php?view_id=2&clip_id=703
701,City Council Meeting,"Feb 11, 2019",2019-02-11,1549872000,04h 09m,https://archive-video.granicus.com/cheyenne/cheyenne_a3ef5463-4683-4327-ad4a-6b04889facc1.mp4,https://archive-stream.granicus.com/OnDemand/_definst_/mp4:archive/cheyenne/cheyenne_a3ef5463-4683-4327-ad4a-6b04889facc1.mp4/playlist.m3u8,https://cheyenne.granicus.com/player/clip/701?view_id=2&redirect=true,https://cheyenne.granicus.com/AgendaViewer.php?view_id=2&clip_id=701,https://cheyenne.granicus.com/MinutesViewer.php?view_id=2&clip_id=701
700,City Council Meeting,"Jan 28, 2019",2019-01-28,1548662400,02h 08m,https://archive-video.granicus.com/cheyenne/cheyenne_1c6bfe81-3773-412e-923f-69e41e2e1dfe.mp4,https://archive-stream.granicus.com/OnDemand/_definst_/mp4:archive/cheyenne/cheyenne_1c6bfe81-3773-412e-923f-69e41e2e1dfe.mp4/playlist.m3u8,https://cheyenne.granicus.com/player/clip/700?view_id=2&redirect=true,https://cheyenne.granicus.com/AgendaViewer.php?view_id=2&clip_id=700,https://cheyenne.granicus.com/MinutesViewer.php?view_id=2&clip_id=700
698,City Council Meeting,"Jan 14, 2019",2019-01-14,1547452800,00h 26m,https://archive-video.granicus.com/cheyenne/cheyenne_23384935-539f-44c4-9578-75ba95fffc60.mp4,https://archive-stream.granicus.com/OnDemand/_definst_/mp4:archive/cheyenne/cheyenne_23384935-539f-44c4-9578-75ba95fffc60.mp4/playlist.m3u8,https://cheyenne.granicus.com/player/clip/698?view_id=2&redirect=true,https://cheyenne.granicus.com/AgendaViewer.php?view_id=2&clip_id=698,https://cheyenne.granicus.com/MinutesViewer.php?view_id=2&clip_id=698
696,Sine Die Meeting and First Regular Meeting,"Jan  7, 2019",2019-01-07,1546848000,00h 20m,https://archive-video.granicus.com/cheyenne/cheyenne_d72b6293-680f-4908-ae82-08f7b889a328.mp4,https://archive-stream.granicus.com/OnDemand/_definst_/mp4:archive/cheyenne/cheyenne_d72b6293-680f-4908-ae82-08f7b889a328.mp4/playlist.m3u8,https://cheyenne.granicus.com/player/clip/696?view_id=2&redirect=true,https://cheyenne.granicus.com/AgendaViewer.php?view_id=2&clip_id=696,https://cheyenne.granicus.com/MinutesViewer.php?view_id=2&clip_id=696
687,City Council Meeting,"Dec 10, 2018",2018-12-10,1544428800,02h 10m,https://archive-video.granicus.com/cheyenne/cheyenne_38d3521b-3b94-46d0-9816-31792877cb81.mp4,https://archive-stream.granicus.com/OnDemand/_definst_/mp4:archive/cheyenne/cheyenne_38d3521b-3b94-46d0-9816-31792877cb81.mp4/playlist.m3u8,https://cheyenne.granicus.com/player/clip/687?view_id=2&redirect=true,https://cheyenne.granicus.com/AgendaViewer.php?view_id=2&clip_id=687,https://cheyenne.granicus.com/MinutesViewer.php?view_id=2&clip_id=687
685,City Council Meeting,"Nov 26, 2018",2018-11-26,1543219200,03h 35m,https://archive-video.granicus.com/cheyenne/cheyenne_bcef7fdc-4c06-4c6f-b9b4-ea1b1409ddf0.mp4,https://archive-stream.granicus.com/OnDemand/_definst_/mp4:archive/cheyenne/cheyenne_bcef7fdc-4c06-4c6f-b9b4-ea1b1409ddf0.mp4/playlist.m3u8,https://cheyenne.granicus.com/player/clip/685?view_id=2&redirect=true,https://cheyenne.granicus.com/AgendaViewer.php?view_id=2&clip_id=685,https://cheyenne.granicus.com/MinutesViewer.php?view_id=2&clip_id=685
683,City Council Meeting,"Nov 13, 2018",2018-11-13,1542096000,00h 54m,https://archive-video.granicus.com/cheyenne/cheyenne_a3aca97b-7ebc-43fb-afb6-f7944908e493.mp4,https://archive-stream.granicus.com/OnDemand/_definst_/mp4:archive/cheyenne/cheyenne_a3aca97b-7ebc-43fb-afb6-f7944908e493.mp4/playlist.m3u8,https://cheyenne.granicus.com/player/clip/683?view_id=2&redirect=true,https://cheyenne.granicus.com/AgendaViewer.php?view_id=2&clip_id=683,https://cheyenne.granicus.com/MinutesViewer.php?view_id=2&clip_id=683
681,City Council Meeting,"Oct 22, 2018",2018-10-22,1540191600,01h 21m,https://archive-video.granicus.com/cheyenne/cheyenne_075363f3-806c-48c9-8708-9d19aafc34bd.mp4,https://archive-stream.granicus.com/OnDemand/_definst_/mp4:archive/cheyenne/cheyenne_075363f3-806c-48c9-8708-9d19aafc34bd.mp4/playlist.m3u8,https://cheyenne.granicus.com/player/clip/681?view_id=2&redirect=true,https://cheyenne.granicus.com/AgendaViewer.php?view_id=2&clip_id=681,https://cheyenne.granicus.com/MinutesViewer.php?view_id=2&clip_id=681
679,City Council Meeting,"Oct  8, 2018",2018-10-08,1538982000,01h 43m,https://archive-video.granicus.com/cheyenne/cheyenne_6dbbbb23-649e-4fa5-a00d-7b56a1e264d6.mp4,https://archive-stream.granicus.com/OnDemand/_definst_/mp4:archive/cheyenne/cheyenne_6dbbbb23-649e-4fa5-a00d-7b56a1e264d6.mp4/playlist.m3u8,https://cheyenne.granicus.com/player/clip/679?view_id=2&redirect=true,https://cheyenne.granicus.com/AgendaViewer.php?view_id=2&clip_id=679,https://cheyenne.granicus.com/MinutesViewer.php?view_id=2&clip_id=679
678,Committee of the Whole,"Oct  3, 2018",2018-10-03,1538550000,02h 23m,https://archive-video.granicus.com/cheyenne/cheyenne_8f9d4d47-3f96-4c87-ba84-b909a2973424.mp4,https://archive-stream.granicus.com/OnDemand/_definst_/mp4:archive/cheyenne/cheyenne_8f9d4d47-3f96-4c87-ba84-b909a2973424.mp4/playlist.m3u8,https://cheyenne.granicus.com/player/clip/678?view_id=2&redirect=true,https://cheyenne.granicus.com/AgendaViewer.php?view_id=2&clip_id=678,
673,City Council Meeting,"Sep 24, 2018",2018-09-24,1537772400,01h 53m,https://archive-video.granicus.com/cheyenne/cheyenne_6175adb1-98ed-472f-9191-1884dc18cf3d.mp4,https://archive-stream.granicus.com/OnDemand/_definst_/mp4:archive/cheyenne/cheyenne_6175adb1-98ed-472f-9191-1884dc18cf3d.mp4/playlist.m3u8,https://cheyenne.granicus.com/player/clip/673?view_id=2&redirect=true,https://cheyenne.granicus.com/AgendaViewer.php?view_id=2&clip_id=673,https://cheyenne.granicus.com/MinutesViewer.php?view_id=2&clip_id=673
671,City Council Meeting,"Sep 10, 2018",2018-09-10,1536562800,02h 27m,https://archive-video.granicus.com/cheyenne/cheyenne_ec37c064-6a6a-46ff-9726-6e484307b7e2.mp4,https://archive-stream.granicus.com/OnDemand/_definst_/mp4:archive/cheyenne/cheyenne_ec37c064-6a6a-46ff-9726-6e484307b7e2.mp4/playlist.m3u8,https://cheyenne.granicus.com/player/clip/671?view_id=2&redirect=true,https://cheyenne.granicus.com/AgendaViewer.php?view_id=2&clip_id=671,https://cheyenne.granicus.com/MinutesViewer.php?view_id=2&clip_id=671
669,City Council Meeting,"Aug 27, 2018",2018-08-27,1535353200,00h 27m,https://archive-video.granicus.com/cheyenne/cheyenne_7118b3f8-cd2b-4411-909c-05169d7c0b84.mp4,https://archive-stream.granicus.com/OnDemand/_definst_/mp4:archive/cheyenne/cheyenne_7118b3f8-cd2b-4411-909c-05169d7c0b84.mp4/playlist.m3u8,https://cheyenne.granicus.com/player/clip/669?view_id=2&redirect=true,https://cheyenne.granicus.com/AgendaViewer.php?view_id=2&clip_id=669,https://cheyenne.granicus.com/MinutesViewer.php?view_id=2&clip_id=669
667,City Council Meeting,"Aug 13, 2018",2018-08-13,1534143600,00h 28m,https://archive-video.granicus.com/cheyenne/cheyenne_c12d80a0-2758-4b18-8b1a-1ccbb6d9bfae.mp4,https://archive-stream.granicus.com/OnDemand/_definst_/mp4:archive/cheyenne/cheyenne_c12d80a0-2758-4b18-8b1a-1ccbb6d9bfae.mp4/playlist.m3u8,https://cheyenne.granicus.com/player/clip/667?view_id=2&redirect=true,https://cheyenne.granicus.com/AgendaViewer.php?view_id=2&clip_id=667,https://cheyenne.granicus.com/MinutesViewer.php?view_id=2&clip_id=667
665,City Council Meeting,"Jul 23, 2018",2018-07-23,1532329200,00h 32m,https://archive-video.granicus.com/cheyenne/cheyenne_6743adc9-fdc2-4c61-9796-30536c6cd332.mp4,https://archive-stream.granicus.com/OnDemand/_definst_/mp4:archive/cheyenne/cheyenne_6743adc9-fdc2-4c61-9796-30536c6cd332.mp4/playlist.m3u8,https://cheyenne.granicus.com/player/clip/665?view_id=2&redirect=true,https://cheyenne.granicus.com/AgendaViewer.php?view_id=2&clip_id=665,https://cheyenne.granicus.com/MinutesViewer.php?view_id=2&clip_id=665
663,City Council Meeting,"Jul  9, 2018",2018-07-09,1531119600,02h 40m,https://archive-video.granicus.com/cheyenne/cheyenne_49701c49-392e-4ce6-97d5-2ea089573b86.mp4,https://archive-stream.granicus.com/OnDemand/_definst_/mp4:archive/cheyenne/cheyenne_49701c49-392e-4ce6-97d5-2ea089573b86.mp4/playlist.m3u8,https://cheyenne.granicus.com/player/clip/663?view_id=2&redirect=true,https://cheyenne.granicus.com/AgendaViewer.php?view_id=2&clip_id=663,https://cheyenne.granicus.com/MinutesViewer.php?view_id=2&clip_id=663
661,City Council Meeting,"Jun 25, 2018",2018-06-25,1529910000,02h 51m,https://archive-video.granicus.com/cheyenne/cheyenne_73c0932e-484f-4436-866e-b487bfd6ce1e.mp4,https://archive-stream.granicus.com/OnDemand/_definst_/mp4:archive/cheyenne/cheyenne_73c0932e-484f-4436-866e-b487bfd6ce1e.mp4/playlist.m3u8,https://cheyenne.granicus.com/player/clip/661?view_id=2&redirect=true,https://cheyenne.granicus.com/AgendaViewer.php?view_id=2&clip_id=661,https://cheyenne.granicus.com/MinutesViewer.php?view_id=2&clip_id=661
659,City Council Meeting,"Jun 11, 2018",2018-06-11,1528700400,02h 59m,https://archive-video.granicus.com/cheyenne/cheyenne_a6df5899-55c3-462a-9251-5db1fe220806.mp4,https://archive-stream.granicus.com/OnDemand/_definst_/mp4:archive/cheyenne/cheyenne_a6df5899-55c3-462a-9251-5db1fe220806.mp4/playlist.m3u8,https://cheyenne.granicus.com/player/clip/659?view_id=2&redirect=true,https://cheyenne.granicus.com/AgendaViewer.php?view_id=2&clip_id=659,https://cheyenne.granicus.com/MinutesViewer.php?view_id=2&clip_id=659
657,City Council Meeting,"May 29, 2018",2018-05-29,1527577200,03h 26m,https://archive-video.granicus.com/cheyenne/cheyenne_ea72b565-c4e3-4075-8239-df941834baa0.mp4,https://archive-stream.granicus.com/OnDemand/_definst_/mp4:archive/cheyenne/cheyenne_ea72b565-c4e3-4075-8239-df941834baa0.mp4/playlist.m3u8,https://cheyenne.granicus.com/player/clip/657?view_id=2&redirect=true,https://cheyenne.granicus.com/AgendaViewer.php?view_id=2&clip_id=657,https://cheyenne.granicus.com/MinutesViewer.php?view_id=2&clip_id=657
656,Special Meeting of the Governing Body,"May 16, 2018",2018-05-16,1526454000,00h 02m,https://archive-video.granicus.com/cheyenne/cheyenne_d6457e7f-0fc2-4120-af16-b3bd870671ab.mp4,https://archive-stream.granicus.com/OnDemand/_definst_/mp4:archive/cheyenne/cheyenne_d6457e7f-0fc2-4120-af16-b3bd870671ab.mp4/playlist.m3u8,https://cheyenne.granicus.com/player/clip/656?view_id=2&redirect=true,https://cheyenne.granicus.com/AgendaViewer.php?view_id=2&clip_id=656,https://cheyenne.granicus.com/MinutesViewer.php?view_id=2&clip_id=656
652,City Council Meeting,"May 14, 2018",2018-05-14,1526281200,02h 47m,https://archive-video.granicus.com/cheyenne/cheyenne_bb5b9bd3-6831-4a51-8337-435d8e4d502f.mp4,https://archive-stream.granicus.com/OnDemand/_definst_/mp4:archive/cheyenne/cheyenne_bb5b9bd3-6831-4a51-8337-435d8e4d502f.mp4/playlist.m3u8,https://cheyenne.granicus.com/player/clip/652?view_id=2&redirect=true,https://cheyenne.granicus.com/AgendaViewer.php?view_id=2&clip_id=652,https://cheyenne.granicus.com/MinutesViewer.php?view_id=2&clip_id=652
650,City Council Meeting,"Apr 23, 2018",2018-04-23,1524466800,01h 17m,https://archive-video.granicus.com/cheyenne/cheyenne_3b7e632b-95b0-461c-862c-7da34c70d484.mp4,https://archive-stream.granicus.com/OnDemand/_definst_/mp4:archive/cheyenne/cheyenne_3b7e632b-95b0-461c-862c-7da34c70d484.mp4/playlist.m3u8,https://cheyenne.granicus.com/player/clip/650?view_id=2&redirect=true,https://cheyenne.granicus.com/AgendaViewer.php?view_id=2&clip_id=650,https://cheyenne.granicus.com/MinutesViewer.php?view_id=2&clip_id=650
648,City Council Meeting,"Apr  9, 2018",2018-04-09,1523257200,01h 06m,https://archive-video.granicus.com/cheyenne/cheyenne_7de6875d-5e6f-4177-8358-68e0a458caea.mp4,https://archive-stream.granicus.com/OnDemand/_definst_/mp4:archive/cheyenne/cheyenne_7de6875d-5e6f-4177-8358-68e0a458caea.mp4/playlist.m3u8,https://cheyenne.granicus.com/player/clip/648?view_id=2&redirect=true,https://cheyenne.granicus.com/AgendaViewer.php?view_id=2&clip_id=648,https://cheyenne.granicus.com/MinutesViewer.php?view_id=2&clip_id=648
646,City Council Meeting,"Mar 26, 2018",2018-03-26,1522047600,00h 38m,https://archive-video.granicus.com/cheyenne/cheyenne_6da13104-6136-4e22-bc3e-c0f6c3aa5a88.mp4,https://archive-stream.granicus.com/OnDemand/_definst_/mp4:archive/cheyenne/cheyenne_6da13104-6136-4e22-bc3e-c0f6c3aa5a88.mp4/playlist.m3u8,https://cheyenne.granicus.com/player/clip/646?view_id=2&redirect=true,https://cheyenne.granicus.com/AgendaViewer.php?view_id=2&clip_id=646,https://cheyenne.granicus.com/MinutesViewer.php?view_id=2&clip_id=646
644,City Council Meeting,"Mar 12, 2018",2018-03-12,1520838000,02h 33m,https://archive-video.granicus.com/cheyenne/cheyenne_fe167f30-273e-43c9-88b0-7a8f7058fb1c.mp4,https://archive-stream.granicus.com/OnDemand/_definst_/mp4:archive/cheyenne/cheyenne_fe167f30-273e-43c9-88b0-7a8f7058fb1c.mp4/playlist.m3u8,https://cheyenne.granicus.com/player/clip/644?view_id=2&redirect=true,https://cheyenne.granicus.com/AgendaViewer.php?view_id=2&clip_id=644,https://cheyenne.granicus.com/MinutesViewer.php?view_id=2&clip_id=644
642,City Council Meeting,"Feb 26, 2018",2018-02-26,1519632000,02h 49m,https://archive-video.granicus.com/cheyenne/cheyenne_8a1efec0-bef8-4844-a16d-c7c91f66c98f.mp4,https://archive-stream.granicus.com/OnDemand/_definst_/mp4:archive/cheyenne/cheyenne_8a1efec0-bef8-4844-a16d-c7c91f66c98f.mp4/playlist.m3u8,https://cheyenne.granicus.com/player/clip/642?view_id=2&redirect=true,https://cheyenne.granicus.com/AgendaViewer.php?view_id=2&clip_id=642,https://cheyenne.granicus.com/MinutesViewer.php?view_id=2&clip_id=642
639,City Council Meeting,"Feb 12, 2018",2018-02-12,1518422400,02h 28m,https://archive-video.granicus.com/cheyenne/cheyenne_fb623cc4-2516-4aac-90bb-d97451b0a981.mp4,https://archive-stream.granicus.com/OnDemand/_definst_/mp4:archive/cheyenne/cheyenne_fb623cc4-2516-4aac-90bb-d97451b0a981.mp4/playlist.m3u8,https://cheyenne.granicus.com/player/clip/639?view_id=2&redirect=true,https://cheyenne.granicus.com/AgendaViewer.php?view_id=2&clip_id=639,https://cheyenne.granicus.com/MinutesViewer.php?view_id=2&clip_id=639
637,City Council Meeting,"Jan 22, 2018",2018-01-22,1516608000,00h 35m,https://archive-video.granicus.com/cheyenne/cheyenne_e5aaa8ed-d670-467e-9d94-230378d39e7e.mp4,https://archive-stream.granicus.com/OnDemand/_definst_/mp4:archive/cheyenne/cheyenne_e5aaa8ed-d670-467e-9d94-230378d39e7e.mp4/playlist.m3u8,https://cheyenne.granicus.com/player/clip/637?view_id=2&redirect=true,https://cheyenne.granicus.com/AgendaViewer.php?view_id=2&clip_id=637,https://cheyenne.granicus.com/MinutesViewer.php?view_id=2&clip_id=637
635,City Council Meeting,"Jan  8, 2018",2018-01-08,1515398400,00h 43m,https://archive-video.granicus.com/cheyenne/cheyenne_27f12a17-5955-40de-aefb-f231be2b892b.mp4,https://archive-stream.granicus.com/OnDemand/_definst_/mp4:archive/cheyenne/cheyenne_27f12a17-5955-40de-aefb-f231be2b892b.mp4/playlist.m3u8,https://cheyenne.granicus.com/player/clip/635?view_id=2&redirect=true,https://cheyenne.granicus.com/AgendaViewer.php?view_id=2&clip_id=635,https://cheyenne.granicus.com/MinutesViewer.php?view_id=2&clip_id=635
633,City Council Meeting,"Dec 20, 2017",2017-12-20,1513756800,00h 51m,https://archive-video.granicus.com/cheyenne/cheyenne_c8e2c56b-8324-43d2-975b-6e6ebfbdb36d.mp4,https://archive-stream.granicus.com/OnDemand/_definst_/mp4:archive/cheyenne/cheyenne_c8e2c56b-8324-43d2-975b-6e6ebfbdb36d.mp4/playlist.m3u8,https://cheyenne.granicus.com/player/clip/633?view_id=2&redirect=true,https://cheyenne.granicus.com/AgendaViewer.php?view_id=2&clip_id=633,https://cheyenne.granicus.com/MinutesViewer.php?view_id=2&clip_id=633
631,City Council Meeting,"Dec 11, 2017",2017-12-11,1512979200,00h 26m,https://archive-video.granicus.com/cheyenne/cheyenne_38ff6691-4db1-4f59-9900-5899c86ef4dd.mp4,https://archive-stream.granicus.com/OnDemand/_definst_/mp4:archive/cheyenne/cheyenne_38ff6691-4db1-4f59-9900-5899c86ef4dd.mp4/playlist.m3u8,https://cheyenne.granicus.com/player/clip/631?view_id=2&redirect=true,https://cheyenne.granicus.com/AgendaViewer.php?view_id=2&clip_id=631,https://cheyenne.granicus.com/MinutesViewer.php?view_id=2&clip_id=631
629,City Council Meeting,"Nov 27, 2017",2017-11-27,1511769600,01h 53m,https://archive-video.granicus.com/cheyenne/cheyenne_36a9798e-0d3e-44d2-b8cb-5fdfa1e19c0a.mp4,https://archive-stream.granicus.com/OnDemand/_definst_/mp4:archive/cheyenne/cheyenne_36a9798e-0d3e-44d2-b8cb-5fdfa1e19c0a.mp4/playlist.m3u8,https://cheyenne.granicus.com/player/clip/629?view_id=2&redirect=true,https://cheyenne.granicus.com/AgendaViewer.php?view_id=2&clip_id=629,https://cheyenne.granicus.com/MinutesViewer.php?view_id=2&clip_id=629
627,City Council Meeting,"Nov 13, 2017",2017-11-13,1510560000,00h 34m,https://archive-video.granicus.com/cheyenne/cheyenne_dcbc7e55-fb40-4269-8cea-35da7ff94aa3.mp4,https://archive-stream.granicus.com/OnDemand/_definst_/mp4:archive/cheyenne/cheyenne_dcbc7e55-fb40-4269-8cea-35da7ff94aa3.mp4/playlist.m3u8,https://cheyenne.granicus.com/player/clip/627?view_id=2&redirect=true,https://cheyenne.granicus.com/AgendaViewer.php?view_id=2&clip_id=627,https://cheyenne.granicus.com/MinutesViewer.php?view_id=2&clip_id=627
625,City Council Meeting,"Oct 23, 2017",2017-10-23,1508742000,00h 46m,https://archive-video.granicus.com/cheyenne/cheyenne_5ee0b4d7-998e-4892-bff7-ac2fa04ba332.mp4,https://archive-stream.granicus.com/OnDemand/_definst_/mp4:archive/cheyenne/cheyenne_5ee0b4d7-998e-4892-bff7-ac2fa04ba332.mp4/playlist.m3u8,https://cheyenne.granicus.com/player/clip/625?view_id=2&redirect=true,https://cheyenne.granicus.com/AgendaViewer.php?view_id=2&clip_id=625,https://cheyenne.granicus.com/MinutesViewer.php?view_id=2&clip_id=625
623,City Council Meeting,"Oct  9, 2017",2017-10-09,1507532400,00h 48m,https://archive-video.granicus.com/cheyenne/cheyenne_06f94230-7e11-4a5c-aee1-840889087559.mp4,https://archive-stream.granicus.com/OnDemand/_definst_/mp4:archive/cheyenne/cheyenne_06f94230-7e11-4a5c-aee1-840889087559.mp4/playlist.m3u8,https://cheyenne.granicus.com/player/clip/623?view_id=2&redirect=true,https://cheyenne.granicus.com/AgendaViewer.php?view_id=2&clip_id=623,https://cheyenne.granicus.com/MinutesViewer.php?view_id=2&clip_id=623
621,City Council Meeting,"Sep 25, 2017",2017-09-25,1506322800,01h 37m,https://archive-video.granicus.com/cheyenne/cheyenne_f2f5de1e-dd56-4c7a-90ac-c30db8e423c6.mp4,https://archive-stream.granicus.com/OnDemand/_definst_/mp4:archive/cheyenne/cheyenne_f2f5de1e-dd56-4c7a-90ac-c30db8e423c6.mp4/playlist.m3u8,https://cheyenne.granicus.com/player/clip/621?view_id=2&redirect=true,https://cheyenne.granicus.com/AgendaViewer.php?view_id=2&clip_id=621,https://cheyenne.granicus.com/MinutesViewer.php?view_id=2&clip_id=621
617,City Council Meeting,"Sep 11, 2017",2017-09-11,1505113200,00h 45m,https://archive-video.granicus.com/cheyenne/cheyenne_42f3e182-bfbb-4d8a-8a7c-e34c15d85c4b.mp4,https://archive-stream.granicus.com/OnDemand/_definst_/mp4:archive/cheyenne/cheyenne_42f3e182-bfbb-4d8a-8a7c-e34c15d85c4b.mp4/playlist.m3u8,https://cheyenne.granicus.com/player/clip/617?view_id=2&redirect=true,https://cheyenne.granicus.com/AgendaViewer.php?view_id=2&clip_id=617,https://cheyenne.granicus.com/MinutesViewer.php?view_id=2&clip_id=617
615,City Council Meeting,"Aug 28, 2017",2017-08-28,1503903600,01h 03m,https://archive-video.granicus.com/cheyenne/cheyenne_2cea14c8-a77c-42c5-afb0-1a7e800a812e.mp4,https://archive-stream.granicus.com/OnDemand/_definst_/mp4:archive/cheyenne/cheyenne_2cea14c8-a77c-42c5-afb0-1a7e800a812e.mp4/playlist.m3u8,https://cheyenne.granicus.com/player/clip/615?view_id=2&redirect=true,https://cheyenne.granicus.com/AgendaViewer.php?view_id=2&clip_id=615,https://cheyenne.granicus.com/MinutesViewer.php?view_id=2&clip_id=615
613,City Council Meeting,"Aug 14, 2017",2017-08-14,1502694000,01h 41m,https://archive-video.granicus.com/cheyenne/cheyenne_dd963950-b932-4c57-9ac1-6ec7e758a2d3.mp4,https://archive-stream.granicus.com/OnDemand/_definst_/mp4:archive/cheyenne/cheyenne_dd963950-b932-4c57-9ac1-6ec7e758a2d3.mp4/playlist.m3u8,https://cheyenne.granicus.com/player/clip/613?view_id=2&redirect=true,https://cheyenne.granicus.com/AgendaViewer.php?view_id=2&clip_id=613,https://cheyenne.granicus.com/MinutesViewer.php?view_id=2&clip_id=613
611,City Council Meeting,"Jul 24, 2017",2017-07-24,1500879600,01h 59m,https://archive-video.granicus.com/cheyenne/cheyenne_faf9fcbd-6bd3-4a2e-ad6e-57280bb48189.mp4,https://archive-stream.granicus.com/OnDemand/_definst_/mp4:archive/cheyenne/cheyenne_faf9fcbd-6bd3-4a2e-ad6e-57280bb48189.mp4/playlist.m3u8,https://cheyenne.granicus.com/player/clip/611?view_id=2&redirect=true,https://cheyenne.granicus.com/AgendaViewer.php?view_id=2&clip_id=611,https://cheyenne.granicus.com/MinutesViewer.php?view_id=2&clip_id=611
609,City Council Meeting,"Jul 10, 2017",2017-07-10,1499670000,03h 28m,https://archive-video.granicus.com/cheyenne/cheyenne_e94cc1ed-cd2d-4d63-9700-9374fa298e2a.mp4,https://archive-stream.granicus.com/OnDemand/_definst_/mp4:archive/cheyenne/cheyenne_e94cc1ed-cd2d-4d63-9700-9374fa298e2a.mp4/playlist.m3u8,https://cheyenne.granicus.com/player/clip/609?view_id=2&redirect=true,https://cheyenne.granicus.com/AgendaViewer.php?view_id=2&clip_id=609,https://cheyenne.granicus.com/MinutesViewer.php?view_id=2&clip_id=609
607,City Council Meeting,"Jun 26, 2017",2017-06-26,1498460400,03h 08m,https://archive-video.granicus.com/cheyenne/cheyenne_551a0bf1-8561-4a74-b380-2cf9505525bf.mp4,https://archive-stream.granicus.com/OnDemand/_definst_/mp4:archive/cheyenne/cheyenne_551a0bf1-8561-4a74-b380-2cf9505525bf.mp4/playlist.m3u8,https://cheyenne.granicus.com/player/clip/607?view_id=2&redirect=true,https://cheyenne.granicus.com/AgendaViewer.php?view_id=2&clip_id=607,https://cheyenne.granicus.com/MinutesViewer.php?view_id=2&clip_id=607
605,City Council Meeting,"Jun 12, 2017",2017-06-12,1497250800,03h 57m,https://archive-video.granicus.com/cheyenne/cheyenne_88de626e-038e-4a24-b49f-4525b0cc4e61.mp4,https://archive-stream.granicus.com/OnDemand/_definst_/mp4:archive/cheyenne/cheyenne_88de626e-038e-4a24-b49f-4525b0cc4e61.mp4/playlist.m3u8,https://cheyenne.granicus.com/player/clip/605?view_id=2&redirect=true,https://cheyenne.granicus.com/AgendaViewer.php?view_id=2&clip_id=605,https://cheyenne.granicus.com/MinutesViewer.php?view_id=2&clip_id=605
603,City Council Meeting,"May 22, 2017",2017-05-22,1495436400,04h 42m,https://archive-video.granicus.com/cheyenne/cheyenne_e022d78d-a7d4-4daa-a656-86ca43f8aaae.mp4,https://archive-stream.granicus.com/OnDemand/_definst_/mp4:archive/cheyenne/cheyenne_e022d78d-a7d4-4daa-a656-86ca43f8aaae.mp4/playlist.m3u8,https://cheyenne.granicus.com/player/clip/603?view_id=2&redirect=true,https://cheyenne.granicus.com/AgendaViewer.php?view_id=2&clip_id=603,https://cheyenne.granicus.com/MinutesViewer.php?view_id=2&clip_id=603
600,"May 15, 2017 Special Meeting of the Governing Body","May 15, 2017",2017-05-15,1494831600,01h 30m,https://archive-video.granicus.com/cheyenne/cheyenne_27cd17c5-b0c7-4971-963a-a99843a6ca8c.mp4,https://archive-stream.granicus.com/OnDemand/_definst_/mp4:archive/cheyenne/cheyenne_27cd17c5-b0c7-4971-963a-a99843a6ca8c.mp4/playlist.m3u8,https://cheyenne.granicus.com/player/clip/600?view_id=2&redirect=true,https://cheyenne.granicus.com/AgendaViewer.php?view_id=2&clip_id=600,https://cheyenne.granicus.com/MinutesViewer.php?view_id=2&clip_id=600
598,City Council Meeting,"May  8, 2017",2017-05-08,1494226800,02h 27m,https://archive-video.granicus.com/cheyenne/cheyenne_ce8781e0-1244-40ca-8d8b-1976b7f3e299.mp4,https://archive-stream.granicus.com/OnDemand/_definst_/mp4:archive/cheyenne/cheyenne_ce8781e0-1244-40ca-8d8b-1976b7f3e299.mp4/playlist.m3u8,https://cheyenne.granicus.com/player/clip/598?view_id=2&redirect=true,https://cheyenne.granicus.com/AgendaViewer.php?view_id=2&clip_id=598,https://cheyenne.granicus.com/MinutesViewer.php?view_id=2&clip_id=598
594,City Council Meeting,"Apr 24, 2017",2017-04-24,1493017200,01h 28m,https://archive-video.granicus.com/cheyenne/cheyenne_b6479289-60ff-4a9a-ab49-fd81b7385d51.mp4,https://archive-stream.granicus.com/OnDemand/_definst_/mp4:archive/cheyenne/cheyenne_b6479289-60ff-4a9a-ab49-fd81b7385d51.mp4/playlist.m3u8,https://cheyenne.granicus.com/player/clip/594?view_id=2&redirect=true,https://cheyenne.granicus.com/AgendaViewer.php?view_id=2&clip_id=594,https://cheyenne.granicus.com/MinutesViewer.php?view_id=2&clip_id=594
592,City Council Meeting,"Apr 10, 2017",2017-04-10,1491807600,02h 45m,https://archive-video.granicus.com/cheyenne/cheyenne_f0fa7c08-0773-4f53-b332-6ca7aa62e139.mp4,https://archive-stream.granicus.com/OnDemand/_definst_/mp4:archive/cheyenne/cheyenne_f0fa7c08-0773-4f53-b332-6ca7aa62e139.mp4/playlist.m3u8,https://cheyenne.granicus.com/player/clip/592?view_id=2&redirect=true,https://cheyenne.granicus.com/AgendaViewer.php?view_id=2&clip_id=592,https://cheyenne.granicus.com/MinutesViewer.php?view_id=2&clip_id=592
588,City Council Meeting,"Mar 27, 2017",2017-03-27,1490598000,02h 38m,https://archive-video.granicus.com/cheyenne/cheyenne_3c835613-92d4-4970-bf66-9f328d4e9e32.mp4,https://archive-stream.granicus.com/OnDemand/_definst_/mp4:archive/cheyenne/cheyenne_3c835613-92d4-4970-bf66-9f328d4e9e32.mp4/playlist.m3u8,https://cheyenne.granicus.com/player/clip/588?view_id=2&redirect=true,https://cheyenne.granicus.com/AgendaViewer.php?view_id=2&clip_id=588,https://cheyenne.granicus.com/MinutesViewer.php?view_id=2&clip_id=588
586,City Council Meeting,"Mar 13, 2017",2017-03-13,1489388400,00h 19m,https://archive-video.granicus.com/cheyenne/cheyenne_d9bab55d-745b-4c83-8e77-17b823175505.mp4,https://archive-stream.granicus.com/OnDemand/_definst_/mp4:archive/cheyenne/cheyenne_d9bab55d-745b-4c83-8e77-17b823175505.mp4/playlist.m3u8,https://cheyenne.granicus.com/player/clip/586?view_id=2&redirect=true,https://cheyenne.granicus.com/AgendaViewer.php?view_id=2&clip_id=586,https://cheyenne.granicus.com/MinutesViewer.php?view_id=2&clip_id=586
584,City Council Meeting,"Feb 27, 2017",2017-02-27,1488182400,01h 42m,https://archive-video.granicus.com/cheyenne/cheyenne_3deff254-1d3b-4866-89e7-c9d6fb2cae31.mp4,https://archive-stream.granicus.com/OnDemand/_definst_/mp4:archive/cheyenne/cheyenne_3deff254-1d3b-4866-89e7-c9d6fb2cae31.mp4/playlist.m3u8,https://cheyenne.granicus.com/player/clip/584?view_id=2&redirect=true,https://cheyenne.granicus.com/AgendaViewer.php?view_id=2&clip_id=584,https://cheyenne.granicus.com/MinutesViewer.php?view_id=2&clip_id=584
580,City Council Meeting,"Feb 13, 2017",2017-02-13,1486972800,01h 05m,https://archive-video.granicus.com/cheyenne/cheyenne_3f14199b-bf49-49e1-9cb0-23ddac05f691.mp4,https://archive-stream.granicus.com/OnDemand/_definst_/mp4:archive/cheyenne/cheyenne_3f14199b-bf49-49e1-9cb0-23ddac05f691.mp4/playlist.m3u8,https://cheyenne.granicus.com/player/clip/580?view_id=2&redirect=true,https://cheyenne.granicus.com/AgendaViewer.php?view_id=2&clip_id=580,https://cheyenne.granicus.com/MinutesViewer.php?view_id=2&clip_id=580
582,Special City Council Meeting,"Feb  7, 2017",2017-02-07,1486454400,00h 51m,https://archive-video.granicus.com/cheyenne/cheyenne_834aa662-154e-4d03-858f-7f7ca8849909.mp4,https://archive-stream.granicus.com/OnDemand/_definst_/mp4:archive/cheyenne/cheyenne_834aa662-154e-4d03-858f-7f7ca8849909.mp4/playlist.m3u8,https://cheyenne.granicus.com/player/clip/582?view_id=2&redirect=true,https://cheyenne.granicus.com/AgendaViewer.php?view_id=2&clip_id=582,https://cheyenne.granicus.com/MinutesViewer.php?view_id=2&clip_id=582
572,City Council Meeting,"Jan 23, 2017",2017-01-23,1485158400,00h 48m,https://archive-video.granicus.com/cheyenne/cheyenne_c0a3098f-1efd-443f-8183-d0adfad95b35.mp4,https://archive-stream.granicus.com/OnDemand/_definst_/mp4:archive/cheyenne/cheyenne_c0a3098f-1efd-443f-8183-d0adfad95b35.mp4/playlist.m3u8,https://cheyenne.granicus.com/player/clip/572?view_id=2&redirect=true,https://cheyenne.granicus.com/AgendaViewer.php?view_id=2&clip_id=572,https://cheyenne.granicus.com/MinutesViewer.php?view_id=2&clip_id=572
567,City Council Meeting,"Jan  9, 2017",2017-01-09,1483948800,00h 53m,https://archive-video.granicus.com/cheyenne/cheyenne_921316e4-fd6a-4aea-b3d3-30578f928346.mp4,https://archive-stream.granicus.com/OnDemand/_definst_/mp4:archive/cheyenne/cheyenne_921316e4-fd6a-4aea-b3d3-30578f928346.mp4/playlist.m3u8,https://cheyenne.granicus.com/player/clip/567?view_id=2&redirect=true,https://cheyenne.granicus.com/AgendaViewer.php?view_id=2&clip_id=567,https://cheyenne.granicus.com/MinutesViewer.php?view_id=2&clip_id=567
569,Sine Die Session and First Regular Meeting,"Jan  3, 2017",2017-01-03,1483430400,01h 10m,https://archive-video.granicus.com/cheyenne/cheyenne_a0f385ce-0509-4ec6-b75f-5d89986d18b7.mp4,https://archive-stream.granicus.com/OnDemand/_definst_/mp4:archive/cheyenne/cheyenne_a0f385ce-0509-4ec6-b75f-5d89986d18b7.mp4/playlist.m3u8,https://cheyenne.granicus.com/player/clip/569?view_id=2&redirect=true,https://cheyenne.granicus.com/AgendaViewer.php?view_id=2&clip_id=569,https://cheyenne.granicus.com/MinutesViewer.php?view_id=2&clip_id=569
562,City Council Meeting,"Dec 27, 2016",2016-12-27,1482825600,01h 58m,https://archive-video.granicus.com/cheyenne/cheyenne_cdc1b2d9-6be2-45ee-aa6f-c63f848d78da.mp4,https://archive-stream.granicus.com/OnDemand/_definst_/mp4:archive/cheyenne/cheyenne_cdc1b2d9-6be2-45ee-aa6f-c63f848d78da.mp4/playlist.m3u8,https://cheyenne.granicus.com/player/clip/562?view_id=2&redirect=true,https://cheyenne.granicus.com/AgendaViewer.php?view_id=2&clip_id=562,https://cheyenne.granicus.com/MinutesViewer.php?view_id=2&clip_id=562
560,City Council Meeting,"Dec 12, 2016",2016-12-12,1481529600,00h 34m,https://archive-video.granicus.com/cheyenne/cheyenne_69f44cf0-4aeb-4e97-a661-aef905bb62eb.mp4,https://archive-stream.granicus.com/OnDemand/_definst_/mp4:archive/cheyenne/cheyenne_69f44cf0-4aeb-4e97-a661-aef905bb62eb.mp4/playlist.m3u8,https://cheyenne.granicus.com/player/clip/560?view_id=2&redirect=true,https://cheyenne.granicus.com/AgendaViewer.php?view_id=2&clip_id=560,https://cheyenne.granicus.com/MinutesViewer.php?view_id=2&clip_id=560
558,City Council Meeting,"Nov 28, 2016",2016-11-28,1480320000,01h 34m,https://archive-video.granicus.com/cheyenne/cheyenne_d8ad5689-3904-4d49-8f22-df8220a5cca2.mp4,https://archive-stream.granicus.com/OnDemand/_definst_/mp4:archive/cheyenne/cheyenne_d8ad5689-3904-4d49-8f22-df8220a5cca2.mp4/playlist.m3u8,https://cheyenne.granicus.com/player/clip/558?view_id=2&redirect=true,https://cheyenne.granicus.com/AgendaViewer.php?view_id=2&clip_id=558,https://cheyenne.granicus.com/MinutesViewer.php?view_id=2&clip_id=558
556,City Council Meeting,"Nov 14, 2016",2016-11-14,1479110400,00h 47m,https://archive-video.granicus.com/cheyenne/cheyenne_95122ba4-0d0c-463b-806d-3a4aff11d1a0.mp4,https://archive-stream.granicus.com/OnDemand/_definst_/mp4:archive/cheyenne/cheyenne_95122ba4-0d0c-463b-806d-3a4aff11d1a0.mp4/playlist.m3u8,https://cheyenne.granicus.com/player/clip/556?view_id=2&redirect=true,https://cheyenne.granicus.com/AgendaViewer.php?view_id=2&clip_id=556,https://cheyenne.granicus.com/MinutesViewer.php?view_id=2&clip_id=556
554,City Council Meeting,"Oct 24, 2016",2016-10-24,1477292400,05h 33m,https://archive-video.granicus.com/cheyenne/cheyenne_aab491e5-55f6-47ce-a011-a5829ca553ff.mp4,https://archive-stream.granicus.com/OnDemand/_definst_/mp4:archive/cheyenne/cheyenne_aab491e5-55f6-47ce-a011-a5829ca553ff.mp4/playlist.m3u8,https://cheyenne.granicus.com/player/clip/554?view_id=2&redirect=true,https://cheyenne.granicus.com/AgendaViewer.php?view_id=2&clip_id=554,https://cheyenne.granicus.com/MinutesViewer.php?view_id=2&clip_id=554
552,City Council Meeting,"Oct 10, 2016",2016-10-10,1476082800,01h 37m,https://archive-video.granicus.com/cheyenne/cheyenne_ba9a70a4-9488-4f6a-afe4-fcf586ad037c.mp4,https://archive-stream.granicus.com/OnDemand/_definst_/mp4:archive/cheyenne/cheyenne_ba9a70a4-9488-4f6a-afe4-fcf586ad037c.mp4/playlist.m3u8,https://cheyenne.granicus.com/player/clip/552?view_id=2&redirect=true,https://cheyenne.granicus.com/AgendaViewer.php?view_id=2&clip_id=552,https://cheyenne.granicus.com/MinutesViewer.php?view_id=2&clip_id=552
550,City Council Meeting,"Sep 26, 2016",2016-09-26,1474873200,00h 48m,https://archive-video.granicus.com/cheyenne/cheyenne_deaf9a44-a5bb-409d-9107-a8b31042ed22.mp4,https://archive-stream.granicus.com/OnDemand/_definst_/mp4:archive/cheyenne/cheyenne_deaf9a44-a5bb-409d-9107-a8b31042ed22.mp4/playlist.m3u8,https://cheyenne.granicus.com/player/clip/550?view_id=2&redirect=true,https://cheyenne.granicus.com/AgendaViewer.php?view_id=2&clip_id=550,https://cheyenne.granicus.com/MinutesViewer.php?view_id=2&clip_id=550
548,City Council Meeting,"Sep 12, 2016",2016-09-12,1473663600,01h 21m,https://archive-video.granicus.com/cheyenne/cheyenne_731aef26-fe56-4f8a-8693-7493cc5854fd.mp4,https://archive-stream.granicus.com/OnDemand/_definst_/mp4:archive/cheyenne/cheyenne_731aef26-fe56-4f8a-8693-7493cc5854fd.mp4/playlist.m3u8,https://cheyenne.granicus.com/player/clip/548?view_id=2&redirect=true,https://cheyenne.granicus.com/AgendaViewer.php?view_id=2&clip_id=548,https://cheyenne.granicus.com/MinutesViewer.php?view_id=2&clip_id=548
545,City Council Meeting,"Aug 22, 2016",2016-08-22,1471849200,01h 42m,https://archive-video.granicus.com/cheyenne/cheyenne_69a6f05c-e2da-4ab5-bd3b-9916cecd3202.mp4,https://archive-stream.granicus.com/OnDemand/_definst_/mp4:archive/cheyenne/cheyenne_69a6f05c-e2da-4ab5-bd3b-9916cecd3202.mp4/playlist.m3u8,https://cheyenne.granicus.com/player/clip/545?view_id=2&redirect=true,https://cheyenne.granicus.com/AgendaViewer.php?view_id=2&clip_id=545,https://cheyenne.granicus.com/MinutesViewer.php?view_id=2&clip_id=545
543,City Council Meeting,"Aug  8, 2016",2016-08-08,1470639600,01h 48m,https://archive-video.granicus.com/cheyenne/cheyenne_0b45c8a7-149f-410a-a15b-9a4b8a2b4337.mp4,https://archive-stream.granicus.com/OnDemand/_definst_/mp4:archive/cheyenne/cheyenne_0b45c8a7-149f-410a-a15b-9a4b8a2b4337.mp4/playlist.m3u8,https://cheyenne.granicus.com/player/clip/543?view_id=2&redirect=true,https://cheyenne.granicus.com/AgendaViewer.php?view_id=2&clip_id=543,https://cheyenne.granicus.com/MinutesViewer.php?view_id=2&clip_id=543
542,City Council Meeting,"Jul 25, 2016",2016-07-25,1469430000,00h 18m,https://archive-video.granicus.com/cheyenne/cheyenne_d15519a8-db43-4618-b3d5-f020801ac8a8.mp4,https://archive-stream.granicus.com/OnDemand/_definst_/mp4:archive/cheyenne/cheyenne_d15519a8-db43-4618-b3d5-f020801ac8a8.mp4/playlist.m3u8,https://cheyenne.granicus.com/player/clip/542?view_id=2&redirect=true,https://cheyenne.granicus.com/AgendaViewer.php?view_id=2&clip_id=542,https://cheyenne.granicus.com/MinutesViewer.php?view_id=2&clip_id=542
541,City Council Meeting,"Jul 11, 2016",2016-07-11,1468220400,00h 33m,https://archive-video.granicus.com/cheyenne/cheyenne_ab8793c0-9f4f-4ab9-bcb2-9552c57cd573.mp4,https://archive-stream.granicus.com/OnDemand/_definst_/mp4:archive/cheyenne/cheyenne_ab8793c0-9f4f-4ab9-bcb2-9552c57cd573.mp4/playlist.m3u8,https://cheyenne.granicus.com/player/clip/541?view_id=2&redirect=true,https://cheyenne.granicus.com/AgendaViewer.php?view_id=2&clip_id=541,https://cheyenne.granicus.com/MinutesViewer.php?view_id=2&clip_id=541
538,City Council Meeting,"Jun 27, 2016",2016-06-27,1467010800,03h 00m,https://archive-video.granicus.com/cheyenne/cheyenne_685ac9f5-cc9e-4eb2-a2d9-8d18b9fa6d2b.mp4,https://archive-stream.granicus.com/OnDemand/_definst_/mp4:archive/cheyenne/cheyenne_685ac9f5-cc9e-4eb2-a2d9-8d18b9fa6d2b.mp4/playlist.m3u8,https://cheyenne.granicus.com/player/clip/538?view_id=2&redirect=true,https://cheyenne.granicus.com/AgendaViewer.php?view_id=2&clip_id=538,https://cheyenne.granicus.com/MinutesViewer.php?view_id=2&clip_id=538
536,City Council Meeting,"Jun 13, 2016",2016-06-13,1465801200,02h 06m,https://archive-video.granicus.com/cheyenne/cheyenne_bdf891d1-578e-4a6a-9ffc-ae7427ed019c.mp4,https://archive-stream.granicus.com/OnDemand/_definst_/mp4:archive/cheyenne/cheyenne_bdf891d1-578e-4a6a-9ffc-ae7427ed019c.mp4/playlist.m3u8,https://cheyenne.granicus.com/player/clip/536?view_id=2&redirect=true,https://cheyenne.granicus.com/AgendaViewer.php?view_id=2&clip_id=536,https://cheyenne.granicus.com/MinutesViewer.php?view_id=2&clip_id=536
534,City Council Meeting,"May 23, 2016",2016-05-23,1463986800,03h 41m,https://archive-video.granicus.com/cheyenne/cheyenne_1b3f5611-5815-47a9-93e9-62b741126725.mp4,https://archive-stream.granicus.com/OnDemand/_definst_/mp4:archive/cheyenne/cheyenne_1b3f5611-5815-47a9-93e9-62b741126725.mp4/playlist.m3u8,https://cheyenne.granicus.com/player/clip/534?view_id=2&redirect=true,https://cheyenne.granicus.com/AgendaViewer.php?view_id=2&clip_id=534,https://cheyenne.granicus.com/MinutesViewer.php?view_id=2&clip_id=534
533,City Council Meeting,"May  9, 2016",2016-05-09,1462777200,01h 39m,https://archive-video.granicus.com/cheyenne/cheyenne_27d5cb16-6078-47ed-a85b-2d925c86e0f2.mp4,https://archive-stream.granicus.com/OnDemand/_definst_/mp4:archive/cheyenne/cheyenne_27d5cb16-6078-47ed-a85b-2d925c86e0f2.mp4/playlist.m3u8,https://cheyenne.granicus.com/player/clip/533?view_id=2&redirect=true,https://cheyenne.granicus.com/AgendaViewer.php?view_id=2&clip_id=533,https://cheyenne.granicus.com/MinutesViewer.php?view_id=2&clip_id=533
531,City Council Meeting,"Apr 25, 2016",2016-04-25,1461567600,01h 54m,https://archive-video.granicus.com/cheyenne/cheyenne_3ce10d21-aef8-44a4-90e1-f31755d729fc.mp4,https://archive-stream.granicus.com/OnDemand/_definst_/mp4:archive/cheyenne/cheyenne_3ce10d21-aef8-44a4-90e1-f31755d729fc.mp4/playlist.m3u8,https://cheyenne.granicus.com/player/clip/531?view_id=2&redirect=true,https://cheyenne.granicus.com/AgendaViewer.php?view_id=2&clip_id=531,https://cheyenne.granicus.com/MinutesViewer.php?view_id=2&clip_id=531
529,City Council Meeting,"Apr 11, 2016",2016-04-11,1460358000,02h 33m,https://archive-video.granicus.com/cheyenne/cheyenne_67309c23-1cb1-4aff-949b-766862f1c7f1.mp4,https://archive-stream.granicus.com/OnDemand/_definst_/mp4:archive/cheyenne/cheyenne_67309c23-1cb1-4aff-949b-766862f1c7f1.mp4/playlist.m3u8,https://cheyenne.granicus.com/player/clip/529?view_id=2&redirect=true,https://cheyenne.granicus.com/AgendaViewer.php?view_id=2&clip_id=529,https://cheyenne.granicus.com/MinutesViewer.php?view_id=2&clip_id=529
526,City Council Meeting,"Mar 28, 2016",2016-03-28,1459148400,00h 11m,https://archive-video.granicus.com/cheyenne/cheyenne_37441862-7ac9-45af-b9ca-46e19f8af5e3.mp4,https://archive-stream.granicus.com/OnDemand/_definst_/mp4:archive/cheyenne/cheyenne_37441862-7ac9-45af-b9ca-46e19f8af5e3.mp4/playlist.m3u8,https://cheyenne.granicus.com/player/clip/526?view_id=2&redirect=true,https://cheyenne.granicus.com/AgendaViewer.php?view_id=2&clip_id=526,https://cheyenne.granicus.com/MinutesViewer.php?view_id=2&clip_id=526
525,City Council Meeting,"Mar 14, 2016",2016-03-14,1457938800,00h 25m,https://archive-video.granicus.com/cheyenne/cheyenne_2bfa1d56-ed63-4f34-bf5b-4e9a3eec780e.mp4,https://archive-stream.granicus.com/OnDemand/_definst_/mp4:archive/cheyenne/cheyenne_2bfa1d56-ed63-4f34-bf5b-4e9a3eec780e.mp4/playlist.m3u8,https://cheyenne.granicus.com/player/clip/525?view_id=2&redirect=true,https://cheyenne.granicus.com/AgendaViewer.php?view_id=2&clip_id=525,https://cheyenne.granicus.com/MinutesViewer.php?view_id=2&clip_id=525
523,City Council Meeting,"Feb 22, 2016",2016-02-22,1456128000,01h 15m,https://archive-video.granicus.com/cheyenne/cheyenne_dc5e79f7-dbc4-4dc0-b2a1-295d522dae4e.mp4,https://archive-stream.granicus.com/OnDemand/_definst_/mp4:archive/cheyenne/cheyenne_dc5e79f7-dbc4-4dc0-b2a1-295d522dae4e.mp4/playlist.m3u8,https://cheyenne.granicus.com/player/clip/523?view_id=2&redirect=true,https://cheyenne.granicus.com/AgendaViewer.php?view_id=2&clip_id=523,https://cheyenne.granicus.com/MinutesViewer.php?view_id=2&clip_id=523
521,City Council Meeting,"Feb  8, 2016",2016-02-08,1454918400,01h 28m,https://archive-video.granicus.com/cheyenne/cheyenne_dacb159a-5252-4abc-9b21-388ee0414414.mp4,https://archive-stream.granicus.com/OnDemand/_definst_/mp4:archive/cheyenne/cheyenne_dacb159a-5252-4abc-9b21-388ee0414414.mp4/playlist.m3u8,https://cheyenne.granicus.com/player/clip/521?view_id=2&redirect=true,https://cheyenne.granicus.com/AgendaViewer.php?view_id=2&clip_id=521,https://cheyenne.granicus.com/MinutesViewer.php?view_id=2&clip_id=521
519,City Council Meeting,"Jan 25, 2016",2016-01-25,1453708800,01h 07m,https://archive-video.granicus.com/cheyenne/cheyenne_89124101-a9bf-4874-aef9-d96043df7d60.mp4,https://archive-stream.granicus.com/OnDemand/_definst_/mp4:archive/cheyenne/cheyenne_89124101-a9bf-4874-aef9-d96043df7d60.mp4/playlist.m3u8,https://cheyenne.granicus.com/player/clip/519?view_id=2&redirect=true,https://cheyenne.granicus.com/AgendaViewer.php?view_id=2&clip_id=519,https://cheyenne.granicus.com/MinutesViewer.php?view_id=2&clip_id=519
517,City Council Meeting,"Jan 11, 2016",2016-01-11,1452499200,00h 54m,https://archive-video.granicus.com/cheyenne/cheyenne_de4c34bb-89a7-4eac-839c-d1d3af56720c.mp4,https://archive-stream.granicus.com/OnDemand/_definst_/mp4:archive/cheyenne/cheyenne_de4c34bb-89a7-4eac-839c-d1d3af56720c.mp4/playlist.m3u8,https://cheyenne.granicus.com/player/clip/517?view_id=2&redirect=true,https://cheyenne.granicus.com/AgendaViewer.php?view_id=2&clip_id=517,https://cheyenne.granicus.com/MinutesViewer.php?view_id=2&clip_id=517
515,City Council Meeting,"Dec 28, 2015",2015-12-28,1451289600,00h 27m,https://archive-video.granicus.com/cheyenne/cheyenne_dde5c0fa-2ffe-4d42-ae2e-d4d59e8e8117.mp4,https://archive-stream.granicus.com/OnDemand/_definst_/mp4:archive/cheyenne/cheyenne_dde5c0fa-2ffe-4d42-ae2e-d4d59e8e8117.mp4/playlist.m3u8,https://cheyenne.granicus.com/player/clip/515?view_id=2&redirect=true,https://cheyenne.granicus.com/AgendaViewer.php?view_id=2&clip_id=515,https://cheyenne.granicus.com/MinutesViewer.php?view_id=2&clip_id=515
513,City Council Meeting,"Dec 14, 2015",2015-12-14,1450080000,01h 50m,https://archive-video.granicus.com/cheyenne/cheyenne_82367e3c-cd7d-44b7-aaf9-461d04ec1ff7.mp4,https://archive-stream.granicus.com/OnDemand/_definst_/mp4:archive/cheyenne/cheyenne_82367e3c-cd7d-44b7-aaf9-461d04ec1ff7.mp4/playlist.m3u8,https://cheyenne.granicus.com/player/clip/513?view_id=2&redirect=true,https://cheyenne.granicus.com/AgendaViewer.php?view_id=2&clip_id=513,https://cheyenne.granicus.com/MinutesViewer.php?view_id=2&clip_id=513
511,City Council Meeting,"Nov 23, 2015",2015-11-23,1448265600,01h 41m,https://archive-video.granicus.com/cheyenne/cheyenne_17873c85-943d-4147-bdf1-c836bdea8a4c.mp4,https://archive-stream.granicus.com/OnDemand/_definst_/mp4:archive/cheyenne/cheyenne_17873c85-943d-4147-bdf1-c836bdea8a4c.mp4/playlist.m3u8,https://cheyenne.granicus.com/player/clip/511?view_id=2&redirect=true,https://cheyenne.granicus.com/AgendaViewer.php?view_id=2&clip_id=511,https://cheyenne.granicus.com/MinutesViewer.php?view_id=2&clip_id=511
508,City Council Meeting,"Nov  9, 2015",2015-11-09,1447056000,01h 39m,https://archive-video.granicus.com/cheyenne/cheyenne_1945f5c0-87ab-412d-bc14-62078bd4140d.mp4,https://archive-stream.granicus.com/OnDemand/_definst_/mp4:archive/cheyenne/cheyenne_1945f5c0-87ab-412d-bc14-62078bd4140d.mp4/playlist.m3u8,https://cheyenne.granicus.com/player/clip/508?view_id=2&redirect=true,https://cheyenne.granicus.com/AgendaViewer.php?view_id=2&clip_id=508,https://cheyenne.granicus.com/MinutesViewer.php?view_id=2&clip_id=508
504,City Council Meeting,"Oct 26, 2015",2015-10-26,1445842800,00h 36m,https://archive-video.granicus.com/cheyenne/cheyenne_2993d9e7-c23d-46c3-87c5-6c1bc819d062.mp4,https://archive-stream.granicus.com/OnDemand/_definst_/mp4:archive/cheyenne/cheyenne_2993d9e7-c23d-46c3-87c5-6c1bc819d062.mp4/playlist.m3u8,https://cheyenne.granicus.com/player/clip/504?view_id=2&redirect=true,https://cheyenne.granicus.com/AgendaViewer.php?view_id=2&clip_id=504,https://cheyenne.granicus.com/MinutesViewer.php?view_id=2&clip_id=504
502,City Council Meeting,"Oct 12, 2015",2015-10-12,1444633200,00h 28m,https://archive-video.granicus.com/cheyenne/cheyenne_4f25eae1-b7a5-4d87-b32c-9793239bd5fb.mp4,https://archive-stream.granicus.com/OnDemand/_definst_/mp4:archive/cheyenne/cheyenne_4f25eae1-b7a5-4d87-b32c-9793239bd5fb.mp4/playlist.m3u8,https://cheyenne.granicus.com/player/clip/502?view_id=2&redirect=true,https://cheyenne.granicus.com/AgendaViewer.php?view_id=2&clip_id=502,https://cheyenne.granicus.com/MinutesViewer.php?view_id=2&clip_id=502
500,City Council Meeting,"Sep 28, 2015",2015-09-28,1443423600,00h 12m,https://archive-video.granicus.com/cheyenne/cheyenne_f3f82c0c-2d95-47d3-9b75-60a77477df75.mp4,https://archive-stream.granicus.com/OnDemand/_definst_/mp4:archive/cheyenne/cheyenne_f3f82c0c-2d95-47d3-9b75-60a77477df75.mp4/playlist.m3u8,https://cheyenne.granicus.com/player/clip/500?view_id=2&redirect=true,https://cheyenne.granicus.com/AgendaViewer.php?view_id=2&clip_id=500,https://cheyenne.granicus.com/MinutesViewer.php?view_id=2&clip_id=500
498,City Council Meeting,"Sep 14, 2015",2015-09-14,1442214000,01h 18m,https://archive-video.granicus.com/cheyenne/cheyenne_6c16fbb2-2932-41f5-98d1-b17071d27e32.mp4,https://archive-stream.granicus.com/OnDemand/_definst_/mp4:archive/cheyenne/cheyenne_6c16fbb2-2932-41f5-98d1-b17071d27e32.mp4/playlist.m3u8,https://cheyenne.granicus.com/player/clip/498?view_id=2&redirect=true,https://cheyenne.granicus.com/AgendaViewer.php?view_id=2&clip_id=498,https://cheyenne.granicus.com/MinutesViewer.php?view_id=2&clip_id=498
496,City Council Meeting,"Aug 24, 2015",2015-08-24,1440399600,01h 32m,https://archive-video.granicus.com/cheyenne/cheyenne_69b95c4f-d383-4c26-b3b0-1bc7737bfeb8.mp4,https://archive-stream.granicus.com/OnDemand/_definst_/mp4:archive/cheyenne/cheyenne_69b95c4f-d383-4c26-b3b0-1bc7737bfeb8.mp4/playlist.m3u8,https://cheyenne.granicus.com/player/clip/496?view_id=2&redirect=true,https://cheyenne.granicus.com/AgendaViewer.php?view_id=2&clip_id=496,https://cheyenne.granicus.com/MinutesViewer.php?view_id=2&clip_id=496
494,City Council Meeting,"Aug 10, 2015",2015-08-10,1439190000,02h 41m,https://archive-video.granicus.com/cheyenne/cheyenne_5a530b08-c13f-4746-b9aa-487e400769b4.mp4,https://archive-stream.granicus.com/OnDemand/_definst_/mp4:archive/cheyenne/cheyenne_5a530b08-c13f-4746-b9aa-487e400769b4.mp4/playlist.m3u8,https://cheyenne.granicus.com/player/clip/494?view_id=2&redirect=true,https://cheyenne.granicus.com/AgendaViewer.php?view_id=2&clip_id=494,https://cheyenne.granicus.com/MinutesViewer.php?view_id=2&clip_id=494
492,City Council Meeting,"Jul 27, 2015",2015-07-27,1437980400,01h 58m,https://archive-video.granicus.com/cheyenne/cheyenne_276ead5e-a9c2-4004-ad17-bd3d71955e05.mp4,https://archive-stream.granicus.com/OnDemand/_definst_/mp4:archive/cheyenne/cheyenne_276ead5e-a9c2-4004-ad17-bd3d71955e05.mp4/playlist.m3u8,https://cheyenne.granicus.com/player/clip/492?view_id=2&redirect=true,https://cheyenne.granicus.com/AgendaViewer.php?view_id=2&clip_id=492,https://cheyenne.granicus.com/MinutesViewer.php?view_id=2&clip_id=492
490,City Council Meeting,"Jul 13, 2015",2015-07-13,1436770800,01h 13m,https://archive-video.granicus.com/cheyenne/cheyenne_2cfd0099-416d-4970-8971-6caefc76b0d3.mp4,https://archive-stream.granicus.com/OnDemand/_definst_/mp4:archive/cheyenne/cheyenne_2cfd0099-416d-4970-8971-6caefc76b0d3.mp4/playlist.m3u8,https://cheyenne.granicus.com/player/clip/490?view_id=2&redirect=true,https://cheyenne.granicus.com/AgendaViewer.php?view_id=2&clip_id=490,https://cheyenne.granicus.com/MinutesViewer.php?view_id=2&clip_id=490
487,City Council Meeting,"Jun 22, 2015",2015-06-22,1434956400,00h 18m,https://archive-video.granicus.com/cheyenne/cheyenne_b5ea4114-e945-4c3a-bf74-f6d8d1e613d2.mp4,https://archive-stream.granicus.com/OnDemand/_definst_/mp4:archive/cheyenne/cheyenne_b5ea4114-e945-4c3a-bf74-f6d8d1e613d2.mp4/playlist.m3u8,https://cheyenne.granicus.com/player/clip/487?view_id=2&redirect=true,https://cheyenne.granicus.com/AgendaViewer.php?view_id=2&clip_id=487,https://cheyenne.granicus.com/MinutesViewer.php?view_id=2&clip_id=487
485,City Council Meeting,"Jun  8, 2015",2015-06-08,1433746800,03h 16m,https://archive-video.granicus.com/cheyenne/cheyenne_3527095c-c2db-48d1-81b7-e840a3aa5a11.mp4,https://archive-stream.granicus.com/OnDemand/_definst_/mp4:archive/cheyenne/cheyenne_3527095c-c2db-48d1-81b7-e840a3aa5a11.mp4/playlist.m3u8,https://cheyenne.granicus.com/player/clip/485?view_id=2&redirect=true,https://cheyenne.granicus.com/AgendaViewer.php?view_id=2&clip_id=485,https://cheyenne.granicus.com/MinutesViewer.php?view_id=2&clip_id=485
483,City Council Meeting,"May 26, 2015",2015-05-26,1432623600,04h 23m,https://archive-video.granicus.com/cheyenne/cheyenne_7a52d913-d3d0-4a7f-89de-c69d82f97aff.mp4,https://archive-stream.granicus.com/OnDemand/_definst_/mp4:archive/cheyenne/cheyenne_7a52d913-d3d0-4a7f-89de-c69d82f97aff.mp4/playlist.m3u8,https://cheyenne.granicus.com/player/clip/483?view_id=2&redirect=true,https://cheyenne.granicus.com/AgendaViewer.php?view_id=2&clip_id=483,https://cheyenne.granicus.com/MinutesViewer.php?view_id=2&clip_id=483
481,City Council Meeting,"May 11, 2015",2015-05-11,1431327600,01h 53m,https://archive-video.granicus.com/cheyenne/cheyenne_5f5c300a-aad0-425d-9039-6dec83e66a4b.mp4,https://archive-stream.granicus.com/OnDemand/_definst_/mp4:archive/cheyenne/cheyenne_5f5c300a-aad0-425d-9039-6dec83e66a4b.mp4/playlist.m3u8,https://cheyenne.granicus.com/player/clip/481?view_id=2&redirect=true,https://cheyenne.granicus.com/AgendaViewer.php?view_id=2&clip_id=481,https://cheyenne.granicus.com/MinutesViewer.php?view_id=2&clip_id=481
480,City Council Meeting,"Apr 27, 2015",2015-04-27,1430118000,01h 21m,https://archive-video.granicus.com/cheyenne/cheyenne_9a29d9f3-12b8-4a90-ae76-10cae87bd347.mp4,https://archive-stream.granicus.com/OnDemand/_definst_/mp4:archive/cheyenne/cheyenne_9a29d9f3-12b8-4a90-ae76-10cae87bd347.mp4/playlist.m3u8,https://cheyenne.granicus.com/player/clip/480?view_id=2&redirect=true,https://cheyenne.granicus.com/AgendaViewer.php?view_id=2&clip_id=480,https://cheyenne.granicus.com/MinutesViewer.php?view_id=2&clip_id=480
478,City Council Meeting,"Apr 13, 2015",2015-04-13,1428908400,00h 32m,https://archive-video.granicus.com/cheyenne/cheyenne_3837ca82-69d1-45b0-933c-48fdf050614e.mp4,https://archive-stream.granicus.com/OnDemand/_definst_/mp4:archive/cheyenne/cheyenne_3837ca82-69d1-45b0-933c-48fdf050614e.mp4/playlist.m3u8,https://cheyenne.granicus.com/player/clip/478?view_id=2&redirect=true,https://cheyenne.granicus.com/AgendaViewer.php?view_id=2&clip_id=478,https://cheyenne.granicus.com/MinutesViewer.php?view_id=2&clip_id=478
477,City Council Meeting,"Mar 23, 2015",2015-03-23,1427094000,00h 09m,https://archive-video.granicus.com/cheyenne/cheyenne_3219afcb-8f6c-4c4b-81a3-b2f2a936a7e6.mp4,https://archive-stream.granicus.com/OnDemand/_definst_/mp4:archive/cheyenne/cheyenne_3219afcb-8f6c-4c4b-81a3-b2f2a936a7e6.mp4/playlist.m3u8,https://cheyenne.granicus.com/player/clip/477?view_id=2&redirect=true,https://cheyenne.granicus.com/AgendaViewer.php?view_id=2&clip_id=477,https://cheyenne.granicus.com/MinutesViewer.php?view_id=2&clip_id=477
475,City Council Meeting,"Mar  9, 2015",2015-03-09,1425884400,01h 44m,https://archive-video.granicus.com/cheyenne/cheyenne_63954d26-560b-434a-89f7-29da0c8af7ea.mp4,https://archive-stream.granicus.com/OnDemand/_definst_/mp4:archive/cheyenne/cheyenne_63954d26-560b-434a-89f7-29da0c8af7ea.mp4/playlist.m3u8,https://cheyenne.granicus.com/player/clip/475?view_id=2&redirect=true,https://cheyenne.granicus.com/AgendaViewer.php?view_id=2&clip_id=475,https://cheyenne.granicus.com/MinutesViewer.php?view_id=2&clip_id=475
472,City Council Meeting,"Feb 23, 2015",2015-02-23,1424678400,07h 56m,https://archive-video.granicus.com/cheyenne/cheyenne_5b58db56-aca1-4dc5-a8a4-c823867c568b.mp4,https://archive-stream.granicus.com/OnDemand/_definst_/mp4:archive/cheyenne/cheyenne_5b58db56-aca1-4dc5-a8a4-c823867c568b.mp4/playlist.m3u8,https://cheyenne.granicus.com/player/clip/472?view_id=2&redirect=true,https://cheyenne.granicus.com/AgendaViewer.php?view_id=2&clip_id=472,https://cheyenne.granicus.com/MinutesViewer.php?view_id=2&clip_id=472
470,City Council Meeting,"Feb  9, 2015",2015-02-09,1423468800,00h 52m,https://archive-video.granicus.com/cheyenne/cheyenne_097550b2-f165-493f-8f0a-a9dc8fef5859.mp4,https://archive-stream.granicus.com/OnDemand/_definst_/mp4:archive/cheyenne/cheyenne_097550b2-f165-493f-8f0a-a9dc8fef5859.mp4/playlist.m3u8,https://cheyenne.granicus.com/player/clip/470?view_id=2&redirect=true,https://cheyenne.granicus.com/AgendaViewer.php?view_id=2&clip_id=470,https://cheyenne.granicus.com/MinutesViewer.php?view_id=2&clip_id=470
468,City Council Meeting,"Jan 26, 2015",2015-01-26,1422259200,00h 27m,https://archive-video.granicus.com/cheyenne/cheyenne_95b76f2a-e40c-4210-b7cc-265fd8087047.mp4,https://archive-stream.granicus.com/OnDemand/_definst_/mp4:archive/cheyenne/cheyenne_95b76f2a-e40c-4210-b7cc-265fd8087047.mp4/playlist.m3u8,https://cheyenne.granicus.com/player/clip/468?view_id=2&redirect=true,https://cheyenne.granicus.com/AgendaViewer.php?view_id=2&clip_id=468,https://cheyenne.granicus.com/MinutesViewer.php?view_id=2&clip_id=468
466,City Council Meeting,"Jan 12, 2015",2015-01-12,1421049600,02h 21m,https://archive-video.granicus.com/cheyenne/cheyenne_38ba254d-24ae-4113-aa51-b4858662b894.mp4,https://archive-stream.granicus.com/OnDemand/_definst_/mp4:archive/cheyenne/cheyenne_38ba254d-24ae-4113-aa51-b4858662b894.mp4/playlist.m3u8,https://cheyenne.granicus.com/player/clip/466?view_id=2&redirect=true,https://cheyenne.granicus.com/AgendaViewer.php?view_id=2&clip_id=466,https://cheyenne.granicus.com/MinutesViewer.php?view_id=2&clip_id=466
462,Sine Die Meeting,"Jan  5, 2015",2015-01-05,1420444800,00h 18m,https://archive-video.granicus.com/cheyenne/cheyenne_48ab795c-ce98-4571-9c75-706aea8c8c6e.mp4,https://archive-stream.granicus.com/OnDemand/_definst_/mp4:archive/cheyenne/cheyenne_48ab795c-ce98-4571-9c75-706aea8c8c6e.mp4/playlist.m3u8,https://cheyenne.granicus.com/player/clip/462?view_id=2&redirect=true,https://cheyenne.granicus.com/AgendaViewer.php?view_id=2&clip_id=462,https://cheyenne.granicus.com/MinutesViewer.php?view_id=2&clip_id=462
463,First Regular Meeting of the Governing Body,"Jan  5, 2015",2015-01-05,1420444800,00h 15m,https://archive-video.granicus.com/cheyenne/cheyenne_2b1376cd-16f4-4038-a73a-ff8e79f617a7.mp4,https://archive-stream.granicus.com/OnDemand/_definst_/mp4:archive/cheyenne/cheyenne_2b1376cd-16f4-4038-a73a-ff8e79f617a7.mp4/playlist.m3u8,https://cheyenne.granicus.com/player/clip/463?view_id=2&redirect=true,https://cheyenne.granicus.com/AgendaViewer.php?view_id=2&clip_id=463,https://cheyenne.granicus.com/MinutesViewer.php?view_id=2&clip_id=463
461,City Council Meeting,"Dec 22, 2014",2014-12-22,1419235200,02h 15m,https://archive-video.granicus.com/cheyenne/cheyenne_ee838150-47fc-49a4-b7ce-83bdf7d52bde.mp4,https://archive-stream.granicus.com/OnDemand/_definst_/mp4:archive/cheyenne/cheyenne_ee838150-47fc-49a4-b7ce-83bdf7d52bde.mp4/playlist.m3u8,https://cheyenne.granicus.com/player/clip/461?view_id=2&redirect=true,https://cheyenne.granicus.com/AgendaViewer.php?view_id=2&clip_id=461,https://cheyenne.granicus.com/MinutesViewer.php?view_id=2&clip_id=461
457,City Council Meeting,"Dec  8, 2014",2014-12-08,1418025600,03h 15m,https://archive-video.granicus.com/cheyenne/cheyenne_fc3a3f12-1db5-4036-b2eb-47c41188c907.mp4,https://archive-stream.granicus.com/OnDemand/_definst_/mp4:archive/cheyenne/cheyenne_fc3a3f12-1db5-4036-b2eb-47c41188c907.mp4/playlist.m3u8,https://cheyenne.granicus.com/player/clip/457?view_id=2&redirect=true,https://cheyenne.granicus.com/AgendaViewer.php?view_id=2&clip_id=457,https://cheyenne.granicus.com/MinutesViewer.php?view_id=2&clip_id=457
455,City Council Meeting,"Nov 24, 2014",2014-11-24,1416816000,01h 54m,https://archive-video.granicus.com/cheyenne/cheyenne_b0ad0459-3c6f-4abe-8648-b035e54d8997.mp4,https://archive-stream.granicus.com/OnDemand/_definst_/mp4:archive/cheyenne/cheyenne_b0ad0459-3c6f-4abe-8648-b035e54d8997.mp4/playlist.m3u8,https://cheyenne.granicus.com/player/clip/455?view_id=2&redirect=true,https://cheyenne.granicus.com/AgendaViewer.php?view_id=2&clip_id=455,https://cheyenne.granicus.com/MinutesViewer.php?view_id=2&clip_id=455
454,City Council Meeting,"Nov 10, 2014",2014-11-10,1415606400,00h 25m,https://archive-video.granicus.com/cheyenne/cheyenne_a5cba0b6-289d-474c-9166-f22f292d6187.mp4,https://archive-stream.granicus.com/OnDemand/_definst_/mp4:archive/cheyenne/cheyenne_a5cba0b6-289d-474c-9166-f22f292d6187.mp4/playlist.m3u8,https://cheyenne.granicus.com/player/clip/454?view_id=2&redirect=true,https://cheyenne.granicus.com/AgendaViewer.php?view_id=2&clip_id=454,https://cheyenne.granicus.com/MinutesViewer.php?view_id=2&clip_id=454
453,City Council Meeting (Copy),"Oct 27, 2014",2014-10-27,1414393200,01h 25m,https://archive-video.granicus.com/cheyenne/cheyenne_357b1e52-910b-4b99-aac0-c9e8da2631c5.mp4,https://archive-stream.granicus.com/OnDemand/_definst_/mp4:archive/cheyenne/cheyenne_357b1e52-910b-4b99-aac0-c9e8da2631c5.mp4/playlist.m3u8,https://cheyenne.granicus.com/player/clip/453?view_id=2&redirect=true,https://cheyenne.granicus.com/AgendaViewer.php?view_id=2&clip_id=453,https://cheyenne.granicus.com/MinutesViewer.php?view_id=2&clip_id=453
451,City Council Meeting,"Oct 27, 2014",2014-10-27,1414393200,01h 25m,https://archive-video.granicus.com/cheyenne/cheyenne_357b1e52-910b-4b99-aac0-c9e8da2631c5.mp4,https://archive-stream.granicus.com/OnDemand/_definst_/mp4:archive/cheyenne/cheyenne_357b1e52-910b-4b99-aac0-c9e8da2631c5.mp4/playlist.m3u8,https://cheyenne.granicus.com/player/clip/451?view_id=2&redirect=true,https://cheyenne.granicus.com/AgendaViewer.php?view_id=2&clip_id=451,https://cheyenne.granicus.com/MinutesViewer.php?view_id=2&clip_id=451
449,City Council Meeting,"Oct 13, 2014",2014-10-13,1413183600,00h 55m,https://archive-video.granicus.com/cheyenne/cheyenne_83bc3dd6-eee6-44ee-aca0-0e6f807377f1.mp4,https://archive-stream.granicus.com/OnDemand/_definst_/mp4:archive/cheyenne/cheyenne_83bc3dd6-eee6-44ee-aca0-0e6f807377f1.mp4/playlist.m3u8,https://cheyenne.granicus.com/player/clip/449?view_id=2&redirect=true,https://cheyenne.granicus.com/AgendaViewer.php?view_id=2&clip_id=449,https://cheyenne.granicus.com/MinutesViewer.php?view_id=2&clip_id=449
447,City Council Meeting,"Sep 22, 2014",2014-09-22,1411369200,01h 39m,https://archive-video.granicus.com/cheyenne/cheyenne_c3fab200-364d-4e00-ac39-b0391d7a7de7.mp4,https://archive-stream.granicus.com/OnDemand/_definst_/mp4:archive/cheyenne/cheyenne_c3fab200-364d-4e00-ac39-b0391d7a7de7.mp4/playlist.m3u8,https://cheyenne.granicus.com/player/clip/447?view_id=2&redirect=true,https://cheyenne.granicus.com/AgendaViewer.php?view_id=2&clip_id=447,https://cheyenne.granicus.com/MinutesViewer.php?view_id=2&clip_id=447
444,City Council Meeting,"Sep  8, 2014",2014-09-08,1410159600,02h 33m,https://archive-video.granicus.com/cheyenne/cheyenne_be406d1b-c39b-4fc3-a1eb-727f24f4287d.mp4,https://archive-stream.granicus.com/OnDemand/_definst_/mp4:archive/cheyenne/cheyenne_be406d1b-c39b-4fc3-a1eb-727f24f4287d.mp4/playlist.m3u8,https://cheyenne.granicus.com/player/clip/444?view_id=2&redirect=true,https://cheyenne.granicus.com/AgendaViewer.php?view_id=2&clip_id=444,https://cheyenne.granicus.com/MinutesViewer.php?view_id=2&clip_id=444
442,City Council Meeting,"Aug 25, 2014",2014-08-25,1408950000,00h 46m,https://archive-video.granicus.com/cheyenne/cheyenne_c473c0e5-ce1d-4c81-9254-bb1fbe890d21.mp4,https://archive-stream.granicus.com/OnDemand/_definst_/mp4:archive/cheyenne/cheyenne_c473c0e5-ce1d-4c81-9254-bb1fbe890d21.mp4/playlist.m3u8,https://cheyenne.granicus.com/player/clip/442?view_id=2&redirect=true,https://cheyenne.granicus.com/AgendaViewer.php?view_id=2&clip_id=442,https://cheyenne.granicus.com/MinutesViewer.php?view_id=2&clip_id=442
440,City Council Meeting,"Aug 11, 2014",2014-08-11,1407740400,00h 55m,https://archive-video.granicus.com/cheyenne/cheyenne_470d9191-42df-48f2-8d3c-d331d0136f72.mp4,https://archive-stream.granicus.com/OnDemand/_definst_/mp4:archive/cheyenne/cheyenne_470d9191-42df-48f2-8d3c-d331d0136f72.mp4/playlist.m3u8,https://cheyenne.granicus.com/player/clip/440?view_id=2&redirect=true,https://cheyenne.granicus.com/AgendaViewer.php?view_id=2&clip_id=440,https://cheyenne.granicus.com/MinutesViewer.php?view_id=2&clip_id=440
438,City Council Meeting,"Jul 28, 2014",2014-07-28,1406530800,01h 47m,https://archive-video.granicus.com/cheyenne/cheyenne_005ab006-6452-484a-a131-dd1ee7ff694b.mp4,https://archive-stream.granicus.com/OnDemand/_definst_/mp4:archive/cheyenne/cheyenne_005ab006-6452-484a-a131-dd1ee7ff694b.mp4/playlist.m3u8,https://cheyenne.granicus.com/player/clip/438?view_id=2&redirect=true,https://cheyenne.granicus.com/AgendaViewer.php?view_id=2&clip_id=438,https://cheyenne.granicus.com/MinutesViewer.php?view_id=2&clip_id=438
435,City Council Meeting,"Jul 14, 2014",2014-07-14,1405321200,02h 25m,https://archive-video.granicus.com/cheyenne/cheyenne_b5a88944-1f10-48db-8929-8339127eee0b.mp4,https://archive-stream.granicus.com/OnDemand/_definst_/mp4:archive/cheyenne/cheyenne_b5a88944-1f10-48db-8929-8339127eee0b.mp4/playlist.m3u8,https://cheyenne.granicus.com/player/clip/435?view_id=2&redirect=true,https://cheyenne.granicus.com/AgendaViewer.php?view_id=2&clip_id=435,https://cheyenne.granicus.com/MinutesViewer.php?view_id=2&clip_id=435
431,City Council Meeting,"Jun 23, 2014",2014-06-23,1403506800,01h 50m,https://archive-video.granicus.com/cheyenne/cheyenne_5050d833-6153-47f7-8825-4910aa945126.mp4,https://archive-stream.granicus.com/OnDemand/_definst_/mp4:archive/cheyenne/cheyenne_5050d833-6153-47f7-8825-4910aa945126.mp4/playlist.m3u8,https://cheyenne.granicus.com/player/clip/431?view_id=2&redirect=true,https://cheyenne.granicus.com/AgendaViewer.php?view_id=2&clip_id=431,https://cheyenne.granicus.com/MinutesViewer.php?view_id=2&clip_id=431
428,City Council Meeting,"Jun  9, 2014",2014-06-09,1402297200,01h 42m,https://archive-video.granicus.com/cheyenne/cheyenne_608cde62-91cc-43f9-b9ba-ee5f8833a76f.mp4,https://archive-stream.granicus.com/OnDemand/_definst_/mp4:archive/cheyenne/cheyenne_608cde62-91cc-43f9-b9ba-ee5f8833a76f.mp4/playlist.m3u8,https://cheyenne.granicus.com/player/clip/428?view_id=2&redirect=true,https://cheyenne.granicus.com/AgendaViewer.php?view_id=2&clip_id=428,https://cheyenne.granicus.com/MinutesViewer.php?view_id=2&clip_id=428
426,City Council Meeting,"May 27, 2014",2014-05-27,1401174000,01h 20m,https://archive-video.granicus.com/cheyenne/cheyenne_54e53898-b275-454b-aa12-0dd0cba0fe85.mp4,https://archive-stream.granicus.com/OnDemand/_definst_/mp4:archive/cheyenne/cheyenne_54e53898-b275-454b-aa12-0dd0cba0fe85.mp4/playlist.m3u8,https://cheyenne.granicus.com/player/clip/426?view_id=2&redirect=true,https://cheyenne.granicus.com/AgendaViewer.php?view_id=2&clip_id=426,https://cheyenne.granicus.com/MinutesViewer.php?view_id=2&clip_id=426
423,City Council Meeting,"May 12, 2014",2014-05-12,1399878000,00h 47m,https://archive-video.granicus.com/cheyenne/cheyenne_fe826a63-f403-4d23-a45b-42f5545ba677.mp4,https://archive-stream.granicus.com/OnDemand/_definst_/mp4:archive/cheyenne/cheyenne_fe826a63-f403-4d23-a45b-42f5545ba677.mp4/playlist.m3u8,https://cheyenne.granicus.com/player/clip/423?view_id=2&redirect=true,https://cheyenne.granicus.com/AgendaViewer.php?view_id=2&clip_id=423,https://cheyenne.granicus.com/MinutesViewer.php?view_id=2&clip_id=423
421,City Council Meeting,"Apr 28, 2014",2014-04-28,1398668400,00h 56m,https://archive-video.granicus.com/cheyenne/cheyenne_325f046e-a7dc-40a0-8902-3c1e0cb81db1.mp4,https://archive-stream.granicus.com/OnDemand/_definst_/mp4:archive/cheyenne/cheyenne_325f046e-a7dc-40a0-8902-3c1e0cb81db1.mp4/playlist.m3u8,https://cheyenne.granicus.com/player/clip/421?view_id=2&redirect=true,https://cheyenne.granicus.com/AgendaViewer.php?view_id=2&clip_id=421,https://cheyenne.granicus.com/MinutesViewer.php?view_id=2&clip_id=421
420,City Council Meeting,"Apr 14, 2014",2014-04-14,1397458800,02h 28m,https://archive-video.granicus.com/cheyenne/cheyenne_9469fb37-ada3-40e9-a286-21ea90e6f08c.mp4,https://archive-stream.granicus.com/OnDemand/_definst_/mp4:archive/cheyenne/cheyenne_9469fb37-ada3-40e9-a286-21ea90e6f08c.mp4/playlist.m3u8,https://cheyenne.granicus.com/player/clip/420?view_id=2&redirect=true,https://cheyenne.granicus.com/AgendaViewer.php?view_id=2&clip_id=420,https://cheyenne.granicus.com/MinutesViewer.php?view_id=2&clip_id=420
419,City Council Meeting,"Mar 24, 2014",2014-03-24,1395644400,00h 47m,https://archive-video.granicus.com/cheyenne/cheyenne_90ddabd4-d5f7-45ce-be5a-de1aa6334897.mp4,https://archive-stream.granicus.com/OnDemand/_definst_/mp4:archive/cheyenne/cheyenne_90ddabd4-d5f7-45ce-be5a-de1aa6334897.mp4/playlist.m3u8,https://cheyenne.granicus.com/player/clip/419?view_id=2&redirect=true,https://cheyenne.granicus.com/AgendaViewer.php?view_id=2&clip_id=419,https://cheyenne.granicus.com/MinutesViewer.php?view_id=2&clip_id=419
417,City Council Meeting,"Mar 10, 2014",2014-03-10,1394434800,03h 44m,https://archive-video.granicus.com/cheyenne/cheyenne_4b9b6985-219d-4ed3-973c-82ce3fe4e9a9.mp4,https://archive-stream.granicus.com/OnDemand/_definst_/mp4:archive/cheyenne/cheyenne_4b9b6985-219d-4ed3-973c-82ce3fe4e9a9.mp4/playlist.m3u8,https://cheyenne.granicus.com/player/clip/417?view_id=2&redirect=true,https://cheyenne.granicus.com/AgendaViewer.php?view_id=2&clip_id=417,https://cheyenne.granicus.com/MinutesViewer.php?view_id=2&clip_id=417
415,City Council Meeting,"Feb 24, 2014",2014-02-24,1393228800,01h 24m,https://archive-video.granicus.com/cheyenne/cheyenne_d07f09f3-bdbf-42e9-9543-cae19eb0f029.mp4,https://archive-stream.granicus.com/OnDemand/_definst_/mp4:archive/cheyenne/cheyenne_d07f09f3-bdbf-42e9-9543-cae19eb0f029.mp4/playlist.m3u8,https://cheyenne.granicus.com/player/clip/415?view_id=2&redirect=true,https://cheyenne.granicus.com/AgendaViewer.php?view_id=2&clip_id=415,https://cheyenne.granicus.com/MinutesViewer.php?view_id=2&clip_id=415
413,City Council Meeting,"Feb 10, 2014",2014-02-10,1392019200,01h 48m,https://archive-video.granicus.com/cheyenne/cheyenne_94cba638-3871-43fb-b7dc-c7594916cdb2.mp4,https://archive-stream.granicus.com/OnDemand/_definst_/mp4:archive/cheyenne/cheyenne_94cba638-3871-43fb-b7dc-c7594916cdb2.mp4/playlist.m3u8,https://cheyenne.granicus.com/player/clip/413?view_id=2&redirect=true,https://cheyenne.granicus.com/AgendaViewer.php?view_id=2&clip_id=413,https://cheyenne.granicus.com/MinutesViewer.php?view_id=2&clip_id=413
411,City Council Meeting,"Jan 27, 2014",2014-01-27,1390809600,00h 25m,https://archive-video.granicus.com/cheyenne/cheyenne_f85de6cd-5fef-4a02-b517-8271be779c25.mp4,https://archive-stream.granicus.com/OnDemand/_definst_/mp4:archive/cheyenne/cheyenne_f85de6cd-5fef-4a02-b517-8271be779c25.mp4/playlist.m3u8,https://cheyenne.granicus.com/player/clip/411?view_id=2&redirect=true,https://cheyenne.granicus.com/AgendaViewer.php?view_id=2&clip_id=411,https://cheyenne.granicus.com/MinutesViewer.php?view_id=2&clip_id=411
409,City Council Meeting,"Jan 13, 2014",2014-01-13,1389600000,00h 46m,https://archive-video.granicus.com/cheyenne/cheyenne_62dffb76-a20b-4289-8234-a508701329b3.mp4,https://archive-stream.granicus.com/OnDemand/_definst_/mp4:archive/cheyenne/cheyenne_62dffb76-a20b-4289-8234-a508701329b3.mp4/playlist.m3u8,https://cheyenne.granicus.com/player/clip/409?view_id=2&redirect=true,https://cheyenne.granicus.com/AgendaViewer.php?view_id=2&clip_id=409,https://cheyenne.granicus.com/MinutesViewer.php?view_id=2&clip_id=409
406,City Council Meeting,"Dec 23, 2013",2013-12-23,1387785600,02h 24m,https://archive-video.granicus.com/cheyenne/cheyenne_46cac54c-f007-4c75-8cbb-1ed136891d9b.mp4,https://archive-stream.granicus.com/OnDemand/_definst_/mp4:archive/cheyenne/cheyenne_46cac54c-f007-4c75-8cbb-1ed136891d9b.mp4/playlist.m3u8,https://cheyenne.granicus.com/player/clip/406?view_id=2&redirect=true,https://cheyenne.granicus.com/AgendaViewer.php?view_id=2&clip_id=406,https://cheyenne.granicus.com/MinutesViewer.php?view_id=2&clip_id=406
405,City Council Meeting,"Dec  9, 2013",2013-12-09,1386576000,03h 11m,https://archive-video.granicus.com/cheyenne/cheyenne_dac4a12f-78d4-46cd-b8f6-b3ce51387191.mp4,https://archive-stream.granicus.com/OnDemand/_definst_/mp4:archive/cheyenne/cheyenne_dac4a12f-78d4-46cd-b8f6-b3ce51387191.mp4/playlist.m3u8,https://cheyenne.granicus.com/player/clip/405?view_id=2&redirect=true,https://cheyenne.granicus.com/AgendaViewer.php?view_id=2&clip_id=405,https://cheyenne.granicus.com/MinutesViewer.php?view_id=2&clip_id=405
403,City Council Meeting,"Nov 25, 2013",2013-11-25,1385366400,02h 57m,https://archive-video.granicus.com/cheyenne/cheyenne_2620b509-fca3-413c-a3e2-8225380f7577.mp4,https://archive-stream.granicus.com/OnDemand/_definst_/mp4:archive/cheyenne/cheyenne_2620b509-fca3-413c-a3e2-8225380f7577.mp4/playlist.m3u8,https://cheyenne.granicus.com/player/clip/403?view_id=2&redirect=true,https://cheyenne.granicus.com/AgendaViewer.php?view_id=2&clip_id=403,https://cheyenne.granicus.com/MinutesViewer.php?view_id=2&clip_id=403
401,City Council Meeting,"Nov 12, 2013",2013-11-12,1384243200,02h 25m,https://archive-video.granicus.com/cheyenne/cheyenne_d345a14a-d66a-45cb-972d-b62f98d30d51.mp4,https://archive-stream.granicus.com/OnDemand/_definst_/mp4:archive/cheyenne/cheyenne_d345a14a-d66a-45cb-972d-b62f98d30d51.mp4/playlist.m3u8,https://cheyenne.granicus.com/player/clip/401?view_id=2&redirect=true,https://cheyenne.granicus.com/AgendaViewer.php?view_id=2&clip_id=401,https://cheyenne.granicus.com/MinutesViewer.php?view_id=2&clip_id=401
399,City Council Meeting,"Oct 28, 2013",2013-10-28,1382943600,03h 02m,https://archive-video.granicus.com/cheyenne/cheyenne_b7a5764e-9f2f-4101-a5c0-eb5379fd60da.mp4,https://archive-stream.granicus.com/OnDemand/_definst_/mp4:archive/cheyenne/cheyenne_b7a5764e-9f2f-4101-a5c0-eb5379fd60da.mp4/playlist.m3u8,https://cheyenne.granicus.com/player/clip/399?view_id=2&redirect=true,https://cheyenne.granicus.com/AgendaViewer.php?view_id=2&clip_id=399,https://cheyenne.granicus.com/MinutesViewer.php?view_id=2&clip_id=399
397,City Council Meeting,"Oct 14, 2013",2013-10-14,1381734000,02h 05m,https://archive-video.granicus.com/cheyenne/cheyenne_5277ef61-5fb5-49e9-b312-8fcb054de5e6.mp4,https://archive-stream.granicus.com/OnDemand/_definst_/mp4:archive/cheyenne/cheyenne_5277ef61-5fb5-49e9-b312-8fcb054de5e6.mp4/playlist.m3u8,https://cheyenne.granicus.com/player/clip/397?view_id=2&redirect=true,https://cheyenne.granicus.com/AgendaViewer.php?view_id=2&clip_id=397,https://cheyenne.granicus.com/MinutesViewer.php?view_id=2&clip_id=397
395,City Council Meeting,"Sep 23, 2013",2013-09-23,1379919600,02h 15m,https://archive-video.granicus.com/cheyenne/cheyenne_d7cafe7d-0eff-488f-a7d8-e4af84f9579b.mp4,https://archive-stream.granicus.com/OnDemand/_definst_/mp4:archive/cheyenne/cheyenne_d7cafe7d-0eff-488f-a7d8-e4af84f9579b.mp4/playlist.m3u8,https://cheyenne.granicus.com/player/clip/395?view_id=2&redirect=true,https://cheyenne.granicus.com/AgendaViewer.php?view_id=2&clip_id=395,https://cheyenne.granicus.com/MinutesViewer.php?view_id=2&clip_id=395
393,City Council Meeting,"Sep  9, 2013",2013-09-09,1378710000,02h 23m,https://archive-video.granicus.com/cheyenne/cheyenne_4583fd20-5ea0-4690-b020-3eda6e13982d.mp4,https://archive-stream.granicus.com/OnDemand/_definst_/mp4:archive/cheyenne/cheyenne_4583fd20-5ea0-4690-b020-3eda6e13982d.mp4/playlist.m3u8,https://cheyenne.granicus.com/player/clip/393?view_id=2&redirect=true,https://cheyenne.granicus.com/AgendaViewer.php?view_id=2&clip_id=393,https://cheyenne.granicus.com/MinutesViewer.php?view_id=2&clip_id=393
391,City Council Meeting,"Aug 26, 2013",2013-08-26,1377500400,03h 26m,https://archive-video.granicus.com/cheyenne/cheyenne_4e750fce-024a-45b1-8c45-2b7404412716.mp4,https://archive-stream.granicus.com/OnDemand/_definst_/mp4:archive/cheyenne/cheyenne_4e750fce-024a-45b1-8c45-2b7404412716.mp4/playlist.m3u8,https://cheyenne.granicus.com/player/clip/391?view_id=2&redirect=true,https://cheyenne.granicus.com/AgendaViewer.php?view_id=2&clip_id=391,https://cheyenne.granicus.com/MinutesViewer.php?view_id=2&clip_id=391
389,City Council Meeting,"Aug 12, 2013",2013-08-12,1376290800,02h 47m,https://archive-video.granicus.com/cheyenne/cheyenne_ad745ec9-355a-439a-b926-dbcde148d5fd.mp4,https://archive-stream.granicus.com/OnDemand/_definst_/mp4:archive/cheyenne/cheyenne_ad745ec9-355a-439a-b926-dbcde148d5fd.mp4/playlist.m3u8,https://cheyenne.granicus.com/player/clip/389?view_id=2&redirect=true,https://cheyenne.granicus.com/AgendaViewer.php?view_id=2&clip_id=389,https://cheyenne.granicus.com/MinutesViewer.php?view_id=2&clip_id=389
386,City Council Meeting,"Jul 22, 2013",2013-07-22,1374476400,03h 08m,https://archive-video.granicus.com/cheyenne/cheyenne_34640dd5-c4e0-4a92-836e-9d62d47e809e.mp4,https://archive-stream.granicus.com/OnDemand/_definst_/mp4:archive/cheyenne/cheyenne_34640dd5-c4e0-4a92-836e-9d62d47e809e.mp4/playlist.m3u8,https://cheyenne.granicus.com/player/clip/386?view_id=2&redirect=true,https://cheyenne.granicus.com/AgendaViewer.php?view_id=2&clip_id=386,https://cheyenne.granicus.com/MinutesViewer.php?view_id=2&clip_id=386
383,City Council Meeting,"Jul  8, 2013",2013-07-08,1373266800,02h 26m,https://archive-video.granicus.com/cheyenne/cheyenne_ee5b7fd9-0c21-4972-b4cf-87d1ec3a6ddb.mp4,https://archive-stream.granicus.com/OnDemand/_definst_/mp4:archive/cheyenne/cheyenne_ee5b7fd9-0c21-4972-b4cf-87d1ec3a6ddb.mp4/playlist.m3u8,https://cheyenne.granicus.com/player/clip/383?view_id=2&redirect=true,https://cheyenne.granicus.com/AgendaViewer.php?view_id=2&clip_id=383,https://cheyenne.granicus.com/MinutesViewer.php?view_id=2&clip_id=383
381,City Council Meeting,"Jun 24, 2013",2013-06-24,1372057200,02h 08m,https://archive-video.granicus.com/cheyenne/cheyenne_f0ff7e24-47d0-4566-aa6e-408d1106d039.mp4,https://archive-stream.granicus.com/OnDemand/_definst_/mp4:archive/cheyenne/cheyenne_f0ff7e24-47d0-4566-aa6e-408d1106d039.mp4/playlist.m3u8,https://cheyenne.granicus.com/player/clip/381?view_id=2&redirect=true,https://cheyenne.granicus.com/AgendaViewer.php?view_id=2&clip_id=381,https://cheyenne.granicus.com/MinutesViewer.php?view_id=2&clip_id=381
379,City Council Meeting,"Jun 10, 2013",2013-06-10,1370847600,05h 17m,https://archive-video.granicus.com/cheyenne/cheyenne_c78ccbf7-cbbb-44b2-8007-0e87abbff834.mp4,https://archive-stream.granicus.com/OnDemand/_definst_/mp4:archive/cheyenne/cheyenne_c78ccbf7-cbbb-44b2-8007-0e87abbff834.mp4/playlist.m3u8,https://cheyenne.granicus.com/player/clip/379?view_id=2&redirect=true,https://cheyenne.granicus.com/AgendaViewer.php?view_id=2&clip_id=379,https://cheyenne.granicus.com/MinutesViewer.php?view_id=2&clip_id=379
377,City Council Meeting Special Session,"Jun  4, 2013",2013-06-04,1370329200,00h 35m,https://archive-video.granicus.com/cheyenne/cheyenne_743693e5-3fa6-49d3-bddd-52f0eecf365f.mp4,https://archive-stream.granicus.com/OnDemand/_definst_/mp4:archive/cheyenne/cheyenne_743693e5-3fa6-49d3-bddd-52f0eecf365f.mp4/playlist.m3u8,https://cheyenne.granicus.com/player/clip/377?view_id=2&redirect=true,https://cheyenne.granicus.com/AgendaViewer.php?view_id=2&clip_id=377,https://cheyenne.granicus.com/MinutesViewer.php?view_id=2&clip_id=377
375,City Council Meeting,"May 28, 2013",2013-05-28,1369724400,03h 45m,https://archive-video.granicus.com/cheyenne/cheyenne_3776dc81-078d-4bee-8f3d-301639007e31.mp4,https://archive-stream.granicus.com/OnDemand/_definst_/mp4:archive/cheyenne/cheyenne_3776dc81-078d-4bee-8f3d-301639007e31.mp4/playlist.m3u8,https://cheyenne.granicus.com/player/clip/375?view_id=2&redirect=true,https://cheyenne.granicus.com/AgendaViewer.php?view_id=2&clip_id=375,https://cheyenne.granicus.com/MinutesViewer.php?view_id=2&clip_id=375
373,City Council Meeting,"May 13, 2013",2013-05-13,1368428400,00h 09m,https://archive-video.granicus.com/cheyenne/cheyenne_dcc247fa-e826-4b83-83a9-e718be4be09b.mp4,https://archive-stream.granicus.com/OnDemand/_definst_/mp4:archive/cheyenne/cheyenne_dcc247fa-e826-4b83-83a9-e718be4be09b.mp4/playlist.m3u8,https://cheyenne.granicus.com/player/clip/373?view_id=2&redirect=true,https://cheyenne.granicus.com/AgendaViewer.php?view_id=2&clip_id=373,https://cheyenne.granicus.com/MinutesViewer.php?view_id=2&clip_id=373
370,City Council Meeting,"Apr 22, 2013",2013-04-22,1366614000,02h 15m,https://archive-video.granicus.com/cheyenne/cheyenne_3ce611e6-b89d-46c1-8e9f-7a90376f04ad.mp4,https://archive-stream.granicus.com/OnDemand/_definst_/mp4:archive/cheyenne/cheyenne_3ce611e6-b89d-46c1-8e9f-7a90376f04ad.mp4/playlist.m3u8,https://cheyenne.granicus.com/player/clip/370?view_id=2&redirect=true,https://cheyenne.granicus.com/AgendaViewer.php?view_id=2&clip_id=370,https://cheyenne.granicus.com/MinutesViewer.php?view_id=2&clip_id=370
367,City Council Meeting,"Apr  8, 2013",2013-04-08,1365404400,01h 21m,https://archive-video.granicus.com/cheyenne/cheyenne_a3fc7936-293e-4417-8f03-72b652999a4a.mp4,https://archive-stream.granicus.com/OnDemand/_definst_/mp4:archive/cheyenne/cheyenne_a3fc7936-293e-4417-8f03-72b652999a4a.mp4/playlist.m3u8,https://cheyenne.granicus.com/player/clip/367?view_id=2&redirect=true,https://cheyenne.granicus.com/AgendaViewer.php?view_id=2&clip_id=367,https://cheyenne.granicus.com/MinutesViewer.php?view_id=2&clip_id=367
364,City Council Meeting,"Mar 25, 2013",2013-03-25,1364194800,01h 24m,https://archive-video.granicus.com/cheyenne/cheyenne_4ddaa3da-a237-4ddb-b244-0ea49833a888.mp4,https://archive-stream.granicus.com/OnDemand/_definst_/mp4:archive/cheyenne/cheyenne_4ddaa3da-a237-4ddb-b244-0ea49833a888.mp4/playlist.m3u8,https://cheyenne.granicus.com/player/clip/364?view_id=2&redirect=true,https://cheyenne.granicus.com/AgendaViewer.php?view_id=2&clip_id=364,https://cheyenne.granicus.com/MinutesViewer.php?view_id=2&clip_id=364
363,City Council Meeting,"Mar 11, 2013",2013-03-11,1362985200,02h 05m,https://archive-video.granicus.com/cheyenne/cheyenne_eed29678-5b42-4db9-82a2-1c038d245d0b.mp4,https://archive-stream.granicus.com/OnDemand/_definst_/mp4:archive/cheyenne/cheyenne_eed29678-5b42-4db9-82a2-1c038d245d0b.mp4/playlist.m3u8,https://cheyenne.granicus.com/player/clip/363?view_id=2&redirect=true,https://cheyenne.granicus.com/AgendaViewer.php?view_id=2&clip_id=363,https://cheyenne.granicus.com/MinutesViewer.php?view_id=2&clip_id=363
361,City Council Meeting,"Feb 25, 2013",2013-02-25,1361779200,03h 11m,https://archive-video.granicus.com/cheyenne/cheyenne_e5fb8c48-7cc9-4018-8025-d1062d38b785.mp4,https://archive-stream.granicus.com/OnDemand/_definst_/mp4:archive/cheyenne/cheyenne_e5fb8c48-7cc9-4018-8025-d1062d38b785.mp4/playlist.m3u8,https://cheyenne.granicus.com/player/clip/361?view_id=2&redirect=true,https://cheyenne.granicus.com/AgendaViewer.php?view_id=2&clip_id=361,https://cheyenne.granicus.com/MinutesViewer.php?view_id=2&clip_id=361
358,City Council Meeting,"Feb 11, 2013",2013-02-11,1360569600,01h 26m,https://archive-video.granicus.com/cheyenne/cheyenne_e4d952f8-1b15-4602-a0e2-4a050b03f110.mp4,https://archive-stream.granicus.com/OnDemand/_definst_/mp4:archive/cheyenne/cheyenne_e4d952f8-1b15-4602-a0e2-4a050b03f110.mp4/playlist.m3u8,https://cheyenne.granicus.com/player/clip/358?view_id=2&redirect=true,https://cheyenne.granicus.com/AgendaViewer.php?view_id=2&clip_id=358,https://cheyenne.granicus.com/MinutesViewer.php?view_id=2&clip_id=358
356,City Council Meeting,"Jan 28, 2013",2013-01-28,1359360000,00h 39m,https://archive-video.granicus.com/cheyenne/cheyenne_6287c51a-bd1d-442b-b603-11fa1471779c.mp4,https://archive-stream.granicus.com/OnDemand/_definst_/mp4:archive/cheyenne/cheyenne_6287c51a-bd1d-442b-b603-11fa1471779c.mp4/playlist.m3u8,https://cheyenne.granicus.com/player/clip/356?view_id=2&redirect=true,https://cheyenne.granicus.com/AgendaViewer.php?view_id=2&clip_id=356,https://cheyenne.granicus.com/MinutesViewer.php?view_id=2&clip_id=356
354,City Council Meeting,"Jan 14, 2013",2013-01-14,1358150400,00h 38m,https://archive-video.granicus.com/cheyenne/cheyenne_893c94be-8413-417f-8aa4-b9921f3f8624.mp4,https://archive-stream.granicus.com/OnDemand/_definst_/mp4:archive/cheyenne/cheyenne_893c94be-8413-417f-8aa4-b9921f3f8624.mp4/playlist.m3u8,https://cheyenne.granicus.com/player/clip/354?view_id=2&redirect=true,https://cheyenne.granicus.com/AgendaViewer.php?view_id=2&clip_id=354,https://cheyenne.granicus.com/MinutesViewer.php?view_id=2&clip_id=354
352,Sine Die and First Regular Meeting,"Jan 10, 2013",2013-01-10,1357804800,00h 53m,https://archive-video.granicus.com/cheyenne/cheyenne_54166dd6-c04f-4950-a671-d190dd3005bb.mp4,https://archive-stream.granicus.com/OnDemand/_definst_/mp4:archive/cheyenne/cheyenne_54166dd6-c04f-4950-a671-d190dd3005bb.mp4/playlist.m3u8,https://cheyenne.granicus.com/player/clip/352?view_id=2&redirect=true,https://cheyenne.granicus.com/AgendaViewer.php?view_id=2&clip_id=352,https://cheyenne.granicus.com/MinutesViewer.php?view_id=2&clip_id=352
347,City Council Meeting,"Dec 20, 2012",2012-12-20,1355990400,02h 10m,https://archive-video.granicus.com/cheyenne/cheyenne_768119e5-12ff-49da-91ed-b2772b09df43.mp4,https://archive-stream.granicus.com/OnDemand/_definst_/mp4:archive/cheyenne/cheyenne_768119e5-12ff-49da-91ed-b2772b09df43.mp4/playlist.m3u8,https://cheyenne.granicus.com/player/clip/347?view_id=2&redirect=true,https://cheyenne.granicus.com/AgendaViewer.php?view_id=2&clip_id=347,https://cheyenne.granicus.com/MinutesViewer.php?view_id=2&clip_id=347
345,City Council Meeting,"Dec 10, 2012",2012-12-10,1355126400,02h 42m,https://archive-video.granicus.com/cheyenne/cheyenne_d5bd62e6-e0c0-464a-9662-091e0dde9fee.mp4,https://archive-stream.granicus.com/OnDemand/_definst_/mp4:archive/cheyenne/cheyenne_d5bd62e6-e0c0-464a-9662-091e0dde9fee.mp4/playlist.m3u8,https://cheyenne.granicus.com/player/clip/345?view_id=2&redirect=true,https://cheyenne.granicus.com/AgendaViewer.php?view_id=2&clip_id=345,https://cheyenne.granicus.com/MinutesViewer.php?view_id=2&clip_id=345
343,City Council Meeting,"Nov 26, 2012",2012-11-26,1353916800,01h 10m,https://archive-video.granicus.com/cheyenne/cheyenne_8eece0fa-6bde-415b-830e-2a9d2bfe328d.mp4,https://archive-stream.granicus.com/OnDemand/_definst_/mp4:archive/cheyenne/cheyenne_8eece0fa-6bde-415b-830e-2a9d2bfe328d.mp4/playlist.m3u8,https://cheyenne.granicus.com/player/clip/343?view_id=2&redirect=true,https://cheyenne.granicus.com/AgendaViewer.php?view_id=2&clip_id=343,https://cheyenne.granicus.com/MinutesViewer.php?view_id=2&clip_id=343
340,City Council Meeting,"Nov 13, 2012",2012-11-13,1352793600,01h 28m,https://archive-video.granicus.com/cheyenne/cheyenne_95d62bc7-a442-47c6-a6e9-353e3129097a.mp4,https://archive-stream.granicus.com/OnDemand/_definst_/mp4:archive/cheyenne/cheyenne_95d62bc7-a442-47c6-a6e9-353e3129097a.mp4/playlist.m3u8,https://cheyenne.granicus.com/player/clip/340?view_id=2&redirect=true,https://cheyenne.granicus.com/AgendaViewer.php?view_id=2&clip_id=340,https://cheyenne.granicus.com/MinutesViewer.php?view_id=2&clip_id=340
337,City Council Meeting,"Oct 22, 2012",2012-10-22,1350889200,01h 15m,https://archive-video.granicus.com/cheyenne/cheyenne_12310cd6-6f74-400a-81c2-03e9ea1a0cb8.mp4,https://archive-stream.granicus.com/OnDemand/_definst_/mp4:archive/cheyenne/cheyenne_12310cd6-6f74-400a-81c2-03e9ea1a0cb8.mp4/playlist.m3u8,https://cheyenne.granicus.com/player/clip/337?view_id=2&redirect=true,https://cheyenne.granicus.com/AgendaViewer.php?view_id=2&clip_id=337,https://cheyenne.granicus.com/MinutesViewer.php?view_id=2&clip_id=337
335,City Council Meeting,"Oct  8, 2012",2012-10-08,1349679600,00h 55m,https://archive-video.granicus.com/cheyenne/cheyenne_09686bba-1538-458e-8338-90cf01a1760a.mp4,https://archive-stream.granicus.com/OnDemand/_definst_/mp4:archive/cheyenne/cheyenne_09686bba-1538-458e-8338-90cf01a1760a.mp4/playlist.m3u8,https://cheyenne.granicus.com/player/clip/335?view_id=2&redirect=true,https://cheyenne.granicus.com/AgendaViewer.php?view_id=2&clip_id=335,https://cheyenne.granicus.com/MinutesViewer.php?view_id=2&clip_id=335
333,City Council Meeting,"Sep 24, 2012",2012-09-24,1348470000,02h 06m,https://archive-video.granicus.com/cheyenne/cheyenne_8798513d-e378-4b39-a25b-5b07ca48a6c4.mp4,https://archive-stream.granicus.com/OnDemand/_definst_/mp4:archive/cheyenne/cheyenne_8798513d-e378-4b39-a25b-5b07ca48a6c4.mp4/playlist.m3u8,https://cheyenne.granicus.com/player/clip/333?view_id=2&redirect=true,https://cheyenne.granicus.com/AgendaViewer.php?view_id=2&clip_id=333,https://cheyenne.granicus.com/MinutesViewer.php?view_id=2&clip_id=333
331,City Council Meeting,"Sep 10, 2012",2012-09-10,1347260400,04h 29m,https://archive-video.granicus.com/cheyenne/cheyenne_70f9be97-a900-41ee-922e-fae3eb25a83f.mp4,https://archive-stream.granicus.com/OnDemand/_definst_/mp4:archive/cheyenne/cheyenne_70f9be97-a900-41ee-922e-fae3eb25a83f.mp4/playlist.m3u8,https://cheyenne.granicus.com/player/clip/331?view_id=2&redirect=true,https://cheyenne.granicus.com/AgendaViewer.php?view_id=2&clip_id=331,https://cheyenne.granicus.com/MinutesViewer.php?view_id=2&clip_id=331
326,City Council Meeting,"Aug 27, 2012",2012-08-27,1346050800,01h 22m,https://archive-video.granicus.com/cheyenne/cheyenne_73c04f61-834c-4751-b7b1-977ba3805b25.mp4,https://archive-stream.granicus.com/OnDemand/_definst_/mp4:archive/cheyenne/cheyenne_73c04f61-834c-4751-b7b1-977ba3805b25.mp4/playlist.m3u8,https://cheyenne.granicus.com/player/clip/326?view_id=2&redirect=true,https://cheyenne.granicus.com/AgendaViewer.php?view_id=2&clip_id=326,https://cheyenne.granicus.com/MinutesViewer.php?view_id=2&clip_id=326
324,City Council Meeting,"Aug 13, 2012",2012-08-13,1344841200,00h 30m,https://archive-video.granicus.com/cheyenne/cheyenne_c1d47233-93aa-49f9-b11f-3da8ca1b800e.mp4,https://archive-stream.granicus.com/OnDemand/_definst_/mp4:archive/cheyenne/cheyenne_c1d47233-93aa-49f9-b11f-3da8ca1b800e.mp4/playlist.m3u8,https://cheyenne.granicus.com/player/clip/324?view_id=2&redirect=true,https://cheyenne.granicus.com/AgendaViewer.php?view_id=2&clip_id=324,https://cheyenne.granicus.com/MinutesViewer.php?view_id=2&clip_id=324
321,City Council Meeting,"Jul 23, 2012",2012-07-23,1343026800,01h 18m,https://archive-video.granicus.com/cheyenne/cheyenne_779dd10f-2540-4589-9f41-8801ad6ae590.mp4,https://archive-stream.granicus.com/OnDemand/_definst_/mp4:archive/cheyenne/cheyenne_779dd10f-2540-4589-9f41-8801ad6ae590.mp4/playlist.m3u8,https://cheyenne.granicus.com/player/clip/321?view_id=2&redirect=true,https://cheyenne.granicus.com/AgendaViewer.php?view_id=2&clip_id=321,https://cheyenne.granicus.com/MinutesViewer.php?view_id=2&clip_id=321
314,City Council Meeting,"Jul  9, 2012",2012-07-09,1341817200,01h 35m,https://archive-video.granicus.com/cheyenne/cheyenne_b953936c-85f4-46b2-976f-bc2937574137.mp4,https://archive-stream.granicus.com/OnDemand/_definst_/mp4:archive/cheyenne/cheyenne_b953936c-85f4-46b2-976f-bc2937574137.mp4/playlist.m3u8,https://cheyenne.granicus.com/player/clip/314?view_id=2&redirect=true,https://cheyenne.granicus.com/AgendaViewer.php?view_id=2&clip_id=314,https://cheyenne.granicus.com/MinutesViewer.php?view_id=2&clip_id=314
311,"City Council June 25, 2012","Jun 28, 2012",2012-06-28,1340866800,00h 45m,https://archive-video.granicus.com/cheyenne/cheyenne_b7a78e73-fcf4-4ef4-9448-3352257139b6.mp4,https://archive-stream.granicus.com/OnDemand/_definst_/mp4:archive/cheyenne/cheyenne_b7a78e73-fcf4-4ef4-9448-3352257139b6.mp4/playlist.m3u8,https://cheyenne.granicus.com/player/clip/311?view_id=2&redirect=true,https://cheyenne.granicus.com/AgendaViewer.php?view_id=2&clip_id=311,https://cheyenne.granicus.com/MinutesViewer.php?view_id=2&clip_id=311
306,Budget Hearing/Special Session of the Governing Body,"Jun 19, 2012",2012-06-19,1340089200,00h 21m,https://archive-video.granicus.com/cheyenne/cheyenne_a80eb26c-cb49-44ff-9d44-5f1863d4ae7c.mp4,https://archive-stream.granicus.com/OnDemand/_definst_/mp4:archive/cheyenne/cheyenne_a80eb26c-cb49-44ff-9d44-5f1863d4ae7c.mp4/playlist.m3u8,https://cheyenne.granicus.com/player/clip/306?view_id=2&redirect=true,https://cheyenne.granicus.com/AgendaViewer.php?view_id=2&clip_id=306,https://cheyenne.granicus.com/MinutesViewer.php?view_id=2&clip_id=306
301,City Council Meeting,"Jun 11, 2012",2012-06-11,1339398000,00h 58m,https://archive-video.granicus.com/cheyenne/cheyenne_d20195ca-8c3b-4dbd-a2b5-95722fbd3013.mp4,https://archive-stream.granicus.com/OnDemand/_definst_/mp4:archive/cheyenne/cheyenne_d20195ca-8c3b-4dbd-a2b5-95722fbd3013.mp4/playlist.m3u8,https://cheyenne.granicus.com/player/clip/301?view_id=2&redirect=true,https://cheyenne.granicus.com/AgendaViewer.php?view_id=2&clip_id=301,https://cheyenne.granicus.com/MinutesViewer.php?view_id=2&clip_id=301
297,City Council Meeting,"May 29, 2012",2012-05-29,1338274800,01h 30m,https://archive-video.granicus.com/cheyenne/cheyenne_1cbfd832-13fb-4feb-b72e-b4b23c42b7b5.mp4,https://archive-stream.granicus.com/OnDemand/_definst_/mp4:archive/cheyenne/cheyenne_1cbfd832-13fb-4feb-b72e-b4b23c42b7b5.mp4/playlist.m3u8,https://cheyenne.granicus.com/player/clip/297?view_id=2&redirect=true,https://cheyenne.granicus.com/AgendaViewer.php?view_id=2&clip_id=297,https://cheyenne.granicus.com/MinutesViewer.php?view_id=2&clip_id=297
295,City Council Meeting,"May 14, 2012",2012-05-14,1336978800,01h 18m,https://archive-video.granicus.com/cheyenne/cheyenne_800d3fbe-3783-452e-902e-b62ab3261d4c.mp4,https://archive-stream.granicus.com/OnDemand/_definst_/mp4:archive/cheyenne/cheyenne_800d3fbe-3783-452e-902e-b62ab3261d4c.mp4/playlist.m3u8,https://cheyenne.granicus.com/player/clip/295?view_id=2&redirect=true,https://cheyenne.granicus.com/AgendaViewer.php?view_id=2&clip_id=295,https://cheyenne.granicus.com/MinutesViewer.php?view_id=2&clip_id=295
293,City Council Meeting,"Apr 23, 2012",2012-04-23,1335164400,00h 17m,https://archive-video.granicus.com/cheyenne/cheyenne_99eb6fcb-db5d-482b-be0f-32fcbe8ef48c.mp4,https://archive-stream.granicus.com/OnDemand/_definst_/mp4:archive/cheyenne/cheyenne_99eb6fcb-db5d-482b-be0f-32fcbe8ef48c.mp4/playlist.m3u8,https://cheyenne.granicus.com/player/clip/293?view_id=2&redirect=true,https://cheyenne.granicus.com/AgendaViewer.php?view_id=2&clip_id=293,https://cheyenne.granicus.com/MinutesViewer.php?view_id=2&clip_id=293
291,City Council Meeting,"Apr  9, 2012",2012-04-09,1333954800,01h 07m,https://archive-video.granicus.com/cheyenne/cheyenne_95f5e549-0668-4c0c-a86d-ee8d9f27749d.mp4,https://archive-stream.granicus.com/OnDemand/_definst_/mp4:archive/cheyenne/cheyenne_95f5e549-0668-4c0c-a86d-ee8d9f27749d.mp4/playlist.m3u8,https://cheyenne.granicus.com/player/clip/291?view_id=2&redirect=true,https://cheyenne.granicus.com/AgendaViewer.php?view_id=2&clip_id=291,https://cheyenne.granicus.com/MinutesViewer.php?view_id=2&clip_id=291
289,City Council Meeting,"Mar 26, 2012",2012-03-26,1332745200,01h 25m,https://archive-video.granicus.com/cheyenne/cheyenne_ea38cb27-08c3-4edf-923d-f7b8cd25f491.mp4,https://archive-stream.granicus.com/OnDemand/_definst_/mp4:archive/cheyenne/cheyenne_ea38cb27-08c3-4edf-923d-f7b8cd25f491.mp4/playlist.m3u8,https://cheyenne.granicus.com/player/clip/289?view_id=2&redirect=true,https://cheyenne.granicus.com/AgendaViewer.php?view_id=2&clip_id=289,https://cheyenne.granicus.com/MinutesViewer.php?view_id=2&clip_id=289
286,"City Council Meeting March 12, 2012","Mar 12, 2012",2012-03-12,1331535600,01h 43m,https://archive-video.granicus.com/cheyenne/cheyenne_fb0692e3-5c7a-483c-ac64-ae20a1be6abb.mp4,https://archive-stream.granicus.com/OnDemand/_definst_/mp4:archive/cheyenne/cheyenne_fb0692e3-5c7a-483c-ac64-ae20a1be6abb.mp4/playlist.m3u8,https://cheyenne.granicus.com/player/clip/286?view_id=2&redirect=true,https://cheyenne.granicus.com/AgendaViewer.php?view_id=2&clip_id=286,https://cheyenne.granicus.com/MinutesViewer.php?view_id=2&clip_id=286
279,City Council Meeting,"Feb 27, 2012",2012-02-27,1330329600,03h 52m,https://archive-video.granicus.com/cheyenne/cheyenne_43865500-af5a-40d7-8c60-ce4935a92798.mp4,https://archive-stream.granicus.com/OnDemand/_definst_/mp4:archive/cheyenne/cheyenne_43865500-af5a-40d7-8c60-ce4935a92798.mp4/playlist.m3u8,https://cheyenne.granicus.com/player/clip/279?view_id=2&redirect=true,https://cheyenne.granicus.com/AgendaViewer.php?view_id=2&clip_id=279,https://cheyenne.granicus.com/MinutesViewer.php?view_id=2&clip_id=279
277,City Council Meeting,"Feb 13, 2012",2012-02-13,1329120000,00h 59m,https://archive-video.granicus.com/cheyenne/cheyenne_334cac51-e739-4f2a-b7d6-33e0c757c6a7.mp4,https://archive-stream.granicus.com/OnDemand/_definst_/mp4:archive/cheyenne/cheyenne_334cac51-e739-4f2a-b7d6-33e0c757c6a7.mp4/playlist.m3u8,https://cheyenne.granicus.com/player/clip/277?view_id=2&redirect=true,https://cheyenne.granicus.com/AgendaViewer.php?view_id=2&clip_id=277,https://cheyenne.granicus.com/MinutesViewer.php?view_id=2&clip_id=277
274,Special Meeting of the Governing Body,"Feb  2, 2012",2012-02-02,1328169600,00h 16m,https://archive-video.granicus.com/cheyenne/cheyenne_523286e1-74a0-4778-b568-14ed8aa105cf.mp4,https://archive-stream.granicus.com/OnDemand/_definst_/mp4:archive/cheyenne/cheyenne_523286e1-74a0-4778-b568-14ed8aa105cf.mp4/playlist.m3u8,https://cheyenne.granicus.com/player/clip/274?view_id=2&redirect=true,https://cheyenne.granicus.com/AgendaViewer.php?view_id=2&clip_id=274,https://cheyenne.granicus.com/MinutesViewer.php?view_id=2&clip_id=274
272,City Council Meeting,"Jan 23, 2012",2012-01-23,1327305600,00h 46m,https://archive-video.granicus.com/cheyenne/cheyenne_bc42e7ae-3e80-4478-836f-adff71a1a17f.mp4,https://archive-stream.granicus.com/OnDemand/_definst_/mp4:archive/cheyenne/cheyenne_bc42e7ae-3e80-4478-836f-adff71a1a17f.mp4/playlist.m3u8,https://cheyenne.granicus.com/player/clip/272?view_id=2&redirect=true,https://cheyenne.granicus.com/AgendaViewer.php?view_id=2&clip_id=272,https://cheyenne.granicus.com/MinutesViewer.php?view_id=2&clip_id=272
270,City Council Meeting,"Jan  9, 2012",2012-01-09,1326096000,02h 14m,https://archive-video.granicus.com/cheyenne/cheyenne_ceba191b-81aa-42a1-be3a-e840b9bd459d.mp4,https://archive-stream.granicus.com/OnDemand/_definst_/mp4:archive/cheyenne/cheyenne_ceba191b-81aa-42a1-be3a-e840b9bd459d.mp4/playlist.m3u8,https://cheyenne.granicus.com/player/clip/270?view_id=2&redirect=true,https://cheyenne.granicus.com/AgendaViewer.php?view_id=2&clip_id=270,https://cheyenne.granicus.com/MinutesViewer.php?view_id=2&clip_id=270
257,City Council Meeting,"Dec 27, 2011",2011-12-27,1324972800,01h 16m,https://archive-video.granicus.com/cheyenne/cheyenne_5d88ee78-8ecf-4237-b591-a98f16d86bd6.mp4,https://archive-stream.granicus.com/OnDemand/_definst_/mp4:archive/cheyenne/cheyenne_5d88ee78-8ecf-4237-b591-a98f16d86bd6.mp4/playlist.m3u8,https://cheyenne.granicus.com/player/clip/257?view_id=2&redirect=true,https://cheyenne.granicus.com/AgendaViewer.php?view_id=2&clip_id=257,https://cheyenne.granicus.com/MinutesViewer.php?view_id=2&clip_id=257
254,City Council Meeting,"Dec 12, 2011",2011-12-12,1323676800,02h 39m,https://archive-video.granicus.com/cheyenne/cheyenne_9af0363b-8291-41c6-97a6-79e97e31bfa6.mp4,https://archive-stream.granicus.com/OnDemand/_definst_/mp4:archive/cheyenne/cheyenne_9af0363b-8291-41c6-97a6-79e97e31bfa6.mp4/playlist.m3u8,https://cheyenne.granicus.com/player/clip/254?view_id=2&redirect=true,https://cheyenne.granicus.com/AgendaViewer.php?view_id=2&clip_id=254,https://cheyenne.granicus.com/MinutesViewer.php?view_id=2&clip_id=254
252,City Council Meeting,"Nov 28, 2011",2011-11-28,1322467200,03h 30m,https://archive-video.granicus.com/cheyenne/cheyenne_e244b9b9-1700-4229-8a01-ec3c40bee5ee.mp4,https://archive-stream.granicus.com/OnDemand/_definst_/mp4:archive/cheyenne/cheyenne_e244b9b9-1700-4229-8a01-ec3c40bee5ee.mp4/playlist.m3u8,https://cheyenne.granicus.com/player/clip/252?view_id=2&redirect=true,https://cheyenne.granicus.com/AgendaViewer.php?view_id=2&clip_id=252,https://cheyenne.granicus.com/MinutesViewer.php?view_id=2&clip_id=252
250,City Council Meeting,"Nov 14, 2011",2011-11-14,1321257600,03h 17m,https://archive-video.granicus.com/cheyenne/cheyenne_e51efd54-bd42-4820-b7f4-c4f0c5920cb1.mp4,https://archive-stream.granicus.com/OnDemand/_definst_/mp4:archive/cheyenne/cheyenne_e51efd54-bd42-4820-b7f4-c4f0c5920cb1.mp4/playlist.m3u8,https://cheyenne.granicus.com/player/clip/250?view_id=2&redirect=true,https://cheyenne.granicus.com/AgendaViewer.php?view_id=2&clip_id=250,https://cheyenne.granicus.com/MinutesViewer.php?view_id=2&clip_id=250
248,City Council Meeting,"Oct 24, 2011",2011-10-24,1319439600,01h 41m,https://archive-video.granicus.com/cheyenne/cheyenne_f11ad679-efb4-4b23-9d5f-cb7027d9cedd.mp4,https://archive-stream.granicus.com/OnDemand/_definst_/mp4:archive/cheyenne/cheyenne_f11ad679-efb4-4b23-9d5f-cb7027d9cedd.mp4/playlist.m3u8,https://cheyenne.granicus.com/player/clip/248?view_id=2&redirect=true,https://cheyenne.granicus.com/AgendaViewer.php?view_id=2&clip_id=248,https://cheyenne.granicus.com/MinutesViewer.php?view_id=2&clip_id=248
246,City Council Meeting,"Oct 10, 2011",2011-10-10,1318230000,00h 59m,https://archive-video.granicus.com/cheyenne/cheyenne_1de79315-c4bb-427d-bb1e-e52f1a787a3f.mp4,https://archive-stream.granicus.com/OnDemand/_definst_/mp4:archive/cheyenne/cheyenne_1de79315-c4bb-427d-bb1e-e52f1a787a3f.mp4/playlist.m3u8,https://cheyenne.granicus.com/player/clip/246?view_id=2&redirect=true,https://cheyenne.granicus.com/AgendaViewer.php?view_id=2&clip_id=246,https://cheyenne.granicus.com/MinutesViewer.php?view_id=2&clip_id=246
244,City Council Meeting,"Sep 26, 2011",2011-09-26,1317020400,03h 05m,https://archive-video.granicus.com/cheyenne/cheyenne_7102ecea-08aa-48c4-9057-dc946130de7e.mp4,https://archive-stream.granicus.com/OnDemand/_definst_/mp4:archive/cheyenne/cheyenne_7102ecea-08aa-48c4-9057-dc946130de7e.mp4/playlist.m3u8,https://cheyenne.granicus.com/player/clip/244?view_id=2&redirect=true,https://cheyenne.granicus.com/AgendaViewer.php?view_id=2&clip_id=244,https://cheyenne.granicus.com/MinutesViewer.php?view_id=2&clip_id=244
242,City Council Meeting,"Sep 12, 2011",2011-09-12,1315810800,01h 03m,https://archive-video.granicus.com/cheyenne/cheyenne_f54e2f82-c7e3-4984-917f-26b129fb2ae4.mp4,https://archive-stream.granicus.com/OnDemand/_definst_/mp4:archive/cheyenne/cheyenne_f54e2f82-c7e3-4984-917f-26b129fb2ae4.mp4/playlist.m3u8,https://cheyenne.granicus.com/player/clip/242?view_id=2&redirect=true,https://cheyenne.granicus.com/AgendaViewer.php?view_id=2&clip_id=242,https://cheyenne.granicus.com/MinutesViewer.php?view_id=2&clip_id=242
240,City Council Meeting,"Aug 22, 2011",2011-08-22,1313996400,00h 40m,https://archive-video.granicus.com/cheyenne/cheyenne_a0fd6095-5cf0-4249-a76a-f7867095f782.mp4,https://archive-stream.granicus.com/OnDemand/_definst_/mp4:archive/cheyenne/cheyenne_a0fd6095-5cf0-4249-a76a-f7867095f782.mp4/playlist.m3u8,https://cheyenne.granicus.com/player/clip/240?view_id=2&redirect=true,https://cheyenne.granicus.com/AgendaViewer.php?view_id=2&clip_id=240,https://cheyenne.granicus.com/MinutesViewer.php?view_id=2&clip_id=240
238,City Council Meeting,"Aug  8, 2011",2011-08-08,1312786800,01h 30m,https://archive-video.granicus.com/cheyenne/cheyenne_e1c439b4-45c9-403b-afab-552eee76e19f.mp4,https://archive-stream.granicus.com/OnDemand/_definst_/mp4:archive/cheyenne/cheyenne_e1c439b4-45c9-403b-afab-552eee76e19f.mp4/playlist.m3u8,https://cheyenne.granicus.com/player/clip/238?view_id=2&redirect=true,https://cheyenne.granicus.com/AgendaViewer.php?view_id=2&clip_id=238,https://cheyenne.granicus.com/MinutesViewer.php?view_id=2&clip_id=238
236,City Council Meeting,"Jul 25, 2011",2011-07-25,1311577200,00h 47m,https://archive-video.granicus.com/cheyenne/cheyenne_1de4706a-d143-4363-a7da-3eeaefa6a71f.mp4,https://archive-stream.granicus.com/OnDemand/_definst_/mp4:archive/cheyenne/cheyenne_1de4706a-d143-4363-a7da-3eeaefa6a71f.mp4/playlist.m3u8,https://cheyenne.granicus.com/player/clip/236?view_id=2&redirect=true,https://cheyenne.granicus.com/AgendaViewer.php?view_id=2&clip_id=236,https://cheyenne.granicus.com/MinutesViewer.php?view_id=2&clip_id=236
232,City Council Meeting,"Jul 11, 2011",2011-07-11,1310367600,01h 00m,https://archive-video.granicus.com/cheyenne/cheyenne_3c8becb9-ff7e-4452-8d32-f64db3d53b9d.mp4,https://archive-stream.granicus.com/OnDemand/_definst_/mp4:archive/cheyenne/cheyenne_3c8becb9-ff7e-4452-8d32-f64db3d53b9d.mp4/playlist.m3u8,https://cheyenne.granicus.com/player/clip/232?view_id=2&redirect=true,https://cheyenne.granicus.com/AgendaViewer.php?view_id=2&clip_id=232,https://cheyenne.granicus.com/MinutesViewer.php?view_id=2&clip_id=232
230,City Council Meeting,"Jun 27, 2011",2011-06-27,1309158000,01h 48m,https://archive-video.granicus.com/cheyenne/cheyenne_862ee5e9-be66-45a5-a4e7-15453612777c.mp4,https://archive-stream.granicus.com/OnDemand/_definst_/mp4:archive/cheyenne/cheyenne_862ee5e9-be66-45a5-a4e7-15453612777c.mp4/playlist.m3u8,https://cheyenne.granicus.com/player/clip/230?view_id=2&redirect=true,https://cheyenne.granicus.com/AgendaViewer.php?view_id=2&clip_id=230,https://cheyenne.granicus.com/MinutesViewer.php?view_id=2&clip_id=230
228,Budget Hearing/Special Session of the Governing Body,"Jun 20, 2011",2011-06-20,1308553200,02h 39m,https://archive-video.granicus.com/cheyenne/cheyenne_f4042693-8bdc-465b-b92d-8bc4d8bd9b3a.mp4,https://archive-stream.granicus.com/OnDemand/_definst_/mp4:archive/cheyenne/cheyenne_f4042693-8bdc-465b-b92d-8bc4d8bd9b3a.mp4/playlist.m3u8,https://cheyenne.granicus.com/player/clip/228?view_id=2&redirect=true,https://cheyenne.granicus.com/AgendaViewer.php?view_id=2&clip_id=228,https://cheyenne.granicus.com/MinutesViewer.php?view_id=2&clip_id=228
224,City Council Meeting,"Jun 13, 2011",2011-06-13,1307948400,04h 21m,https://archive-video.granicus.com/cheyenne/cheyenne_c2c264c6-4219-482f-9703-6f92cd72f79f.mp4,https://archive-stream.granicus.com/OnDemand/_definst_/mp4:archive/cheyenne/cheyenne_c2c264c6-4219-482f-9703-6f92cd72f79f.mp4/playlist.m3u8,https://cheyenne.granicus.com/player/clip/224?view_id=2&redirect=true,https://cheyenne.granicus.com/AgendaViewer.php?view_id=2&clip_id=224,https://cheyenne.granicus.com/MinutesViewer.php?view_id=2&clip_id=224
220,City Council Meeting,"May 23, 2011",2011-05-23,1306134000,03h 11m,https://archive-video.granicus.com/cheyenne/cheyenne_8153a2f6-666d-4b75-aecf-68b36d664e61.mp4,https://archive-stream.granicus.com/OnDemand/_definst_/mp4:archive/cheyenne/cheyenne_8153a2f6-666d-4b75-aecf-68b36d664e61.mp4/playlist.m3u8,https://cheyenne.granicus.com/player/clip/220?view_id=2&redirect=true,https://cheyenne.granicus.com/AgendaViewer.php?view_id=2&clip_id=220,https://cheyenne.granicus.com/MinutesViewer.php?view_id=2&clip_id=220
217,City Council Meeting,"May  9, 2011",2011-05-09,1304924400,01h 01m,https://archive-video.granicus.com/cheyenne/cheyenne_efba0c3c-cfd0-4610-960d-b28c458e5ef0.mp4,https://archive-stream.granicus.com/OnDemand/_definst_/mp4:archive/cheyenne/cheyenne_efba0c3c-cfd0-4610-960d-b28c458e5ef0.mp4/playlist.m3u8,https://cheyenne.granicus.com/player/clip/217?view_id=2&redirect=true,https://cheyenne.granicus.com/AgendaViewer.php?view_id=2&clip_id=217,https://cheyenne.granicus.com/MinutesViewer.php?view_id=2&clip_id=217
215,City Council Meeting,"Apr 25, 2011",2011-04-25,1303714800,00h 55m,https://archive-video.granicus.com/cheyenne/cheyenne_cbd371b9-92f1-4ccb-8e93-14e5bb1ddfb4.mp4,https://archive-stream.granicus.com/OnDemand/_definst_/mp4:archive/cheyenne/cheyenne_cbd371b9-92f1-4ccb-8e93-14e5bb1ddfb4.mp4/playlist.m3u8,https://cheyenne.granicus.com/player/clip/215?view_id=2&redirect=true,https://cheyenne.granicus.com/AgendaViewer.php?view_id=2&clip_id=215,https://cheyenne.granicus.com/MinutesViewer.php?view_id=2&clip_id=215
213,City Council Meeting,"Apr 11, 2011",2011-04-11,1302505200,03h 41m,https://archive-video.granicus.com/cheyenne/cheyenne_e2c5cb62-b2c5-4f98-8f72-a377adfaed70.mp4,https://archive-stream.granicus.com/OnDemand/_definst_/mp4:archive/cheyenne/cheyenne_e2c5cb62-b2c5-4f98-8f72-a377adfaed70.mp4/playlist.m3u8,https://cheyenne.granicus.com/player/clip/213?view_id=2&redirect=true,https://cheyenne.granicus.com/AgendaViewer.php?view_id=2&clip_id=213,https://cheyenne.granicus.com/MinutesViewer.php?view_id=2&clip_id=213
211,City Council Meeting,"Mar 28, 2011",2011-03-28,1301295600,02h 11m,https://archive-video.granicus.com/cheyenne/cheyenne_c6db6b60-3c80-4748-92b8-d905004b139b.mp4,https://archive-stream.granicus.com/OnDemand/_definst_/mp4:archive/cheyenne/cheyenne_c6db6b60-3c80-4748-92b8-d905004b139b.mp4/playlist.m3u8,https://cheyenne.granicus.com/player/clip/211?view_id=2&redirect=true,https://cheyenne.granicus.com/AgendaViewer.php?view_id=2&clip_id=211,https://cheyenne.granicus.com/MinutesViewer.php?view_id=2&clip_id=211
208,City Council Meeting,"Mar 14, 2011",2011-03-14,1300086000,03h 20m,https://archive-video.granicus.com/cheyenne/cheyenne_f28f6d4a-aee0-46d2-8333-38e925a119f5.mp4,https://archive-stream.granicus.com/OnDemand/_definst_/mp4:archive/cheyenne/cheyenne_f28f6d4a-aee0-46d2-8333-38e925a119f5.mp4/playlist.m3u8,https://cheyenne.granicus.com/player/clip/208?view_id=2&redirect=true,https://cheyenne.granicus.com/AgendaViewer.php?view_id=2&clip_id=208,https://cheyenne.granicus.com/MinutesViewer.php?view_id=2&clip_id=208
204,City Council Meeting,"Feb 28, 2011",2011-02-28,1298880000,03h 11m,https://archive-video.granicus.com/cheyenne/cheyenne_a6923e76-4dcc-4345-84d3-a5d2d4a1a48c.mp4,https://archive-stream.granicus.com/OnDemand/_definst_/mp4:archive/cheyenne/cheyenne_a6923e76-4dcc-4345-84d3-a5d2d4a1a48c.mp4/playlist.m3u8,https://cheyenne.granicus.com/player/clip/204?view_id=2&redirect=true,https://cheyenne.granicus.com/AgendaViewer.php?view_id=2&clip_id=204,https://cheyenne.granicus.com/MinutesViewer.php?view_id=2&clip_id=204
202,City Council Meeting,"Feb 14, 2011",2011-02-14,1297670400,01h 32m,https://archive-video.granicus.com/cheyenne/cheyenne_12604f6d-3787-4d03-85e6-64861ce99450.mp4,https://archive-stream.granicus.com/OnDemand/_definst_/mp4:archive/cheyenne/cheyenne_12604f6d-3787-4d03-85e6-64861ce99450.mp4/playlist.m3u8,https://cheyenne.granicus.com/player/clip/202?view_id=2&redirect=true,https://cheyenne.granicus.com/AgendaViewer.php?view_id=2&clip_id=202,https://cheyenne.granicus.com/MinutesViewer.php?view_id=2&clip_id=202
200,City Council Meeting,"Jan 24, 2011",2011-01-24,1295856000,01h 44m,https://archive-video.granicus.com/cheyenne/cheyenne_86907d50-c76e-4a74-b7cf-28b5cf9df0f2.mp4,https://archive-stream.granicus.com/OnDemand/_definst_/mp4:archive/cheyenne/cheyenne_86907d50-c76e-4a74-b7cf-28b5cf9df0f2.mp4/playlist.m3u8,https://cheyenne.granicus.com/player/clip/200?view_id=2&redirect=true,https://cheyenne.granicus.com/AgendaViewer.php?view_id=2&clip_id=200,https://cheyenne.granicus.com/MinutesViewer.php?view_id=2&clip_id=200
198,City Council Meeting,"Jan 10, 2011",2011-01-10,1294646400,00h 19m,https://archive-video.granicus.com/cheyenne/cheyenne_d378ae86-f723-45ff-aa80-0296233c6a69.mp4,https://archive-stream.granicus.com/OnDemand/_definst_/mp4:archive/cheyenne/cheyenne_d378ae86-f723-45ff-aa80-0296233c6a69.mp4/playlist.m3u8,https://cheyenne.granicus.com/player/clip/198?view_id=2&redirect=true,https://cheyenne.granicus.com/AgendaViewer.php?view_id=2&clip_id=198,https://cheyenne.granicus.com/MinutesViewer.php?view_id=2&clip_id=198
193,Sine Die Meeting,"Jan  3, 2011",2011-01-03,1294041600,00h 10m,https://archive-video.granicus.com/cheyenne/cheyenne_a2772780-3fb1-48b1-b6a2-998b95747019.mp4,https://archive-stream.granicus.com/OnDemand/_definst_/mp4:archive/cheyenne/cheyenne_a2772780-3fb1-48b1-b6a2-998b95747019.mp4/playlist.m3u8,https://cheyenne.granicus.com/player/clip/193?view_id=2&redirect=true,https://cheyenne.granicus.com/AgendaViewer.php?view_id=2&clip_id=193,https://cheyenne.granicus.com/MinutesViewer.php?view_id=2&clip_id=193
195,First Regular Meeting of the Governing Body,"Jan  3, 2011",2011-01-03,1294041600,00h 15m,https://archive-video.granicus.com/cheyenne/cheyenne_abad3bf4-67cf-4066-b185-65a24f7e0c8e.mp4,https://archive-stream.granicus.com/OnDemand/_definst_/mp4:archive/cheyenne/cheyenne_abad3bf4-67cf-4066-b185-65a24f7e0c8e.mp4/playlist.m3u8,https://cheyenne.granicus.com/player/clip/195?view_id=2&redirect=true,https://cheyenne.granicus.com/AgendaViewer.php?view_id=2&clip_id=195,https://cheyenne.granicus.com/MinutesViewer.php?view_id=2&clip_id=195
191,City Council,"Dec 22, 2010",2010-12-22,1293004800,00h 17m,https://archive-video.granicus.com/cheyenne/cheyenne_0ec89c57-30b6-4299-a297-9f23dc48f770.mp4,https://archive-stream.granicus.com/OnDemand/_definst_/mp4:archive/cheyenne/cheyenne_0ec89c57-30b6-4299-a297-9f23dc48f770.mp4/playlist.m3u8,https://cheyenne.granicus.com/player/clip/191?view_id=2&redirect=true,https://cheyenne.granicus.com/AgendaViewer.php?view_id=2&clip_id=191,https://cheyenne.granicus.com/MinutesViewer.php?view_id=2&clip_id=191
189,City Council,"Dec 13, 2010",2010-12-13,1292227200,01h 31m,https://archive-video.granicus.com/cheyenne/cheyenne_db6b06db-15a7-4aa4-8367-58acfd403669.mp4,https://archive-stream.granicus.com/OnDemand/_definst_/mp4:archive/cheyenne/cheyenne_db6b06db-15a7-4aa4-8367-58acfd403669.mp4/playlist.m3u8,https://cheyenne.granicus.com/player/clip/189?view_id=2&redirect=true,https://cheyenne.granicus.com/AgendaViewer.php?view_id=2&clip_id=189,https://cheyenne.granicus.com/MinutesViewer.php?view_id=2&clip_id=189
186,City Council,"Nov 22, 2010",2010-11-22,1290412800,01h 03m,https://archive-video.granicus.com/cheyenne/cheyenne_ec01bf0b-6c16-40c8-9dcb-911748387b69.mp4,https://archive-stream.granicus.com/OnDemand/_definst_/mp4:archive/cheyenne/cheyenne_ec01bf0b-6c16-40c8-9dcb-911748387b69.mp4/playlist.m3u8,https://cheyenne.granicus.com/player/clip/186?view_id=2&redirect=true,https://cheyenne.granicus.com/AgendaViewer.php?view_id=2&clip_id=186,https://cheyenne.granicus.com/MinutesViewer.php?view_id=2&clip_id=186
181,City Council,"Nov  8, 2010",2010-11-08,1289203200,00h 51m,https://archive-video.granicus.com/cheyenne/cheyenne_a75f75f0-26c0-44e8-b261-ec0c470fd5b4.mp4,https://archive-stream.granicus.com/OnDemand/_definst_/mp4:archive/cheyenne/cheyenne_a75f75f0-26c0-44e8-b261-ec0c470fd5b4.mp4/playlist.m3u8,https://cheyenne.granicus.com/player/clip/181?view_id=2&redirect=true,https://cheyenne.granicus.com/AgendaViewer.php?view_id=2&clip_id=181,https://cheyenne.granicus.com/MinutesViewer.php?view_id=2&clip_id=181
179,City Council,"Oct 25, 2010",2010-10-25,1287990000,01h 47m,https://archive-video.granicus.com/cheyenne/cheyenne_cc8fd7cc-bfe0-4454-ae8b-f005a3ae4cf5.mp4,https://archive-stream.granicus.com/OnDemand/_definst_/mp4:archive/cheyenne/cheyenne_cc8fd7cc-bfe0-4454-ae8b-f005a3ae4cf5.mp4/playlist.m3u8,https://cheyenne.granicus.com/player/clip/179?view_id=2&redirect=true,https://cheyenne.granicus.com/AgendaViewer.php?view_id=2&clip_id=179,https://cheyenne.granicus.com/MinutesViewer.php?view_id=2&clip_id=179
177,City Council,"Oct 11, 2010",2010-10-11,1286780400,01h 15m,https://archive-video.granicus.com/cheyenne/cheyenne_93a035ae-3e47-4503-b3b7-b1ae070dc05f.mp4,https://archive-stream.granicus.com/OnDemand/_definst_/mp4:archive/cheyenne/cheyenne_93a035ae-3e47-4503-b3b7-b1ae070dc05f.mp4/playlist.m3u8,https://cheyenne.granicus.com/player/clip/177?view_id=2&redirect=true,https://cheyenne.granicus.com/AgendaViewer.php?view_id=2&clip_id=177,https://cheyenne.granicus.com/MinutesViewer.php?view_id=2&clip_id=177
175,City Council,"Sep 27, 2010",2010-09-27,1285570800,01h 54m,https://archive-video.granicus.com/cheyenne/cheyenne_54b058b2-b483-4c48-8c9e-6df51a28c9bb.mp4,https://archive-stream.granicus.com/OnDemand/_definst_/mp4:archive/cheyenne/cheyenne_54b058b2-b483-4c48-8c9e-6df51a28c9bb.mp4/playlist.m3u8,https://cheyenne.granicus.com/player/clip/175?view_id=2&redirect=true,https://cheyenne.granicus.com/AgendaViewer.php?view_id=2&clip_id=175,https://cheyenne.granicus.com/MinutesViewer.php?view_id=2&clip_id=175
173,City Council,"Sep 13, 2010",2010-09-13,1284361200,00h 47m,https://archive-video.granicus.com/cheyenne/cheyenne_5abbf2ae-9476-48a9-af0e-0bfe70c502b6.mp4,https://archive-stream.granicus.com/OnDemand/_definst_/mp4:archive/cheyenne/cheyenne_5abbf2ae-9476-48a9-af0e-0bfe70c502b6.mp4/playlist.m3u8,https://cheyenne.granicus.com/player/clip/173?view_id=2&redirect=true,https://cheyenne.granicus.com/AgendaViewer.php?view_id=2&clip_id=173,https://cheyenne.granicus.com/MinutesViewer.php?view_id=2&clip_id=173
170,City Council,"Aug 23, 2010",2010-08-23,1282546800,00h 35m,https://archive-video.granicus.com/cheyenne/cheyenne_344b921c-079f-4b47-ae4a-d1e52fe4a36c.mp4,https://archive-stream.granicus.com/OnDemand/_definst_/mp4:archive/cheyenne/cheyenne_344b921c-079f-4b47-ae4a-d1e52fe4a36c.mp4/playlist.m3u8,https://cheyenne.granicus.com/player/clip/170?view_id=2&redirect=true,https://cheyenne.granicus.com/AgendaViewer.php?view_id=2&clip_id=170,https://cheyenne.granicus.com/MinutesViewer.php?view_id=2&clip_id=170
168,City Council,"Aug  9, 2010",2010-08-09,1281337200,00h 20m,https://archive-video.granicus.com/cheyenne/cheyenne_bebff321-5a3b-4fde-ad34-649b640c1269.mp4,https://archive-stream.granicus.com/OnDemand/_definst_/mp4:archive/cheyenne/cheyenne_bebff321-5a3b-4fde-ad34-649b640c1269.mp4/playlist.m3u8,https://cheyenne.granicus.com/player/clip/168?view_id=2&redirect=true,https://cheyenne.granicus.com/AgendaViewer.php?view_id=2&clip_id=168,https://cheyenne.granicus.com/MinutesViewer.php?view_id=2&clip_id=168
164,City Council,"Jul 26, 2010",2010-07-26,1280127600,01h 11m,https://archive-video.granicus.com/cheyenne/cheyenne_832b6920-53bf-41fd-93b7-f952fa810899.mp4,https://archive-stream.granicus.com/OnDemand/_definst_/mp4:archive/cheyenne/cheyenne_832b6920-53bf-41fd-93b7-f952fa810899.mp4/playlist.m3u8,https://cheyenne.granicus.com/player/clip/164?view_id=2&redirect=true,https://cheyenne.granicus.com/AgendaViewer.php?view_id=2&clip_id=164,https://cheyenne.granicus.com/MinutesViewer.php?view_id=2&clip_id=164
162,City Council,"Jul 12, 2010",2010-07-12,1278918000,02h 36m,https://archive-video.granicus.com/cheyenne/cheyenne_1b965aad-2e9f-4a41-98a7-404cb606088e.mp4,https://archive-stream.granicus.com/OnDemand/_definst_/mp4:archive/cheyenne/cheyenne_1b965aad-2e9f-4a41-98a7-404cb606088e.mp4/playlist.m3u8,https://cheyenne.granicus.com/player/clip/162?view_id=2&redirect=true,https://cheyenne.granicus.com/AgendaViewer.php?view_id=2&clip_id=162,https://cheyenne.granicus.com/MinutesViewer.php?view_id=2&clip_id=162
160,City Council,"Jun 28, 2010",2010-06-28,1277708400,02h 01m,https://archive-video.granicus.com/cheyenne/cheyenne_9a2c7df4-eedb-4054-9c61-caf50a913f2a.mp4,https://archive-stream.granicus.com/OnDemand/_definst_/mp4:archive/cheyenne/cheyenne_9a2c7df4-eedb-4054-9c61-caf50a913f2a.mp4/playlist.m3u8,https://cheyenne.granicus.com/player/clip/160?view_id=2&redirect=true,https://cheyenne.granicus.com/AgendaViewer.php?view_id=2&clip_id=160,https://cheyenne.granicus.com/MinutesViewer.php?view_id=2&clip_id=160
158,City Council,"Jun 14, 2010",2010-06-14,1276498800,02h 48m,https://archive-video.granicus.com/cheyenne/cheyenne_c617fa90-5d85-4bc3-9969-5d773a4e4ab2.mp4,https://archive-stream.granicus.com/OnDemand/_definst_/mp4:archive/cheyenne/cheyenne_c617fa90-5d85-4bc3-9969-5d773a4e4ab2.mp4/playlist.m3u8,https://cheyenne.granicus.com/player/clip/158?view_id=2&redirect=true,https://cheyenne.granicus.com/AgendaViewer.php?view_id=2&clip_id=158,https://cheyenne.granicus.com/MinutesViewer.php?view_id=2&clip_id=158
155,City Council,"May 24, 2010",2010-05-24,1274684400,02h 50m,https://archive-video.granicus.com/cheyenne/cheyenne_74f52bd8-c5a7-4e07-a4e0-623e71d59986.mp4,https://archive-stream.granicus.com/OnDemand/_definst_/mp4:archive/cheyenne/cheyenne_74f52bd8-c5a7-4e07-a4e0-623e71d59986.mp4/playlist.m3u8,https://cheyenne.granicus.com/player/clip/155?view_id=2&redirect=true,https://cheyenne.granicus.com/AgendaViewer.php?view_id=2&clip_id=155,https://cheyenne.granicus.com/MinutesViewer.php?view_id=2&clip_id=155
152,City Council,"May 10, 2010",2010-05-10,1273474800,00h 37m,https://archive-video.granicus.com/cheyenne/cheyenne_f5ed0c76-e3c4-49d3-aceb-e150811590a5.mp4,https://archive-stream.granicus.com/OnDemand/_definst_/mp4:archive/cheyenne/cheyenne_f5ed0c76-e3c4-49d3-aceb-e150811590a5.mp4/playlist.m3u8,https://cheyenne.granicus.com/player/clip/152?view_id=2&redirect=true,https://cheyenne.granicus.com/AgendaViewer.php?view_id=2&clip_id=152,https://cheyenne.granicus.com/MinutesViewer.php?view_id=2&clip_id=152
150,City Council,"Apr 26, 2010",2010-04-26,1272265200,02h 08m,https://archive-video.granicus.com/cheyenne/cheyenne_1f8e0668-c1fa-4b75-9c63-81573b981d47.mp4,https://archive-stream.granicus.com/OnDemand/_definst_/mp4:archive/cheyenne/cheyenne_1f8e0668-c1fa-4b75-9c63-81573b981d47.mp4/playlist.m3u8,https://cheyenne.granicus.com/player/clip/150?view_id=2&redirect=true,https://cheyenne.granicus.com/AgendaViewer.php?view_id=2&clip_id=150,https://cheyenne.granicus.com/MinutesViewer.php?view_id=2&clip_id=150
148,City Council,"Apr 12, 2010",2010-04-12,1271055600,01h 40m,https://archive-video.granicus.com/cheyenne/cheyenne_abfacea2-5c55-493e-ad02-b5f3f0a12bcf.mp4,https://archive-stream.granicus.com/OnDemand/_definst_/mp4:archive/cheyenne/cheyenne_abfacea2-5c55-493e-ad02-b5f3f0a12bcf.mp4/playlist.m3u8,https://cheyenne.granicus.com/player/clip/148?view_id=2&redirect=true,https://cheyenne.granicus.com/AgendaViewer.php?view_id=2&clip_id=148,https://cheyenne.granicus.com/MinutesViewer.php?view_id=2&clip_id=148
146,City Council,"Mar 22, 2010",2010-03-22,1269241200,01h 18m,https://archive-video.granicus.com/cheyenne/cheyenne_74821e70-43fe-48ae-8441-a8b76ccda534.mp4,https://archive-stream.granicus.com/OnDemand/_definst_/mp4:archive/cheyenne/cheyenne_74821e70-43fe-48ae-8441-a8b76ccda534.mp4/playlist.m3u8,https://cheyenne.granicus.com/player/clip/146?view_id=2&redirect=true,https://cheyenne.granicus.com/AgendaViewer.php?view_id=2&clip_id=146,https://cheyenne.granicus.com/MinutesViewer.php?view_id=2&clip_id=146
144,City Council,"Mar  8, 2010",2010-03-08,1268035200,01h 08m,https://archive-video.granicus.com/cheyenne/cheyenne_acec6d4a-8c03-4307-947d-c10413670f75.mp4,https://archive-stream.granicus.com/OnDemand/_definst_/mp4:archive/cheyenne/cheyenne_acec6d4a-8c03-4307-947d-c10413670f75.mp4/playlist.m3u8,https://cheyenne.granicus.com/player/clip/144?view_id=2&redirect=true,https://cheyenne.granicus.com/AgendaViewer.php?view_id=2&clip_id=144,https://cheyenne.granicus.com/MinutesViewer.php?view_id=2&clip_id=144
142,City Council,"Feb 22, 2010",2010-02-22,1266825600,02h 13m,https://archive-video.granicus.com/cheyenne/cheyenne_03f4683c-6a1b-4623-ba54-d129a46e13d4.mp4,https://archive-stream.granicus.com/OnDemand/_definst_/mp4:archive/cheyenne/cheyenne_03f4683c-6a1b-4623-ba54-d129a46e13d4.mp4/playlist.m3u8,https://cheyenne.granicus.com/player/clip/142?view_id=2&redirect=true,https://cheyenne.granicus.com/AgendaViewer.php?view_id=2&clip_id=142,https://cheyenne.granicus.com/MinutesViewer.php?view_id=2&clip_id=142
140,City Council,"Feb  8, 2010",2010-02-08,1265616000,00h 22m,https://archive-video.granicus.com/cheyenne/cheyenne_44d85ccc-7008-45e7-af10-bad42c833436.mp4,https://archive-stream.granicus.com/OnDemand/_definst_/mp4:archive/cheyenne/cheyenne_44d85ccc-7008-45e7-af10-bad42c833436.mp4/playlist.m3u8,https://cheyenne.granicus.com/player/clip/140?view_id=2&redirect=true,https://cheyenne.granicus.com/AgendaViewer.php?view_id=2&clip_id=140,https://cheyenne.granicus.com/MinutesViewer.php?view_id=2&clip_id=140
137,City Council,"Jan 25, 2010",2010-01-25,1264406400,01h 36m,https://archive-video.granicus.com/cheyenne/cheyenne_23bb02f3-79cf-48d3-8878-5949880262f4.mp4,https://archive-stream.granicus.com/OnDemand/_definst_/mp4:archive/cheyenne/cheyenne_23bb02f3-79cf-48d3-8878-5949880262f4.mp4/playlist.m3u8,https://cheyenne.granicus.com/player/clip/137?view_id=2&redirect=true,https://cheyenne.granicus.com/AgendaViewer.php?view_id=2&clip_id=137,https://cheyenne.granicus.com/MinutesViewer.php?view_id=2&clip_id=137
135,City Council,"Jan 11, 2010",2010-01-11,1263196800,02h 55m,https://archive-video.granicus.com/cheyenne/cheyenne_11fcb7bb-fb55-49e5-9ae4-a3d5b8d41365.mp4,https://archive-stream.granicus.com/OnDemand/_definst_/mp4:archive/cheyenne/cheyenne_11fcb7bb-fb55-49e5-9ae4-a3d5b8d41365.mp4/playlist.m3u8,https://cheyenne.granicus.com/player/clip/135?view_id=2&redirect=true,https://cheyenne.granicus.com/AgendaViewer.php?view_id=2&clip_id=135,https://cheyenne.granicus.com/MinutesViewer.php?view_id=2&clip_id=135
131,City Council,"Dec 28, 2009",2009-12-28,1261987200,03h 42m,https://archive-video.granicus.com/cheyenne/cheyenne_95ac6e20-d5b1-4989-84ac-395980da45a5.mp4,https://archive-stream.granicus.com/OnDemand/_definst_/mp4:archive/cheyenne/cheyenne_95ac6e20-d5b1-4989-84ac-395980da45a5.mp4/playlist.m3u8,https://cheyenne.granicus.com/player/clip/131?view_id=2&redirect=true,https://cheyenne.granicus.com/AgendaViewer.php?view_id=2&clip_id=131,https://cheyenne.granicus.com/MinutesViewer.php?view_id=2&clip_id=131
127,City Council,"Dec 14, 2009",2009-12-14,1260777600,03h 15m,https://archive-video.granicus.com/cheyenne/cheyenne_57b30029-35a6-4ccc-8046-4fb7f582cba0.mp4,https://archive-stream.granicus.com/OnDemand/_definst_/mp4:archive/cheyenne/cheyenne_57b30029-35a6-4ccc-8046-4fb7f582cba0.mp4/playlist.m3u8,https://cheyenne.granicus.com/player/clip/127?view_id=2&redirect=true,https://cheyenne.granicus.com/AgendaViewer.php?view_id=2&clip_id=127,https://cheyenne.granicus.com/MinutesViewer.php?view_id=2&clip_id=127
123,City Council,"Nov 23, 2009",2009-11-23,1258963200,02h 10m,https://archive-video.granicus.com/cheyenne/cheyenne_669c890c-e839-4309-aa2a-c7d6c69a351e.mp4,https://archive-stream.granicus.com/OnDemand/_definst_/mp4:archive/cheyenne/cheyenne_669c890c-e839-4309-aa2a-c7d6c69a351e.mp4/playlist.m3u8,https://cheyenne.granicus.com/player/clip/123?view_id=2&redirect=true,https://cheyenne.granicus.com/AgendaViewer.php?view_id=2&clip_id=123,https://cheyenne.granicus.com/MinutesViewer.php?view_id=2&clip_id=123
121,City Council,"Nov  9, 2009",2009-11-09,1257753600,01h 53m,https://archive-video.granicus.com/cheyenne/cheyenne_a570c2c6-5b47-4b37-b2cd-57ccb7595976.mp4,https://archive-stream.granicus.com/OnDemand/_definst_/mp4:archive/cheyenne/cheyenne_a570c2c6-5b47-4b37-b2cd-57ccb7595976.mp4/playlist.m3u8,https://cheyenne.granicus.com/player/clip/121?view_id=2&redirect=true,https://cheyenne.granicus.com/AgendaViewer.php?view_id=2&clip_id=121,https://cheyenne.granicus.com/MinutesViewer.php?view_id=2&clip_id=121
119,City Council,"Oct 26, 2009",2009-10-26,1256540400,00h 56m,https://archive-video.granicus.com/cheyenne/cheyenne_0e16b117-5824-4c54-b5d3-680c4293842b.mp4,https://archive-stream.granicus.com/OnDemand/_definst_/mp4:archive/cheyenne/cheyenne_0e16b117-5824-4c54-b5d3-680c4293842b.mp4/playlist.m3u8,https://cheyenne.granicus.com/player/clip/119?view_id=2&redirect=true,https://cheyenne.granicus.com/AgendaViewer.php?view_id=2&clip_id=119,https://cheyenne.granicus.com/MinutesViewer.php?view_id=2&clip_id=119
117,City Council,"Oct 12, 2009",2009-10-12,1255330800,01h 53m,https://archive-video.granicus.com/cheyenne/cheyenne_be8e4b9f-8a46-4af9-b727-746012652775.mp4,https://archive-stream.granicus.com/OnDemand/_definst_/mp4:archive/cheyenne/cheyenne_be8e4b9f-8a46-4af9-b727-746012652775.mp4/playlist.m3u8,https://cheyenne.granicus.com/player/clip/117?view_id=2&redirect=true,https://cheyenne.granicus.com/AgendaViewer.php?view_id=2&clip_id=117,https://cheyenne.granicus.com/MinutesViewer.php?view_id=2&clip_id=117
115,City Council,"Sep 28, 2009",2009-09-28,1254121200,00h 45m,https://archive-video.granicus.com/cheyenne/cheyenne_7322d58a-2a70-41d6-91b5-fb0357fa44ac.mp4,https://archive-stream.granicus.com/OnDemand/_definst_/mp4:archive/cheyenne/cheyenne_7322d58a-2a70-41d6-91b5-fb0357fa44ac.mp4/playlist.m3u8,https://cheyenne.granicus.com/player/clip/115?view_id=2&redirect=true,https://cheyenne.granicus.com/AgendaViewer.php?view_id=2&clip_id=115,https://cheyenne.granicus.com/MinutesViewer.php?view_id=2&clip_id=115
111,Rededication Ceremony Vietnam Memorial,"Sep 14, 2009",2009-09-14,1252911600,00h 12m,https://archive-video.granicus.com/cheyenne/cheyenne_c17ca0c2-30c7-4556-b9ed-6674acd19820.mp4,https://archive-stream.granicus.com/OnDemand/_definst_/mp4:archive/cheyenne/cheyenne_c17ca0c2-30c7-4556-b9ed-6674acd19820.mp4/playlist.m3u8,https://cheyenne.granicus.com/player/clip/111?view_id=2&redirect=true,,
110,City Council,"Sep 14, 2009",2009-09-14,1252911600,03h 42m,https://archive-video.granicus.com/cheyenne/cheyenne_c8c3993b-5e06-4aa0-883e-b0719761bfcb.mp4,https://archive-stream.granicus.com/OnDemand/_definst_/mp4:archive/cheyenne/cheyenne_c8c3993b-5e06-4aa0-883e-b0719761bfcb.mp4/playlist.m3u8,https://cheyenne.granicus.com/player/clip/110?view_id=2&redirect=true,https://cheyenne.granicus.com/AgendaViewer.php?view_id=2&clip_id=110,https://cheyenne.granicus.com/MinutesViewer.php?view_id=2&clip_id=110
107,City Council,"Aug 24, 2009",2009-08-24,1251097200,01h 20m,https://archive-video.granicus.com/cheyenne/cheyenne_4158bc02-058c-4a87-9f6c-2c9d35e9ef96.mp4,https://archive-stream.granicus.com/OnDemand/_definst_/mp4:archive/cheyenne/cheyenne_4158bc02-058c-4a87-9f6c-2c9d35e9ef96.mp4/playlist.m3u8,https://cheyenne.granicus.com/player/clip/107?view_id=2&redirect=true,https://cheyenne.granicus.com/AgendaViewer.php?view_id=2&clip_id=107,https://cheyenne.granicus.com/MinutesViewer.php?view_id=2&clip_id=107
105,City Council,"Aug 10, 2009",2009-08-10,1249887600,00h 50m,https://archive-video.granicus.com/cheyenne/cheyenne_9c3a4200-24c5-4d09-b192-7da2bb244883.mp4,https://archive-stream.granicus.com/OnDemand/_definst_/mp4:archive/cheyenne/cheyenne_9c3a4200-24c5-4d09-b192-7da2bb244883.mp4/playlist.m3u8,https://cheyenne.granicus.com/player/clip/105?view_id=2&redirect=true,https://cheyenne.granicus.com/AgendaViewer.php?view_id=2&clip_id=105,https://cheyenne.granicus.com/MinutesViewer.php?view_id=2&clip_id=105
102,City Council,"Jul 27, 2009",2009-07-27,1248678000,00h 57m,https://archive-video.granicus.com/cheyenne/cheyenne_5df08781-832a-447c-9ac4-50ab483d6b7b.mp4,https://archive-stream.granicus.com/OnDemand/_definst_/mp4:archive/cheyenne/cheyenne_5df08781-832a-447c-9ac4-50ab483d6b7b.mp4/playlist.m3u8,https://cheyenne.granicus.com/player/clip/102?view_id=2&redirect=true,https://cheyenne.granicus.com/AgendaViewer.php?view_id=2&clip_id=102,https://cheyenne.granicus.com/MinutesViewer.php?view_id=2&clip_id=102
100,City Council,"Jul 13, 2009",2009-07-13,1247468400,01h 04m,https://archive-video.granicus.com/cheyenne/cheyenne_e25eaa69-d53c-49d8-a0be-6bf13b70c08e.mp4,https://archive-stream.granicus.com/OnDemand/_definst_/mp4:archive/cheyenne/cheyenne_e25eaa69-d53c-49d8-a0be-6bf13b70c08e.mp4/playlist.m3u8,https://cheyenne.granicus.com/player/clip/100?view_id=2&redirect=true,https://cheyenne.granicus.com/AgendaViewer.php?view_id=2&clip_id=100,https://cheyenne.granicus.com/MinutesViewer.php?view_id=2&clip_id=100
98,City Council,"Jun 22, 2009",2009-06-22,1245654000,01h 36m,https://archive-video.granicus.com/cheyenne/cheyenne_910611eb-a438-42bf-a1ed-56baabca0523.mp4,https://archive-stream.granicus.com/OnDemand/_definst_/mp4:archive/cheyenne/cheyenne_910611eb-a438-42bf-a1ed-56baabca0523.mp4/playlist.m3u8,https://cheyenne.granicus.com/player/clip/98?view_id=2&redirect=true,https://cheyenne.granicus.com/AgendaViewer.php?view_id=2&clip_id=98,https://cheyenne.granicus.com/MinutesViewer.php?view_id=2&clip_id=98
95,City Council,"Jun  8, 2009",2009-06-08,1244444400,04h 45m,https://archive-video.granicus.com/cheyenne/cheyenne_e337d55a-7d4a-45ad-a3f7-1b3f4e870839.mp4,https://archive-stream.granicus.com/OnDemand/_definst_/mp4:archive/cheyenne/cheyenne_e337d55a-7d4a-45ad-a3f7-1b3f4e870839.mp4/playlist.m3u8,https://cheyenne.granicus.com/player/clip/95?view_id=2&redirect=true,https://cheyenne.granicus.com/AgendaViewer.php?view_id=2&clip_id=95,https://cheyenne.granicus.com/MinutesViewer.php?view_id=2&clip_id=95
93,City Council,"May 26, 2009",2009-05-26,1243321200,03h 14m,https://archive-video.granicus.com/cheyenne/cheyenne_e4fd8a0b-5300-49fa-9683-e1e3c0eb9be8.mp4,https://archive-stream.granicus.com/OnDemand/_definst_/mp4:archive/cheyenne/cheyenne_e4fd8a0b-5300-49fa-9683-e1e3c0eb9be8.mp4/playlist.m3u8,https://cheyenne.granicus.com/player/clip/93?view_id=2&redirect=true,https://cheyenne.granicus.com/AgendaViewer.php?view_id=2&clip_id=93,https://cheyenne.granicus.com/MinutesViewer.php?view_id=2&clip_id=93
91,City Council,"May 11, 2009",2009-05-11,1242025200,00h 43m,https://archive-video.granicus.com/cheyenne/cheyenne_44b1adb3-a25e-4c90-afb4-66e5cbe7b015.mp4,https://archive-stream.granicus.com/OnDemand/_definst_/mp4:archive/cheyenne/cheyenne_44b1adb3-a25e-4c90-afb4-66e5cbe7b015.mp4/playlist.m3u8,https://cheyenne.granicus.com/player/clip/91?view_id=2&redirect=true,https://cheyenne.granicus.com/AgendaViewer.php?view_id=2&clip_id=91,https://cheyenne.granicus.com/MinutesViewer.php?view_id=2&clip_id=91
88,City Council,"Apr 27, 2009",2009-04-27,1240815600,03h 36m,https://archive-video.granicus.com/cheyenne/cheyenne_5cf5b040-ffb3-4476-8251-2f198717d1f9.mp4,https://archive-stream.granicus.com/OnDemand/_definst_/mp4:archive/cheyenne/cheyenne_5cf5b040-ffb3-4476-8251-2f198717d1f9.mp4/playlist.m3u8,https://cheyenne.granicus.com/player/clip/88?view_id=2&redirect=true,https://cheyenne.granicus.com/AgendaViewer.php?view_id=2&clip_id=88,https://cheyenne.granicus.com/MinutesViewer.php?view_id=2&clip_id=88
86,Cheyenne City Council Special Session,"Apr 14, 2009",2009-04-14,1239692400,00h 02m,https://archive-video.granicus.com/cheyenne/cheyenne_f0cf9be8-bb1c-41e2-b2c7-65cc4d497732.mp4,https://archive-stream.granicus.com/OnDemand/_definst_/mp4:archive/cheyenne/cheyenne_f0cf9be8-bb1c-41e2-b2c7-65cc4d497732.mp4/playlist.m3u8,https://cheyenne.granicus.com/player/clip/86?view_id=2&redirect=true,https://cheyenne.granicus.com/AgendaViewer.php?view_id=2&clip_id=86,https://cheyenne.granicus.com/MinutesViewer.php?view_id=2&clip_id=86
84,Cheyenne City Council,"Apr 13, 2009",2009-04-13,1239606000,00h 34m,https://archive-video.granicus.com/cheyenne/cheyenne_05711396-4411-4947-9610-b26f2cec9a80.mp4,https://archive-stream.granicus.com/OnDemand/_definst_/mp4:archive/cheyenne/cheyenne_05711396-4411-4947-9610-b26f2cec9a80.mp4/playlist.m3u8,https://cheyenne.granicus.com/player/clip/84?view_id=2&redirect=true,https://cheyenne.granicus.com/AgendaViewer.php?view_id=2&clip_id=84,https://cheyenne.granicus.com/MinutesViewer.php?view_id=2&clip_id=84
82,Cheyenne City Council,"Mar 23, 2009",2009-03-23,1237791600,03h 14m,https://archive-video.granicus.com/cheyenne/cheyenne_726df7b9-f666-4e17-b03d-eb9927d30e7c.mp4,https://archive-stream.granicus.com/OnDemand/_definst_/mp4:archive/cheyenne/cheyenne_726df7b9-f666-4e17-b03d-eb9927d30e7c.mp4/playlist.m3u8,https://cheyenne.granicus.com/player/clip/82?view_id=2&redirect=true,https://cheyenne.granicus.com/AgendaViewer.php?view_id=2&clip_id=82,https://cheyenne.granicus.com/MinutesViewer.php?view_id=2&clip_id=82
79,Cheyenne City Council,"Mar  9, 2009",2009-03-09,1236582000,02h 28m,https://archive-video.granicus.com/cheyenne/cheyenne_d27c0886-c954-4388-9f17-1b44dbe0d717.mp4,https://archive-stream.granicus.com/OnDemand/_definst_/mp4:archive/cheyenne/cheyenne_d27c0886-c954-4388-9f17-1b44dbe0d717.mp4/playlist.m3u8,https://cheyenne.granicus.com/player/clip/79?view_id=2&redirect=true,https://cheyenne.granicus.com/AgendaViewer.php?view_id=2&clip_id=79,https://cheyenne.granicus.com/MinutesViewer.php?view_id=2&clip_id=79
77,Cheyenne City Council,"Feb 23, 2009",2009-02-23,1235376000,01h 52m,https://archive-video.granicus.com/cheyenne/cheyenne_841ea1ca-cfb0-4f5e-a100-44193ae4f505.mp4,https://archive-stream.granicus.com/OnDemand/_definst_/mp4:archive/cheyenne/cheyenne_841ea1ca-cfb0-4f5e-a100-44193ae4f505.mp4/playlist.m3u8,https://cheyenne.granicus.com/player/clip/77?view_id=2&redirect=true,https://cheyenne.granicus.com/AgendaViewer.php?view_id=2&clip_id=77,https://cheyenne.granicus.com/MinutesViewer.php?view_id=2&clip_id=77
75,Cheyenne City Council,"Feb  9, 2009",2009-02-09,1234166400,01h 19m,https://archive-video.granicus.com/cheyenne/cheyenne_144619b6-f4a9-4368-8cc5-8905b8fb7bc0.mp4,https://archive-stream.granicus.com/OnDemand/_definst_/mp4:archive/cheyenne/cheyenne_144619b6-f4a9-4368-8cc5-8905b8fb7bc0.mp4/playlist.m3u8,https://cheyenne.granicus.com/player/clip/75?view_id=2&redirect=true,https://cheyenne.granicus.com/AgendaViewer.php?view_id=2&clip_id=75,https://cheyenne.granicus.com/MinutesViewer.php?view_id=2&clip_id=75
73,Cheyenne City Council,"Jan 26, 2009",2009-01-26,1232956800,00h 27m,https://archive-video.granicus.com/cheyenne/cheyenne_9b5dd543-5e3a-44e9-a5bc-37928c0c03ac.mp4,https://archive-stream.granicus.com/OnDemand/_definst_/mp4:archive/cheyenne/cheyenne_9b5dd543-5e3a-44e9-a5bc-37928c0c03ac.mp4/playlist.m3u8,https://cheyenne.granicus.com/player/clip/73?view_id=2&redirect=true,https://cheyenne.granicus.com/AgendaViewer.php?view_id=2&clip_id=73,https://cheyenne.granicus.com/MinutesViewer.php?view_id=2&clip_id=73
70,Cheyenne City Council,"Jan 12, 2009",2009-01-12,1231747200,02h 14m,https://archive-video.granicus.com/cheyenne/cheyenne_9e45e1a4-c4db-4d57-b448-43f04e6c80ee.mp4,https://archive-stream.granicus.com/OnDemand/_definst_/mp4:archive/cheyenne/cheyenne_9e45e1a4-c4db-4d57-b448-43f04e6c80ee.mp4/playlist.m3u8,https://cheyenne.granicus.com/player/clip/70?view_id=2&redirect=true,https://cheyenne.granicus.com/AgendaViewer.php?view_id=2&clip_id=70,https://cheyenne.granicus.com/MinutesViewer.php?view_id=2&clip_id=70
63,Sine Die Meeting,"Jan  5, 2009",2009-01-05,1231142400,00h 12m,https://archive-video.granicus.com/cheyenne/cheyenne_d2fe0d42-266c-4d37-9c3b-cb0aeab08e64.mp4,https://archive-stream.granicus.com/OnDemand/_definst_/mp4:archive/cheyenne/cheyenne_d2fe0d42-266c-4d37-9c3b-cb0aeab08e64.mp4/playlist.m3u8,https://cheyenne.granicus.com/player/clip/63?view_id=2&redirect=true,https://cheyenne.granicus.com/AgendaViewer.php?view_id=2&clip_id=63,https://cheyenne.granicus.com/MinutesViewer.php?view_id=2&clip_id=63
64,First Regular Meeting,"Jan  5, 2009",2009-01-05,1231142400,00h 43m,https://archive-video.granicus.com/cheyenne/cheyenne_aa341e0f-4b32-4b06-88d8-30b5fe93387d.mp4,https://archive-stream.granicus.com/OnDemand/_definst_/mp4:archive/cheyenne/cheyenne_aa341e0f-4b32-4b06-88d8-30b5fe93387d.mp4/playlist.m3u8,https://cheyenne.granicus.com/player/clip/64?view_id=2&redirect=true,https://cheyenne.granicus.com/AgendaViewer.php?view_id=2&clip_id=64,https://cheyenne.granicus.com/MinutesViewer.php?view_id=2&clip_id=64
59,Cheyenne City Council,"Dec 22, 2008",2008-12-22,1229932800,02h 05m,https://archive-video.granicus.com/cheyenne/cheyenne_af02e901-13d1-47ab-8edf-109963063dea.mp4,https://archive-stream.granicus.com/OnDemand/_definst_/mp4:archive/cheyenne/cheyenne_af02e901-13d1-47ab-8edf-109963063dea.mp4/playlist.m3u8,https://cheyenne.granicus.com/player/clip/59?view_id=2&redirect=true,https://cheyenne.granicus.com/AgendaViewer.php?view_id=2&clip_id=59,https://cheyenne.granicus.com/MinutesViewer.php?view_id=2&clip_id=59
57,Cheyenne City Council,"Dec  8, 2008",2008-12-08,1228723200,01h 50m,https://archive-video.granicus.com/cheyenne/cheyenne_8da31fd4-868f-4ff3-a5db-1c4089518d99.mp4,https://archive-stream.granicus.com/OnDemand/_definst_/mp4:archive/cheyenne/cheyenne_8da31fd4-868f-4ff3-a5db-1c4089518d99.mp4/playlist.m3u8,https://cheyenne.granicus.com/player/clip/57?view_id=2&redirect=true,https://cheyenne.granicus.com/AgendaViewer.php?view_id=2&clip_id=57,https://cheyenne.granicus.com/MinutesViewer.php?view_id=2&clip_id=57
55,Cheyenne City Council,"Nov 24, 2008",2008-11-24,1227513600,03h 06m,https://archive-video.granicus.com/cheyenne/cheyenne_aa466152-1f25-4514-94d9-876b7eb18993.mp4,https://archive-stream.granicus.com/OnDemand/_definst_/mp4:archive/cheyenne/cheyenne_aa466152-1f25-4514-94d9-876b7eb18993.mp4/playlist.m3u8,https://cheyenne.granicus.com/player/clip/55?view_id=2&redirect=true,https://cheyenne.granicus.com/AgendaViewer.php?view_id=2&clip_id=55,https://cheyenne.granicus.com/MinutesViewer.php?view_id=2&clip_id=55
53,Cheyenne City Council,"Nov 10, 2008",2008-11-10,1226304000,01h 06m,https://archive-video.granicus.com/cheyenne/cheyenne_7673b6b1-0429-4228-95ed-8f501a4e957a.mp4,https://archive-stream.granicus.com/OnDemand/_definst_/mp4:archive/cheyenne/cheyenne_7673b6b1-0429-4228-95ed-8f501a4e957a.mp4/playlist.m3u8,https://cheyenne.granicus.com/player/clip/53?view_id=2&redirect=true,https://cheyenne.granicus.com/AgendaViewer.php?view_id=2&clip_id=53,https://cheyenne.granicus.com/MinutesViewer.php?view_id=2&clip_id=53
51,Cheyenne City Council,"Oct 27, 2008",2008-10-27,1225090800,05h 55m,https://archive-video.granicus.com/cheyenne/cheyenne_0252b91b-f688-4347-bcb0-eaba94cdf78c.mp4,https://archive-stream.granicus.com/OnDemand/_definst_/mp4:archive/cheyenne/cheyenne_0252b91b-f688-4347-bcb0-eaba94cdf78c.mp4/playlist.m3u8,https://cheyenne.granicus.com/player/clip/51?view_id=2&redirect=true,https://cheyenne.granicus.com/AgendaViewer.php?view_id=2&clip_id=51,https://cheyenne.granicus.com/MinutesViewer.php?view_id=2&clip_id=51
48,Cheyenne City Council,"Oct 13, 2008",2008-10-13,1223881200,05h 39m,https://archive-video.granicus.com/cheyenne/cheyenne_3bdbd8b5-4b9e-4fcb-a6ed-eb1d614d8194.mp4,https://archive-stream.granicus.com/OnDemand/_definst_/mp4:archive/cheyenne/cheyenne_3bdbd8b5-4b9e-4fcb-a6ed-eb1d614d8194.mp4/playlist.m3u8,https://cheyenne.granicus.com/player/clip/48?view_id=2&redirect=true,https://cheyenne.granicus.com/AgendaViewer.php?view_id=2&clip_id=48,https://cheyenne.granicus.com/MinutesViewer.php?view_id=2&clip_id=48
45,Cheyenne City Council,"Sep 22, 2008",2008-09-22,1222066800,03h 24m,https://archive-video.granicus.com/cheyenne/cheyenne_0399ab6b-b219-48c8-a816-24475ac80489.mp4,https://archive-stream.granicus.com/OnDemand/_definst_/mp4:archive/cheyenne/cheyenne_0399ab6b-b219-48c8-a816-24475ac80489.mp4/playlist.m3u8,https://cheyenne.granicus.com/player/clip/45?view_id=2&redirect=true,https://cheyenne.granicus.com/AgendaViewer.php?view_id=2&clip_id=45,https://cheyenne.granicus.com/MinutesViewer.php?view_id=2&clip_id=45
43,Cheyenne City Council,"Sep  8, 2008",2008-09-08,1220857200,04h 23m,https://archive-video.granicus.com/cheyenne/cheyenne_848da479-22b0-4785-bf52-15d82e06a1e8.mp4,https://archive-stream.granicus.com/OnDemand/_definst_/mp4:archive/cheyenne/cheyenne_848da479-22b0-4785-bf52-15d82e06a1e8.mp4/playlist.m3u8,https://cheyenne.granicus.com/player/clip/43?view_id=2&redirect=true,https://cheyenne.granicus.com/AgendaViewer.php?view_id=2&clip_id=43,https://cheyenne.granicus.com/MinutesViewer.php?view_id=2&clip_id=43
41,Cheyenne City Council,"Aug 25, 2008",2008-08-25,1219647600,06h 14m,https://archive-video.granicus.com/cheyenne/cheyenne_e3d978b5-9dca-48ec-85bb-fcb2b318b242.mp4,https://archive-stream.granicus.com/OnDemand/_definst_/mp4:archive/cheyenne/cheyenne_e3d978b5-9dca-48ec-85bb-fcb2b318b242.mp4/playlist.m3u8,https://cheyenne.granicus.com/player/clip/41?view_id=2&redirect=true,https://cheyenne.granicus.com/AgendaViewer.php?view_id=2&clip_id=41,https://cheyenne.granicus.com/MinutesViewer.php?view_id=2&clip_id=41
39,Cheyenne City Council,"Aug 11, 2008",2008-08-11,1218438000,04h 28m,https://archive-video.granicus.com/cheyenne/cheyenne_132c7574-7957-414c-908c-742413ebb8c7.mp4,https://archive-stream.granicus.com/OnDemand/_definst_/mp4:archive/cheyenne/cheyenne_132c7574-7957-414c-908c-742413ebb8c7.mp4/playlist.m3u8,https://cheyenne.granicus.com/player/clip/39?view_id=2&redirect=true,https://cheyenne.granicus.com/AgendaViewer.php?view_id=2&clip_id=39,https://cheyenne.granicus.com/MinutesViewer.php?view_id=2&clip_id=39
36,Cheyenne City Council,"Jul 28, 2008",2008-07-28,1217228400,01h 13m,https://archive-video.granicus.com/cheyenne/cheyenne_e61aecc4-c83b-4688-8088-0027eb21b8b1.mp4,https://archive-stream.granicus.com/OnDemand/_definst_/mp4:archive/cheyenne/cheyenne_e61aecc4-c83b-4688-8088-0027eb21b8b1.mp4/playlist.m3u8,https://cheyenne.granicus.com/player/clip/36?view_id=2&redirect=true,https://cheyenne.granicus.com/AgendaViewer.php?view_id=2&clip_id=36,https://cheyenne.granicus.com/MinutesViewer.php?view_id=2&clip_id=36
34,Cheyenne City Council,"Jul 14, 2008",2008-07-14,1216018800,02h 26m,https://archive-video.granicus.com/cheyenne/cheyenne_99a97e27-b8e6-47a6-9bd2-556b8f494bcf.mp4,https://archive-stream.granicus.com/OnDemand/_definst_/mp4:archive/cheyenne/cheyenne_99a97e27-b8e6-47a6-9bd2-556b8f494bcf.mp4/playlist.m3u8,https://cheyenne.granicus.com/player/clip/34?view_id=2&redirect=true,https://cheyenne.granicus.com/AgendaViewer.php?view_id=2&clip_id=34,https://cheyenne.granicus.com/MinutesViewer.php?view_id=2&clip_id=34
31,Cheyenne City Council,"Jun 23, 2008",2008-06-23,1214204400,02h 34m,https://archive-video.granicus.com/cheyenne/cheyenne_00347e40-d2e3-4d26-9cfd-2b9823d8f9d4.mp4,https://archive-stream.granicus.com/OnDemand/_definst_/mp4:archive/cheyenne/cheyenne_00347e40-d2e3-4d26-9cfd-2b9823d8f9d4.mp4/playlist.m3u8,https://cheyenne.granicus.com/player/clip/31?view_id=2&redirect=true,https://cheyenne.granicus.com/AgendaViewer.php?view_id=2&clip_id=31,https://cheyenne.granicus.com/MinutesViewer.php?view_id=2&clip_id=31
28,Cheyenne City Council,"Jun  9, 2008",2008-06-09,1212994800,02h 27m,https://archive-video.granicus.com/cheyenne/cheyenne_0395a033-06af-41d3-8760-aa8efe3350c5.mp4,https://archive-stream.granicus.com/OnDemand/_definst_/mp4:archive/cheyenne/cheyenne_0395a033-06af-41d3-8760-aa8efe3350c5.mp4/playlist.m3u8,https://cheyenne.granicus.com/player/clip/28?view_id=2&redirect=true,https://cheyenne.granicus.com/AgendaViewer.php?view_id=2&clip_id=28,https://cheyenne.granicus.com/MinutesViewer.php?view_id=2&clip_id=28
24,Cheyenne City Council,"May 27, 2008",2008-05-27,1211871600,01h 25m,https://archive-video.granicus.com/cheyenne/cheyenne_2af60ac5-bd05-4102-a4f0-373fb7bf41a7.mp4,https://archive-stream.granicus.com/OnDemand/_definst_/mp4:archive/cheyenne/cheyenne_2af60ac5-bd05-4102-a4f0-373fb7bf41a7.mp4/playlist.m3u8,https://cheyenne.granicus.com/player/clip/24?view_id=2&redirect=true,https://cheyenne.granicus.com/AgendaViewer.php?view_id=2&clip_id=24,https://cheyenne.granicus.com/MinutesViewer.php?view_id=2&clip_id=24
